time,open,high,low,close,tick_volume
1777582800,1.36018,1.36124,1.36009,1.36100,2384
1777583700,1.36099,1.36107,1.36008,1.36052,1997
1777584600,1.36052,1.36102,1.36038,1.36081,2051
1777585500,1.36081,1.36106,1.36040,1.36041,2493
1777586400,1.36040,1.36074,1.36019,1.36060,1965
1777587300,1.36060,1.36086,1.36047,1.36069,901
1777588200,1.36069,1.36094,1.36028,1.36030,1175
1777589100,1.36030,1.36066,1.36006,1.36032,1368
1777590000,1.36040,1.36072,1.36037,1.36060,100
1777590900,1.36069,1.36078,1.36018,1.36023,127
1777591800,1.36024,1.36030,1.36018,1.36026,226
1777592700,1.36028,1.36064,1.36024,1.36050,564
1777593600,1.36078,1.36088,1.36045,1.36046,231
1777594500,1.36045,1.36058,1.36044,1.36052,285
1777595400,1.36054,1.36058,1.36026,1.36036,354
1777596300,1.36036,1.36040,1.36026,1.36038,357
1777597200,1.36038,1.36064,1.36038,1.36053,731
1777598100,1.36052,1.36064,1.36047,1.36057,502
1777599000,1.36058,1.36070,1.36036,1.36037,661
1777599900,1.36037,1.36056,1.36021,1.36021,1032
1777600800,1.36027,1.36051,1.35994,1.36006,2906
1777601700,1.36006,1.36031,1.36001,1.36009,2548
1777602600,1.36009,1.36054,1.36007,1.36036,2076
1777603500,1.36036,1.36065,1.36007,1.36038,2463
1777604400,1.36038,1.36042,1.35998,1.36031,1887
1777605300,1.36031,1.36052,1.35994,1.36034,1920
1777606200,1.36034,1.36072,1.36033,1.36044,1696
1777607100,1.36044,1.36074,1.36032,1.36065,1576
1777608000,1.36064,1.36093,1.36056,1.36071,1280
1777608900,1.36071,1.36093,1.36069,1.36073,869
1777609800,1.36073,1.36090,1.36039,1.36043,1597
1777610700,1.36043,1.36069,1.36009,1.36064,1559
1777611600,1.36065,1.36092,1.36053,1.36091,1493
1777612500,1.36090,1.36121,1.36079,1.36110,1141
1777613400,1.36110,1.36113,1.36040,1.36044,1747
1777614300,1.36044,1.36054,1.36011,1.36025,1306
1777615200,1.36025,1.36049,1.35982,1.36003,1912
1777616100,1.36002,1.36005,1.35961,1.35962,1063
1777617000,1.35962,1.35993,1.35959,1.35977,1054
1777617900,1.35977,1.35984,1.35965,1.35974,609
1777618800,1.35973,1.35981,1.35947,1.35949,880
1777619700,1.35948,1.35952,1.35920,1.35932,972
1777620600,1.35932,1.35953,1.35916,1.35930,1121
1777621500,1.35930,1.35940,1.35886,1.35891,1378
1777622400,1.35892,1.35933,1.35886,1.35901,1691
1777623300,1.35901,1.35936,1.35868,1.35919,1913
1777624200,1.35919,1.35972,1.35889,1.35964,2138
1777625100,1.35964,1.36228,1.35964,1.36109,5550
1777626000,1.36110,1.36140,1.36052,1.36091,5483
1777626900,1.36091,1.36120,1.36058,1.36112,3740
1777627800,1.36112,1.36119,1.36025,1.36079,3494
1777628700,1.36080,1.36148,1.35990,1.36049,3083
1777629600,1.36049,1.36090,1.36008,1.36010,2930
1777630500,1.36010,1.36121,1.36009,1.36081,2179
1777631400,1.36081,1.36102,1.36047,1.36093,1860
1777632300,1.36093,1.36122,1.36060,1.36083,1709
1777633200,1.36084,1.36100,1.36021,1.36024,1971
1777634100,1.36024,1.36036,1.35935,1.35946,1847
1777635000,1.35946,1.36019,1.35941,1.36007,1323
1777635900,1.36007,1.36010,1.35919,1.35932,1572
1777636800,1.35932,1.36059,1.35920,1.36055,1495
1777637700,1.36055,1.36103,1.36054,1.36091,1266
1777638600,1.36091,1.36093,1.36027,1.36049,1536
1777639500,1.36049,1.36085,1.36038,1.36061,1489
1777640400,1.36063,1.36145,1.36061,1.36144,1714
1777641300,1.36143,1.36228,1.36130,1.36194,1827
1777642200,1.36194,1.36209,1.36123,1.36129,1756
1777643100,1.36129,1.36203,1.36082,1.36202,1719
1777644000,1.36202,1.36363,1.36158,1.36317,3516
1777644900,1.36317,1.36432,1.36305,1.36399,3295
1777645800,1.36398,1.36410,1.36314,1.36320,2761
1777646700,1.36320,1.36347,1.36289,1.36299,2236
1777647600,1.36296,1.36368,1.36291,1.36319,2788
1777648500,1.36319,1.36339,1.36255,1.36278,2498
1777649400,1.36277,1.36296,1.36233,1.36253,4374
1777650300,1.36253,1.36398,1.36165,1.36372,5019
1777651200,1.36376,1.36565,1.36363,1.36510,6248
1777652100,1.36510,1.36578,1.36459,1.36498,4684
1777653000,1.36498,1.36499,1.36319,1.36366,4137
1777653900,1.36366,1.36393,1.36176,1.36235,4330
1777654800,1.36235,1.36299,1.36203,1.36293,4466
1777655700,1.36292,1.36305,1.36219,1.36247,2645
1777656600,1.36247,1.36296,1.36206,1.36234,3552
1777657500,1.36235,1.36288,1.36144,1.36193,4386
1777658400,1.36193,1.36222,1.36147,1.36194,3079
1777659300,1.36193,1.36233,1.36080,1.36096,4789
1777660200,1.36096,1.36113,1.36039,1.36057,3304
1777661100,1.36058,1.36060,1.35989,1.35992,2285
1777662000,1.35992,1.36018,1.35960,1.35978,2057
1777662900,1.35978,1.35991,1.35946,1.35964,2188
1777663800,1.35965,1.35966,1.35888,1.35896,2451
1777664700,1.35896,1.35980,1.35887,1.35938,2901
1777665600,1.35938,1.35950,1.35822,1.35833,2985
1777666500,1.35833,1.35844,1.35753,1.35796,2261
1777667400,1.35795,1.35836,1.35763,1.35825,2776
1777668300,1.35825,1.35855,1.35804,1.35825,2350
1777669200,1.35825,1.35835,1.35801,1.35811,1614
1777670100,1.35810,1.35824,1.35800,1.35801,1541
1777671000,1.35801,1.35803,1.35771,1.35775,1656
1777671900,1.35775,1.35782,1.35730,1.35733,1510
1777672800,1.35733,1.35750,1.35723,1.35728,1164
1777673700,1.35729,1.35731,1.35710,1.35712,783
1777674600,1.35712,1.35737,1.35687,1.35723,1338
1777675500,1.35723,1.35775,1.35691,1.35757,2071
1777849200,1.36002,1.36024,1.36002,1.36007,28
1777850100,1.36008,1.36033,1.36002,1.36024,92
1777851000,1.36024,1.36040,1.36021,1.36040,39
1777851900,1.36042,1.36053,1.36012,1.36040,83
1777852800,1.35996,1.36033,1.35901,1.35904,802
1777853700,1.35904,1.35906,1.35844,1.35871,476
1777854600,1.35871,1.35905,1.35866,1.35902,781
1777855500,1.35902,1.35904,1.35869,1.35897,600
1777856400,1.35893,1.35906,1.35871,1.35884,659
1777857300,1.35885,1.35885,1.35851,1.35859,407
1777858200,1.35859,1.35877,1.35813,1.35814,533
1777859100,1.35813,1.35852,1.35801,1.35811,1445
1777860000,1.35811,1.35850,1.35787,1.35820,3041
1777860900,1.35820,1.35833,1.35751,1.35781,2602
1777861800,1.35781,1.35828,1.35773,1.35822,1814
1777862700,1.35823,1.35874,1.35811,1.35868,1835
1777863600,1.35867,1.35873,1.35770,1.35794,2664
1777864500,1.35795,1.35878,1.35765,1.35781,2188
1777865400,1.35781,1.35843,1.35777,1.35830,1740
1777866300,1.35830,1.35849,1.35791,1.35845,1833
1777867200,1.35845,1.35901,1.35820,1.35892,1668
1777868100,1.35892,1.35892,1.35800,1.35802,1619
1777869000,1.35802,1.35844,1.35798,1.35843,1554
1777869900,1.35842,1.35878,1.35838,1.35854,1865
1777870800,1.35850,1.35874,1.35829,1.35855,1639
1777871700,1.35855,1.35865,1.35841,1.35852,1642
1777872600,1.35851,1.35860,1.35826,1.35842,1293
1777873500,1.35842,1.36016,1.35842,1.35978,5823
1777874400,1.35978,1.35991,1.35921,1.35921,2454
1777875300,1.35922,1.35933,1.35869,1.35873,1410
1777876200,1.35873,1.35882,1.35861,1.35867,1182
1777877100,1.35867,1.35884,1.35860,1.35880,1093
1777878000,1.35880,1.35915,1.35863,1.35871,1696
1777878900,1.35872,1.35934,1.35855,1.35869,2253
1777879800,1.35869,1.35904,1.35858,1.35902,1701
1777880700,1.35902,1.35935,1.35891,1.35923,1775
1777881600,1.35922,1.35968,1.35906,1.35960,2335
1777882500,1.35960,1.35986,1.35938,1.35968,2168
1777883400,1.35968,1.35974,1.35826,1.35841,2569
1777884300,1.35840,1.35845,1.35759,1.35809,2704
1777885200,1.35809,1.35810,1.35729,1.35761,3024
1777886100,1.35761,1.35794,1.35688,1.35693,2043
1777887000,1.35693,1.35742,1.35644,1.35672,2130
1777887900,1.35672,1.35717,1.35631,1.35662,2211
1777888800,1.35664,1.35664,1.35593,1.35627,2942
1777889700,1.35627,1.35641,1.35593,1.35615,1957
1777890600,1.35615,1.35674,1.35609,1.35622,1543
1777891500,1.35622,1.35650,1.35601,1.35610,1988
1777892400,1.35611,1.35663,1.35593,1.35617,1890
1777893300,1.35617,1.35626,1.35567,1.35609,1877
1777894200,1.35608,1.35641,1.35600,1.35633,1934
1777895100,1.35633,1.35635,1.35575,1.35591,1841
1777896000,1.35591,1.35599,1.35287,1.35330,5707
1777896900,1.35330,1.35446,1.35234,1.35440,4853
1777897800,1.35441,1.35582,1.35418,1.35512,4662
1777898700,1.35512,1.35534,1.35428,1.35455,2455
1777899600,1.35455,1.35508,1.35378,1.35379,3332
1777900500,1.35379,1.35435,1.35370,1.35431,1979
1777901400,1.35430,1.35432,1.35339,1.35421,2643
1777902300,1.35421,1.35428,1.35378,1.35412,1905
1777903200,1.35412,1.35497,1.35390,1.35488,2633
1777904100,1.35488,1.35620,1.35476,1.35602,3239
1777905000,1.35602,1.35635,1.35553,1.35602,3084
1777905900,1.35602,1.35636,1.35559,1.35573,2735
1777906800,1.35571,1.35664,1.35484,1.35602,5090
1777907700,1.35602,1.35615,1.35524,1.35533,2528
1777908600,1.35533,1.35631,1.35510,1.35600,4427
1777909500,1.35601,1.35660,1.35598,1.35601,3239
1777910400,1.35600,1.35601,1.35502,1.35568,3430
1777911300,1.35567,1.35675,1.35564,1.35656,3477
1777912200,1.35656,1.35694,1.35600,1.35600,2609
1777913100,1.35601,1.35611,1.35529,1.35537,3245
1777914000,1.35536,1.35593,1.35499,1.35527,4293
1777914900,1.35527,1.35580,1.35319,1.35396,6531
1777915800,1.35396,1.35414,1.35297,1.35349,5101
1777916700,1.35349,1.35377,1.35250,1.35328,5183
1777917600,1.35328,1.35365,1.35131,1.35140,5189
1777918500,1.35140,1.35360,1.35123,1.35285,5572
1777919400,1.35285,1.35320,1.35234,1.35234,3976
1777920300,1.35233,1.35268,1.35188,1.35189,3056
1777921200,1.35188,1.35335,1.35188,1.35322,3690
1777922100,1.35323,1.35401,1.35316,1.35382,3851
1777923000,1.35382,1.35400,1.35318,1.35339,2886
1777923900,1.35339,1.35361,1.35318,1.35330,1367
1777924800,1.35329,1.35373,1.35319,1.35331,2602
1777925700,1.35331,1.35333,1.35265,1.35301,2583
1777926600,1.35301,1.35320,1.35293,1.35293,1710
1777927500,1.35293,1.35374,1.35257,1.35372,2450
1777928400,1.35371,1.35415,1.35318,1.35385,3173
1777929300,1.35385,1.35425,1.35358,1.35383,2377
1777930200,1.35383,1.35417,1.35373,1.35386,2166
1777931100,1.35386,1.35402,1.35357,1.35371,2246
1777932000,1.35371,1.35371,1.35308,1.35308,1390
1777932900,1.35308,1.35311,1.35268,1.35303,1339
1777933800,1.35304,1.35328,1.35286,1.35326,1178
1777934700,1.35323,1.35328,1.35309,1.35314,533
1777935600,1.35299,1.35356,1.35269,1.35336,45
1777936500,1.35333,1.35352,1.35252,1.35305,433
1777937400,1.35304,1.35355,1.35276,1.35285,782
1777938300,1.35284,1.35340,1.35276,1.35320,1579
1777939200,1.35320,1.35321,1.35276,1.35279,479
1777940100,1.35279,1.35305,1.35268,1.35293,388
1777941000,1.35293,1.35305,1.35291,1.35304,321
1777941900,1.35304,1.35304,1.35280,1.35281,354
1777942800,1.35282,1.35303,1.35281,1.35294,557
1777943700,1.35294,1.35314,1.35293,1.35305,240
1777944600,1.35305,1.35316,1.35303,1.35315,356
1777945500,1.35314,1.35325,1.35308,1.35313,1003
1777946400,1.35313,1.35349,1.35295,1.35334,2009
1777947300,1.35334,1.35335,1.35243,1.35255,1821
1777948200,1.35254,1.35262,1.35232,1.35243,1031
1777949100,1.35244,1.35291,1.35244,1.35248,1149
1777950000,1.35248,1.35251,1.35218,1.35222,1600
1777950900,1.35222,1.35240,1.35180,1.35201,1508
1777951800,1.35201,1.35268,1.35190,1.35230,1926
1777952700,1.35228,1.35273,1.35225,1.35259,1401
1777953600,1.35259,1.35279,1.35253,1.35257,1400
1777954500,1.35257,1.35308,1.35251,1.35294,1034
1777955400,1.35294,1.35311,1.35285,1.35307,1029
1777956300,1.35306,1.35320,1.35255,1.35260,1482
1777957200,1.35260,1.35270,1.35238,1.35266,1049
1777958100,1.35266,1.35273,1.35250,1.35251,918
1777959000,1.35251,1.35252,1.35220,1.35233,837
1777959900,1.35233,1.35243,1.35211,1.35214,922
1777960800,1.35213,1.35252,1.35210,1.35249,752
1777961700,1.35249,1.35264,1.35242,1.35261,1116
1777962600,1.35261,1.35282,1.35232,1.35240,1643
1777963500,1.35240,1.35240,1.35150,1.35158,1572
1777964400,1.35158,1.35193,1.35138,1.35181,1738
1777965300,1.35182,1.35222,1.35162,1.35194,1459
1777966200,1.35193,1.35253,1.35180,1.35236,2496
1777967100,1.35235,1.35250,1.35178,1.35193,2050
1777968000,1.35192,1.35285,1.35173,1.35261,3255
1777968900,1.35261,1.35274,1.35148,1.35218,2470
1777969800,1.35217,1.35355,1.35214,1.35314,2535
1777970700,1.35318,1.35363,1.35294,1.35313,2643
1777971600,1.35317,1.35403,1.35315,1.35370,3214
1777972500,1.35370,1.35412,1.35358,1.35359,2141
1777973400,1.35360,1.35482,1.35349,1.35411,3496
1777974300,1.35412,1.35429,1.35375,1.35381,2677
1777975200,1.35381,1.35447,1.35377,1.35430,2778
1777976100,1.35430,1.35508,1.35428,1.35471,2308
1777977000,1.35469,1.35490,1.35379,1.35401,2173
1777977900,1.35400,1.35462,1.35387,1.35422,2189
1777978800,1.35421,1.35465,1.35361,1.35401,2980
1777979700,1.35400,1.35410,1.35323,1.35382,2488
1777980600,1.35382,1.35461,1.35381,1.35443,2200
1777981500,1.35443,1.35470,1.35393,1.35421,2240
1777982400,1.35421,1.35433,1.35383,1.35422,1794
1777983300,1.35422,1.35503,1.35410,1.35495,1618
1777984200,1.35494,1.35514,1.35418,1.35430,2364
1777985100,1.35430,1.35463,1.35420,1.35458,1834
1777986000,1.35459,1.35472,1.35358,1.35382,2611
1777986900,1.35382,1.35462,1.35309,1.35451,2276
1777987800,1.35450,1.35472,1.35366,1.35369,2206
1777988700,1.35368,1.35418,1.35349,1.35410,1915
1777989600,1.35410,1.35450,1.35320,1.35424,4341
1777990500,1.35424,1.35499,1.35419,1.35483,2905
1777991400,1.35484,1.35484,1.35399,1.35401,2321
1777992300,1.35402,1.35440,1.35399,1.35439,2555
1777993200,1.35439,1.35574,1.35436,1.35540,3017
1777994100,1.35540,1.35594,1.35508,1.35509,2709
1777995000,1.35511,1.35562,1.35499,1.35503,3390
1777995900,1.35504,1.35582,1.35486,1.35530,3433
1777996800,1.35529,1.35678,1.35509,1.35562,4539
1777997700,1.35563,1.35627,1.35497,1.35593,4791
1777998600,1.35594,1.35660,1.35547,1.35630,3860
1777999500,1.35630,1.35651,1.35542,1.35644,4214
1778000400,1.35645,1.35699,1.35616,1.35676,3566
1778001300,1.35676,1.35681,1.35616,1.35658,3509
1778002200,1.35658,1.35765,1.35633,1.35751,2858
1778003100,1.35751,1.35785,1.35739,1.35739,2535
1778004000,1.35739,1.35763,1.35670,1.35671,2315
1778004900,1.35670,1.35676,1.35618,1.35640,2409
1778005800,1.35641,1.35648,1.35597,1.35619,2191
1778006700,1.35619,1.35639,1.35549,1.35561,2086
1778007600,1.35561,1.35592,1.35493,1.35499,2043
1778008500,1.35499,1.35527,1.35476,1.35495,1673
1778009400,1.35495,1.35553,1.35488,1.35501,2107
1778010300,1.35501,1.35516,1.35491,1.35507,1630
1778011200,1.35507,1.35531,1.35492,1.35509,1502
1778012100,1.35509,1.35518,1.35499,1.35506,1271
1778013000,1.35506,1.35508,1.35460,1.35489,1436
1778013900,1.35489,1.35523,1.35479,1.35489,1246
1778014800,1.35490,1.35509,1.35465,1.35466,1235
1778015700,1.35465,1.35474,1.35438,1.35439,1243
1778016600,1.35439,1.35457,1.35431,1.35432,1022
1778017500,1.35432,1.35446,1.35409,1.35430,1569
1778018400,1.35429,1.35446,1.35420,1.35422,1191
1778019300,1.35415,1.35423,1.35410,1.35419,613
1778020200,1.35419,1.35419,1.35392,1.35397,452
1778021100,1.35397,1.35412,1.35379,1.35384,584
1778022000,1.35447,1.35452,1.35390,1.35394,134
1778022900,1.35398,1.35451,1.35382,1.35434,382
1778023800,1.35432,1.35472,1.35423,1.35439,961
1778024700,1.35439,1.35475,1.35399,1.35410,818
1778025600,1.35416,1.35435,1.35416,1.35423,413
1778026500,1.35423,1.35423,1.35388,1.35398,380
1778027400,1.35398,1.35411,1.35391,1.35409,319
1778028300,1.35409,1.35610,1.35402,1.35574,2268
1778029200,1.35574,1.35778,1.35568,1.35762,2441
1778030100,1.35762,1.35801,1.35708,1.35709,1647
1778031000,1.35709,1.35740,1.35691,1.35692,1232
1778031900,1.35692,1.35715,1.35674,1.35679,1336
1778032800,1.35684,1.35713,1.35662,1.35673,3691
1778033700,1.35672,1.35741,1.35650,1.35687,3071
1778034600,1.35687,1.35770,1.35677,1.35751,2989
1778035500,1.35750,1.35775,1.35729,1.35748,2400
1778036400,1.35748,1.35766,1.35729,1.35739,2644
1778037300,1.35739,1.35803,1.35733,1.35769,2468
1778038200,1.35769,1.35782,1.35728,1.35778,2566
1778039100,1.35778,1.35794,1.35739,1.35741,2200
1778040000,1.35740,1.35782,1.35737,1.35741,2224
1778040900,1.35741,1.35759,1.35703,1.35707,1877
1778041800,1.35707,1.35713,1.35669,1.35671,1273
1778042700,1.35670,1.35696,1.35661,1.35686,1438
1778043600,1.35685,1.35720,1.35680,1.35701,1775
1778044500,1.35701,1.35715,1.35677,1.35683,1566
1778045400,1.35683,1.35715,1.35651,1.35691,1672
1778046300,1.35692,1.35699,1.35639,1.35649,2090
1778047200,1.35649,1.35659,1.35634,1.35654,1306
1778048100,1.35653,1.35792,1.35636,1.35789,2468
1778049000,1.35791,1.35938,1.35780,1.35833,5963
1778049900,1.35833,1.35958,1.35815,1.35894,5352
1778050800,1.35894,1.35916,1.35872,1.35881,3631
1778051700,1.35881,1.35882,1.35831,1.35872,2615
1778052600,1.35872,1.35888,1.35840,1.35844,1538
1778053500,1.35844,1.35868,1.35833,1.35864,1795
1778054400,1.35866,1.35886,1.35822,1.35848,3155
1778055300,1.35848,1.35903,1.35834,1.35872,2382
1778056200,1.35872,1.35877,1.35812,1.35851,2948
1778057100,1.35850,1.35902,1.35849,1.35891,2562
1778058000,1.35891,1.35930,1.35843,1.35847,3453
1778058900,1.35846,1.35908,1.35836,1.35898,2714
1778059800,1.35898,1.35915,1.35840,1.35902,2784
1778060700,1.35901,1.35994,1.35898,1.35988,3680
1778061600,1.35988,1.36023,1.35929,1.35930,4046
1778062500,1.35930,1.36020,1.35921,1.36006,2643
1778063400,1.36006,1.36143,1.36006,1.36114,3019
1778064300,1.36114,1.36346,1.36109,1.36259,6021
1778065200,1.36259,1.36282,1.36139,1.36175,4054
1778066100,1.36175,1.36253,1.36166,1.36232,3584
1778067000,1.36232,1.36291,1.36199,1.36234,3471
1778067900,1.36234,1.36272,1.36212,1.36260,3449
1778068800,1.36261,1.36284,1.36163,1.36164,3716
1778069700,1.36164,1.36190,1.36138,1.36176,3322
1778070600,1.36176,1.36277,1.36160,1.36270,3369
1778071500,1.36270,1.36436,1.36227,1.36372,5267
1778072400,1.36372,1.36417,1.36269,1.36303,4341
1778073300,1.36302,1.36422,1.36296,1.36380,3503
1778074200,1.36381,1.36414,1.36262,1.36282,3801
1778075100,1.36282,1.36296,1.36202,1.36235,4091
1778076000,1.36235,1.36242,1.36082,1.36113,4537
1778076900,1.36112,1.36214,1.36079,1.36192,4852
1778077800,1.36194,1.36227,1.36119,1.36164,3506
1778078700,1.36164,1.36166,1.36090,1.36117,3515
1778079600,1.36117,1.36174,1.36024,1.36108,5415
1778080500,1.36108,1.36141,1.36050,1.36051,3757
1778081400,1.36051,1.36125,1.36008,1.36060,5074
1778082300,1.36061,1.36109,1.36041,1.36078,4308
1778083200,1.36078,1.36091,1.36027,1.36032,4299
1778084100,1.36032,1.36048,1.35989,1.36003,3497
1778085000,1.36003,1.36180,1.35996,1.36179,4106
1778085900,1.36179,1.36196,1.36039,1.36040,4426
1778086800,1.36040,1.36043,1.35941,1.35955,3876
1778087700,1.35955,1.36014,1.35955,1.35995,3414
1778088600,1.35998,1.36045,1.35974,1.36008,3299
1778089500,1.36009,1.36029,1.35940,1.35956,3123
1778090400,1.35954,1.35963,1.35845,1.35914,2989
1778091300,1.35913,1.35936,1.35882,1.35902,2263
1778092200,1.35903,1.35933,1.35894,1.35908,1877
1778093100,1.35908,1.35908,1.35788,1.35837,3176
1778094000,1.35837,1.35972,1.35816,1.35948,2693
1778094900,1.35948,1.35995,1.35924,1.35961,1996
1778095800,1.35961,1.35964,1.35872,1.35880,1882
1778096700,1.35879,1.35936,1.35853,1.35925,2272
1778097600,1.35925,1.35946,1.35898,1.35911,2135
1778098500,1.35911,1.35940,1.35901,1.35913,1476
1778099400,1.35912,1.35934,1.35904,1.35913,1326
1778100300,1.35913,1.35974,1.35891,1.35941,1768
1778101200,1.35940,1.35972,1.35931,1.35966,1741
1778102100,1.35966,1.35993,1.35955,1.35961,1428
1778103000,1.35961,1.35961,1.35922,1.35925,1499
1778103900,1.35925,1.35957,1.35921,1.35933,1996
1778104800,1.35932,1.35953,1.35922,1.35945,1233
1778105700,1.35946,1.35958,1.35939,1.35941,832
1778106600,1.35941,1.35942,1.35904,1.35906,765
1778107500,1.35906,1.35943,1.35897,1.35936,806
1778108400,1.35945,1.35950,1.35939,1.35950,74
1778109300,1.35946,1.35985,1.35931,1.35955,264
1778110200,1.35955,1.35959,1.35919,1.35939,526
1778111100,1.35939,1.35965,1.35912,1.35934,1552
1778112000,1.35925,1.35946,1.35922,1.35939,312
1778112900,1.35939,1.35949,1.35920,1.35931,383
1778113800,1.35931,1.35946,1.35928,1.35946,634
1778114700,1.35946,1.35952,1.35937,1.35947,412
1778115600,1.35947,1.35967,1.35940,1.35964,395
1778116500,1.35964,1.35966,1.35932,1.35936,349
1778117400,1.35936,1.35944,1.35930,1.35940,482
1778118300,1.35940,1.35951,1.35908,1.35913,694
1778119200,1.35913,1.35993,1.35901,1.35993,3656
1778120100,1.35992,1.35993,1.35903,1.35917,2287
1778121000,1.35917,1.35931,1.35900,1.35920,2402
1778121900,1.35919,1.35931,1.35906,1.35923,1838
1778122800,1.35922,1.36021,1.35904,1.36000,2383
1778123700,1.36000,1.36043,1.35998,1.36042,3008
1778124600,1.36042,1.36080,1.36026,1.36073,2327
1778125500,1.36074,1.36084,1.36044,1.36052,2069
1778126400,1.36052,1.36085,1.36016,1.36021,2309
1778127300,1.36022,1.36042,1.36009,1.36033,1972
1778128200,1.36033,1.36049,1.36014,1.36034,1923
1778129100,1.36034,1.36049,1.36029,1.36035,1666
1778130000,1.36035,1.36035,1.35992,1.35994,1215
1778130900,1.35994,1.36024,1.35991,1.35995,1272
1778131800,1.35995,1.35995,1.35961,1.35974,1668
1778132700,1.35974,1.35975,1.35929,1.35929,1385
1778133600,1.35930,1.35963,1.35914,1.35954,1458
1778134500,1.35954,1.35998,1.35953,1.35984,1258
1778135400,1.35985,1.36013,1.35979,1.35990,1211
1778136300,1.35990,1.35998,1.35966,1.35977,1193
1778137200,1.35975,1.36002,1.35966,1.35996,1216
1778138100,1.35997,1.35998,1.35951,1.35965,1240
1778139000,1.35963,1.35989,1.35962,1.35973,1572
1778139900,1.35974,1.35982,1.35942,1.35949,1565
1778140800,1.35948,1.35965,1.35920,1.35937,2522
1778141700,1.35936,1.35974,1.35926,1.35930,2573
1778142600,1.35931,1.36086,1.35911,1.36082,3354
1778143500,1.36079,1.36083,1.35977,1.36002,3099
1778144400,1.36001,1.36225,1.35999,1.36217,4373
1778145300,1.36218,1.36248,1.36144,1.36194,4259
1778146200,1.36194,1.36219,1.36145,1.36172,3574
1778147100,1.36173,1.36212,1.36151,1.36210,3332
1778148000,1.36210,1.36242,1.36191,1.36213,2881
1778148900,1.36213,1.36218,1.36147,1.36205,3529
1778149800,1.36205,1.36225,1.36179,1.36202,1919
1778150700,1.36202,1.36246,1.36190,1.36224,2105
1778151600,1.36224,1.36224,1.36175,1.36212,2519
1778152500,1.36211,1.36229,1.36180,1.36199,2246
1778153400,1.36199,1.36241,1.36193,1.36221,1948
1778154300,1.36221,1.36236,1.36178,1.36191,2389
1778155200,1.36191,1.36250,1.36171,1.36240,2417
1778156100,1.36240,1.36294,1.36231,1.36291,2276
1778157000,1.36291,1.36306,1.36251,1.36279,2245
1778157900,1.36279,1.36285,1.36200,1.36201,2941
1778158800,1.36201,1.36244,1.36124,1.36131,2145
1778159700,1.36131,1.36153,1.36095,1.36111,2211
1778160600,1.36111,1.36194,1.36106,1.36140,2339
1778161500,1.36140,1.36181,1.36119,1.36180,2222
1778162400,1.36181,1.36243,1.36180,1.36230,2886
1778163300,1.36229,1.36263,1.36171,1.36238,3085
1778164200,1.36240,1.36290,1.36211,1.36280,2507
1778165100,1.36280,1.36290,1.36225,1.36236,2997
1778166000,1.36236,1.36243,1.36183,1.36224,3986
1778166900,1.36224,1.36273,1.36211,1.36263,3054
1778167800,1.36263,1.36284,1.36203,1.36280,3692
1778168700,1.36281,1.36290,1.36156,1.36191,4519
1778169600,1.36192,1.36230,1.36139,1.36221,3920
1778170500,1.36220,1.36240,1.36167,1.36212,3086
1778171400,1.36215,1.36244,1.36157,1.36184,2995
1778172300,1.36184,1.36311,1.36179,1.36302,3932
1778173200,1.36302,1.36324,1.36253,1.36255,3648
1778174100,1.36255,1.36295,1.36096,1.36129,4422
1778175000,1.36129,1.36193,1.36121,1.36160,4247
1778175900,1.36160,1.36172,1.36071,1.36081,3800
1778176800,1.36080,1.36100,1.36006,1.36017,4160
1778177700,1.36017,1.36065,1.35970,1.36049,3914
1778178600,1.36049,1.36052,1.35965,1.35971,2877
1778179500,1.35971,1.35971,1.35907,1.35943,2665
1778180400,1.35942,1.35952,1.35896,1.35910,2614
1778181300,1.35910,1.35913,1.35761,1.35767,3944
1778182200,1.35767,1.35803,1.35690,1.35758,4911
1778183100,1.35757,1.35834,1.35734,1.35833,3487
1778184000,1.35831,1.35848,1.35787,1.35821,2931
1778184900,1.35821,1.35843,1.35812,1.35825,1990
1778185800,1.35824,1.35848,1.35715,1.35752,3134
1778186700,1.35752,1.35804,1.35701,1.35804,3851
1778187600,1.35807,1.35848,1.35758,1.35817,2993
1778188500,1.35817,1.35828,1.35676,1.35725,3698
1778189400,1.35725,1.35803,1.35722,1.35770,1735
1778190300,1.35769,1.35781,1.35620,1.35625,2854
1778191200,1.35624,1.35758,1.35612,1.35678,2401
1778192100,1.35679,1.35681,1.35616,1.35633,1171
1778193000,1.35632,1.35640,1.35521,1.35545,2463
1778193900,1.35548,1.35553,1.35481,1.35502,1796
1778194800,1.35556,1.35585,1.35556,1.35565,52
1778195700,1.35567,1.35595,1.35519,1.35551,208
1778196600,1.35550,1.35563,1.35524,1.35536,440
1778197500,1.35537,1.35548,1.35529,1.35546,395
1778198400,1.35519,1.35519,1.35473,1.35499,776
1778199300,1.35492,1.35543,1.35489,1.35515,1404
1778200200,1.35515,1.35522,1.35474,1.35482,778
1778201100,1.35482,1.35491,1.35472,1.35474,444
1778202000,1.35474,1.35494,1.35472,1.35490,586
1778202900,1.35491,1.35514,1.35490,1.35510,496
1778203800,1.35511,1.35534,1.35501,1.35534,581
1778204700,1.35534,1.35562,1.35520,1.35553,958
1778205600,1.35553,1.35612,1.35543,1.35568,3167
1778206500,1.35567,1.35568,1.35487,1.35533,2814
1778207400,1.35532,1.35565,1.35526,1.35531,1987
1778208300,1.35531,1.35539,1.35507,1.35509,1849
1778209200,1.35509,1.35570,1.35509,1.35561,2427
1778210100,1.35561,1.35590,1.35539,1.35571,2065
1778211000,1.35572,1.35591,1.35547,1.35559,1828
1778211900,1.35560,1.35597,1.35559,1.35585,1639
1778212800,1.35585,1.35606,1.35570,1.35592,1621
1778213700,1.35592,1.35610,1.35568,1.35571,1862
1778214600,1.35572,1.35583,1.35499,1.35529,2498
1778215500,1.35530,1.35605,1.35530,1.35561,1932
1778216400,1.35561,1.35583,1.35553,1.35564,1528
1778217300,1.35564,1.35569,1.35530,1.35541,1210
1778218200,1.35541,1.35603,1.35541,1.35589,1534
1778219100,1.35589,1.35593,1.35539,1.35546,1429
1778220000,1.35546,1.35576,1.35498,1.35563,1496
1778220900,1.35563,1.35586,1.35542,1.35583,1333
1778221800,1.35584,1.35631,1.35572,1.35631,1225
1778222700,1.35630,1.35686,1.35627,1.35653,1707
1778223600,1.35653,1.35695,1.35652,1.35673,1638
1778224500,1.35672,1.35735,1.35670,1.35734,1544
1778225400,1.35734,1.35771,1.35717,1.35736,2129
1778226300,1.35736,1.35753,1.35719,1.35743,1637
1778227200,1.35743,1.35821,1.35729,1.35784,2656
1778228100,1.35784,1.35870,1.35782,1.35870,2177
1778229000,1.35870,1.35905,1.35839,1.35890,2369
1778229900,1.35891,1.35893,1.35846,1.35859,2035
1778230800,1.35859,1.35891,1.35816,1.35817,2432
1778231700,1.35818,1.35841,1.35778,1.35799,2278
1778232600,1.35799,1.35865,1.35782,1.35851,2468
1778233500,1.35851,1.35877,1.35818,1.35819,2076
1778234400,1.35819,1.35875,1.35787,1.35859,2215
1778235300,1.35859,1.36004,1.35859,1.36001,2306
1778236200,1.36001,1.36109,1.35999,1.36097,2349
1778237100,1.36097,1.36154,1.36080,1.36137,2352
1778238000,1.36136,1.36205,1.36131,1.36178,2367
1778238900,1.36178,1.36229,1.36159,1.36161,1955
1778239800,1.36161,1.36182,1.36154,1.36159,1701
1778240700,1.36159,1.36172,1.36124,1.36150,2314
1778241600,1.36150,1.36190,1.36146,1.36171,1686
1778242500,1.36171,1.36175,1.36141,1.36151,1407
1778243400,1.36151,1.36170,1.36114,1.36114,1703
1778244300,1.36114,1.36116,1.36023,1.36032,2754
1778245200,1.36033,1.36057,1.36003,1.36042,2223
1778246100,1.36041,1.36087,1.36033,1.36073,1685
1778247000,1.36072,1.36100,1.36069,1.36086,2148
1778247900,1.36086,1.36136,1.36076,1.36131,2096
1778248800,1.36131,1.36141,1.36087,1.36099,2373
1778249700,1.36098,1.36152,1.36069,1.36119,2201
1778250600,1.36131,1.36245,1.36018,1.36211,4815
1778251500,1.36211,1.36222,1.36128,1.36140,3478
1778252400,1.36140,1.36169,1.36061,1.36083,3635
1778253300,1.36083,1.36221,1.36071,1.36210,3470
1778254200,1.36211,1.36308,1.36201,1.36250,4354
1778255100,1.36250,1.36288,1.36222,1.36257,3332
1778256000,1.36257,1.36270,1.36100,1.36178,4099
1778256900,1.36177,1.36213,1.36112,1.36114,3984
1778257800,1.36112,1.36221,1.36102,1.36192,3601
1778258700,1.36192,1.36278,1.36180,1.36252,3655
1778259600,1.36252,1.36290,1.36185,1.36206,3243
1778260500,1.36205,1.36262,1.36171,1.36262,2834
1778261400,1.36261,1.36296,1.36213,1.36250,3098
1778262300,1.36250,1.36290,1.36231,1.36239,2249
1778263200,1.36237,1.36309,1.36220,1.36241,2732
1778264100,1.36241,1.36283,1.36238,1.36273,1292
1778265000,1.36273,1.36280,1.36166,1.36189,1513
1778265900,1.36189,1.36209,1.36159,1.36173,1994
1778266800,1.36172,1.36202,1.36162,1.36178,1532
1778267700,1.36178,1.36232,1.36175,1.36217,1663
1778268600,1.36217,1.36230,1.36198,1.36205,1509
1778269500,1.36206,1.36238,1.36195,1.36198,1405
1778270400,1.36198,1.36309,1.36180,1.36298,3001
1778271300,1.36298,1.36301,1.36244,1.36259,1193
1778272200,1.36259,1.36266,1.36217,1.36230,1366
1778273100,1.36230,1.36253,1.36193,1.36221,1711
1778274000,1.36221,1.36264,1.36218,1.36252,1602
1778274900,1.36252,1.36266,1.36246,1.36259,1323
1778275800,1.36259,1.36288,1.36244,1.36278,1494
1778276700,1.36278,1.36290,1.36222,1.36283,1770
1778277600,1.36283,1.36329,1.36275,1.36318,1487
1778278500,1.36318,1.36336,1.36308,1.36335,556
1778279400,1.36335,1.36338,1.36298,1.36321,998
1778280300,1.36321,1.36370,1.36288,1.36317,1389
1778454000,1.35588,1.35738,1.35588,1.35680,138
1778454900,1.35680,1.35758,1.35624,1.35737,368
1778455800,1.35737,1.35931,1.35709,1.35823,807
1778456700,1.35824,1.35827,1.35665,1.35690,556
1778457600,1.35750,1.35865,1.35741,1.35836,1187
1778458500,1.35837,1.35850,1.35771,1.35848,901
1778459400,1.35848,1.35876,1.35836,1.35864,753
1778460300,1.35865,1.35901,1.35860,1.35898,462
1778461200,1.35898,1.35923,1.35896,1.35910,513
1778462100,1.35911,1.35951,1.35910,1.35938,593
1778463000,1.35938,1.35969,1.35919,1.35961,727
1778463900,1.35960,1.35971,1.35929,1.35943,1366
1778464800,1.35943,1.35992,1.35923,1.35958,2824
1778465700,1.35958,1.36000,1.35941,1.35990,2401
1778466600,1.35990,1.36012,1.35977,1.35987,1952
1778467500,1.35987,1.35994,1.35910,1.35992,3208
1778468400,1.35992,1.36011,1.35929,1.35971,3127
1778469300,1.35971,1.36000,1.35957,1.35990,2142
1778470200,1.35989,1.35999,1.35902,1.35930,2446
1778471100,1.35930,1.35947,1.35906,1.35932,2044
1778472000,1.35932,1.35965,1.35932,1.35956,1991
1778472900,1.35956,1.35976,1.35942,1.35972,1423
1778473800,1.35970,1.35983,1.35928,1.35933,1860
1778474700,1.35933,1.35950,1.35903,1.35905,1672
1778475600,1.35905,1.35923,1.35885,1.35921,2181
1778476500,1.35922,1.35926,1.35903,1.35915,1869
1778477400,1.35914,1.35935,1.35907,1.35933,1644
1778478300,1.35934,1.35940,1.35890,1.35894,1258
1778479200,1.35895,1.35903,1.35888,1.35899,1518
1778480100,1.35898,1.35903,1.35882,1.35888,1114
1778481000,1.35888,1.35900,1.35850,1.35851,962
1778481900,1.35851,1.35854,1.35792,1.35810,1061
1778482800,1.35810,1.35871,1.35807,1.35863,1478
1778483700,1.35863,1.35888,1.35859,1.35863,1317
1778484600,1.35861,1.35871,1.35815,1.35831,1662
1778485500,1.35831,1.35849,1.35802,1.35841,1862
1778486400,1.35841,1.35947,1.35841,1.35920,2499
1778487300,1.35920,1.35920,1.35806,1.35862,2468
1778488200,1.35862,1.35936,1.35850,1.35926,2606
1778489100,1.35926,1.35992,1.35888,1.35989,2053
1778490000,1.35989,1.36028,1.35963,1.35998,2753
1778490900,1.35998,1.36036,1.35979,1.36006,2002
1778491800,1.36006,1.36029,1.35980,1.36011,1961
1778492700,1.36011,1.36027,1.35967,1.36000,1826
1778493600,1.36002,1.36040,1.35986,1.36022,2230
1778494500,1.36021,1.36148,1.36021,1.36120,2295
1778495400,1.36121,1.36145,1.36088,1.36092,1922
1778496300,1.36092,1.36121,1.36071,1.36079,2081
1778497200,1.36079,1.36126,1.36074,1.36092,1635
1778498100,1.36092,1.36109,1.36063,1.36064,1581
1778499000,1.36064,1.36092,1.36020,1.36044,1677
1778499900,1.36044,1.36050,1.35991,1.35991,1768
1778500800,1.35993,1.35993,1.35912,1.35942,1927
1778501700,1.35942,1.36004,1.35936,1.35997,1589
1778502600,1.35997,1.36045,1.35862,1.35930,2652
1778503500,1.35930,1.36009,1.35858,1.35887,3295
1778504400,1.35887,1.36113,1.35884,1.36101,2939
1778505300,1.36098,1.36129,1.36067,1.36122,1526
1778506200,1.36123,1.36149,1.36080,1.36102,2055
1778507100,1.36102,1.36138,1.36008,1.36070,2289
1778508000,1.36070,1.36081,1.36009,1.36026,2294
1778508900,1.36029,1.36159,1.35997,1.36117,2247
1778509800,1.36117,1.36148,1.36080,1.36111,2503
1778510700,1.36111,1.36114,1.36042,1.36112,2897
1778511600,1.36116,1.36229,1.36109,1.36208,2921
1778512500,1.36208,1.36237,1.36197,1.36210,2267
1778513400,1.36211,1.36297,1.36197,1.36286,3709
1778514300,1.36286,1.36292,1.36234,1.36239,2321
1778515200,1.36239,1.36260,1.36171,1.36246,2655
1778516100,1.36247,1.36284,1.36230,1.36249,3033
1778517000,1.36249,1.36302,1.36174,1.36278,3776
1778517900,1.36278,1.36396,1.36215,1.36393,3847
1778518800,1.36394,1.36445,1.36373,1.36389,3192
1778519700,1.36391,1.36535,1.36386,1.36470,2707
1778520600,1.36469,1.36516,1.36441,1.36459,2607
1778521500,1.36459,1.36524,1.36442,1.36497,3044
1778522400,1.36497,1.36500,1.36448,1.36469,1760
1778523300,1.36469,1.36471,1.36408,1.36419,1498
1778524200,1.36419,1.36473,1.36380,1.36423,2685
1778525100,1.36421,1.36447,1.36378,1.36412,2690
1778526000,1.36411,1.36422,1.36359,1.36414,2365
1778526900,1.36414,1.36444,1.36409,1.36427,1820
1778527800,1.36425,1.36453,1.36410,1.36412,1488
1778528700,1.36412,1.36441,1.36406,1.36428,1288
1778529600,1.36428,1.36444,1.36404,1.36409,1655
1778530500,1.36409,1.36423,1.36362,1.36368,1992
1778531400,1.36368,1.36370,1.36297,1.36297,1740
1778532300,1.36298,1.36314,1.36273,1.36289,1910
1778533200,1.36289,1.36299,1.36270,1.36277,1517
1778534100,1.36276,1.36292,1.36199,1.36220,1450
1778535000,1.36220,1.36252,1.36199,1.36211,1539
1778535900,1.36211,1.36213,1.36167,1.36182,1596
1778536800,1.36182,1.36201,1.36074,1.36128,1373
1778537700,1.36128,1.36155,1.36108,1.36142,861
1778538600,1.36142,1.36151,1.36090,1.36100,897
1778539500,1.36099,1.36149,1.36094,1.36099,806
1778540400,1.36129,1.36132,1.36110,1.36126,102
1778541300,1.36126,1.36139,1.36123,1.36131,614
1778542200,1.36130,1.36140,1.36073,1.36076,356
1778543100,1.36076,1.36088,1.36066,1.36067,369
1778544000,1.36075,1.36089,1.36068,1.36087,408
1778544900,1.36085,1.36099,1.36082,1.36089,405
1778545800,1.36085,1.36098,1.36083,1.36093,320
1778546700,1.36093,1.36095,1.36073,1.36077,377
1778547600,1.36078,1.36103,1.36074,1.36086,470
1778548500,1.36088,1.36090,1.36067,1.36069,328
1778549400,1.36068,1.36084,1.36048,1.36055,423
1778550300,1.36053,1.36066,1.36032,1.36042,882
1778551200,1.36042,1.36043,1.35994,1.36031,2077
1778552100,1.36031,1.36051,1.35992,1.36021,2093
1778553000,1.36021,1.36032,1.35980,1.35982,1682
1778553900,1.35983,1.36005,1.35931,1.35941,2352
1778554800,1.35941,1.35958,1.35910,1.35912,2404
1778555700,1.35912,1.35920,1.35845,1.35853,2786
1778556600,1.35853,1.35920,1.35800,1.35857,3750
1778557500,1.35857,1.35885,1.35832,1.35872,2505
1778558400,1.35872,1.35911,1.35859,1.35895,2414
1778559300,1.35895,1.35898,1.35860,1.35877,1538
1778560200,1.35877,1.35890,1.35856,1.35874,1642
1778561100,1.35873,1.35928,1.35872,1.35909,2062
1778562000,1.35910,1.35920,1.35860,1.35887,1727
1778562900,1.35887,1.35894,1.35845,1.35851,1779
1778563800,1.35851,1.35862,1.35832,1.35860,1790
1778564700,1.35860,1.35862,1.35817,1.35831,1459
1778565600,1.35831,1.35841,1.35799,1.35800,1568
1778566500,1.35800,1.35826,1.35799,1.35813,1412
1778567400,1.35813,1.35867,1.35812,1.35863,1412
1778568300,1.35864,1.35869,1.35842,1.35847,1623
1778569200,1.35847,1.35861,1.35729,1.35742,1853
1778570100,1.35742,1.35782,1.35734,1.35743,1682
1778571000,1.35743,1.35754,1.35713,1.35716,1668
1778571900,1.35717,1.35792,1.35688,1.35742,2886
1778572800,1.35742,1.35799,1.35681,1.35707,3029
1778573700,1.35706,1.35713,1.35587,1.35596,2435
1778574600,1.35598,1.35634,1.35531,1.35542,2536
1778575500,1.35543,1.35557,1.35445,1.35454,2299
1778576400,1.35453,1.35503,1.35323,1.35361,3808
1778577300,1.35362,1.35416,1.35329,1.35361,3427
1778578200,1.35361,1.35366,1.35202,1.35203,3484
1778579100,1.35203,1.35216,1.35148,1.35183,3231
1778580000,1.35183,1.35196,1.35024,1.35035,2745
1778580900,1.35035,1.35367,1.35028,1.35152,3488
1778581800,1.35152,1.35175,1.35061,1.35104,2750
1778582700,1.35104,1.35350,1.35102,1.35303,4865
1778583600,1.35303,1.35355,1.35225,1.35294,2789
1778584500,1.35291,1.35358,1.35261,1.35357,2412
1778585400,1.35357,1.35488,1.35318,1.35387,4627
1778586300,1.35387,1.35446,1.35361,1.35393,3549
1778587200,1.35393,1.35431,1.35369,1.35417,2422
1778588100,1.35417,1.35474,1.35396,1.35470,1921
1778589000,1.35472,1.35532,1.35432,1.35443,2621
1778589900,1.35444,1.35470,1.35329,1.35332,2359
1778590800,1.35332,1.35431,1.35229,1.35322,3348
1778591700,1.35321,1.35390,1.35296,1.35365,2429
1778592600,1.35365,1.35444,1.35360,1.35417,2498
1778593500,1.35417,1.35453,1.35266,1.35326,3028
1778594400,1.35328,1.35334,1.35212,1.35252,3317
1778595300,1.35252,1.35271,1.35185,1.35254,2684
1778596200,1.35258,1.35338,1.35130,1.35336,5056
1778597100,1.35335,1.35434,1.35286,1.35373,4125
1778598000,1.35373,1.35429,1.35289,1.35289,3561
1778598900,1.35290,1.35290,1.35177,1.35230,4110
1778599800,1.35226,1.35314,1.35178,1.35197,5187
1778600700,1.35197,1.35246,1.35073,1.35107,5170
1778601600,1.35108,1.35375,1.35106,1.35321,5980
1778602500,1.35320,1.35337,1.35228,1.35283,4272
1778603400,1.35284,1.35287,1.35198,1.35251,4860
1778604300,1.35250,1.35251,1.35132,1.35243,4640
1778605200,1.35243,1.35253,1.35149,1.35152,4885
1778606100,1.35153,1.35169,1.35002,1.35058,4381
1778607000,1.35060,1.35251,1.35058,1.35244,3733
1778607900,1.35244,1.35290,1.35206,1.35265,3362
1778608800,1.35265,1.35304,1.35230,1.35295,2901
1778609700,1.35295,1.35307,1.35212,1.35230,2715
1778610600,1.35230,1.35258,1.35183,1.35212,2982
1778611500,1.35212,1.35244,1.35151,1.35181,3036
1778612400,1.35180,1.35258,1.35174,1.35229,2807
1778613300,1.35230,1.35286,1.35211,1.35230,2781
1778614200,1.35230,1.35249,1.35207,1.35216,2475
1778615100,1.35216,1.35237,1.35180,1.35231,2577
1778616000,1.35231,1.35253,1.35166,1.35225,2764
1778616900,1.35225,1.35283,1.35220,1.35272,2220
1778617800,1.35272,1.35324,1.35267,1.35288,2064
1778618700,1.35288,1.35332,1.35261,1.35318,1899
1778619600,1.35318,1.35415,1.35318,1.35404,2101
1778620500,1.35404,1.35414,1.35363,1.35384,2220
1778621400,1.35384,1.35442,1.35383,1.35422,1855
1778622300,1.35422,1.35441,1.35391,1.35399,1878
1778623200,1.35399,1.35410,1.35373,1.35394,924
1778624100,1.35393,1.35405,1.35373,1.35374,806
1778625000,1.35373,1.35377,1.35363,1.35367,780
1778625900,1.35367,1.35415,1.35363,1.35411,1025
1778626800,1.35365,1.35405,1.35364,1.35394,109
1778627700,1.35393,1.35408,1.35371,1.35381,300
1778628600,1.35380,1.35418,1.35367,1.35395,403
1778629500,1.35395,1.35403,1.35371,1.35384,464
1778630400,1.35389,1.35424,1.35378,1.35380,347
1778631300,1.35380,1.35404,1.35380,1.35397,448
1778632200,1.35398,1.35409,1.35393,1.35400,288
1778633100,1.35401,1.35413,1.35400,1.35403,250
1778634000,1.35404,1.35427,1.35400,1.35403,372
1778634900,1.35403,1.35403,1.35388,1.35403,399
1778635800,1.35403,1.35410,1.35368,1.35370,492
1778636700,1.35370,1.35384,1.35348,1.35352,1328
1778637600,1.35353,1.35391,1.35311,1.35313,2809
1778638500,1.35313,1.35370,1.35312,1.35336,2658
1778639400,1.35336,1.35353,1.35313,1.35342,2403
1778640300,1.35342,1.35373,1.35304,1.35368,2274
1778641200,1.35368,1.35387,1.35310,1.35311,2426
1778642100,1.35311,1.35370,1.35284,1.35357,2838
1778643000,1.35356,1.35401,1.35343,1.35393,2390
1778643900,1.35394,1.35457,1.35390,1.35413,2007
1778644800,1.35412,1.35463,1.35386,1.35388,2209
1778645700,1.35388,1.35394,1.35368,1.35392,1365
1778646600,1.35392,1.35411,1.35379,1.35396,1649
1778647500,1.35396,1.35404,1.35372,1.35383,1721
1778648400,1.35383,1.35390,1.35311,1.35348,2321
1778649300,1.35349,1.35361,1.35331,1.35358,1678
1778650200,1.35358,1.35404,1.35358,1.35382,1644
1778651100,1.35382,1.35394,1.35358,1.35378,1402
1778652000,1.35378,1.35383,1.35340,1.35353,1123
1778652900,1.35353,1.35362,1.35338,1.35342,1270
1778653800,1.35342,1.35354,1.35321,1.35331,1268
1778654700,1.35331,1.35352,1.35329,1.35341,1090
1778655600,1.35341,1.35409,1.35337,1.35399,1943
1778656500,1.35398,1.35451,1.35379,1.35439,1494
1778657400,1.35439,1.35471,1.35431,1.35449,1493
1778658300,1.35449,1.35497,1.35449,1.35485,2445
1778659200,1.35490,1.35512,1.35388,1.35413,2418
1778660100,1.35412,1.35441,1.35355,1.35408,1990
1778661000,1.35408,1.35420,1.35334,1.35349,2586
1778661900,1.35349,1.35354,1.35236,1.35282,2541
1778662800,1.35282,1.35374,1.35240,1.35272,2918
1778663700,1.35272,1.35326,1.35260,1.35320,2906
1778664600,1.35320,1.35332,1.35224,1.35259,2556
1778665500,1.35259,1.35302,1.35202,1.35208,2833
1778666400,1.35208,1.35273,1.35190,1.35270,3208
1778667300,1.35270,1.35328,1.35254,1.35327,2278
1778668200,1.35327,1.35333,1.35252,1.35263,2359
1778669100,1.35264,1.35338,1.35211,1.35242,3052
1778670000,1.35242,1.35251,1.35154,1.35213,2726
1778670900,1.35212,1.35224,1.35111,1.35119,2599
1778671800,1.35119,1.35181,1.35080,1.35089,2588
1778672700,1.35089,1.35186,1.35068,1.35180,2351
1778673600,1.35181,1.35219,1.34943,1.35098,3372
1778674500,1.35099,1.35214,1.35001,1.35090,4043
1778675400,1.35091,1.35161,1.35038,1.35142,2806
1778676300,1.35141,1.35204,1.35060,1.35073,3004
1778677200,1.35073,1.35103,1.34994,1.35042,2861
1778678100,1.35042,1.35082,1.35038,1.35070,1815
1778679000,1.35070,1.35100,1.35051,1.35055,1727
1778679900,1.35054,1.35074,1.35016,1.35039,2131
1778680800,1.35039,1.35106,1.35037,1.35053,2538
1778681700,1.35053,1.35055,1.34937,1.34939,3404
1778682600,1.34939,1.34983,1.34846,1.34934,4624
1778683500,1.34935,1.34936,1.34863,1.34903,3932
1778684400,1.34904,1.35001,1.34904,1.34953,3131
1778685300,1.34954,1.34997,1.34931,1.34970,2325
1778686200,1.34970,1.35134,1.34965,1.35125,4885
1778687100,1.35125,1.35177,1.35078,1.35142,4524
1778688000,1.35142,1.35207,1.35113,1.35187,3799
1778688900,1.35187,1.35192,1.35120,1.35151,3033
1778689800,1.35151,1.35177,1.35070,1.35071,2910
1778690700,1.35070,1.35175,1.35049,1.35136,3574
1778691600,1.35135,1.35196,1.35124,1.35130,2835
1778692500,1.35130,1.35182,1.35129,1.35182,2312
1778693400,1.35182,1.35293,1.35150,1.35262,2720
1778694300,1.35263,1.35282,1.35179,1.35191,2417
1778695200,1.35192,1.35252,1.35173,1.35220,2868
1778696100,1.35220,1.35279,1.35188,1.35249,3038
1778697000,1.35248,1.35260,1.35174,1.35175,2813
1778697900,1.35175,1.35198,1.35123,1.35154,2344
1778698800,1.35152,1.35194,1.35138,1.35170,1540
1778699700,1.35170,1.35178,1.35150,1.35172,1624
1778700600,1.35172,1.35179,1.35139,1.35144,1631
1778701500,1.35144,1.35154,1.35110,1.35124,1935
1778702400,1.35125,1.35172,1.35120,1.35152,2159
1778703300,1.35152,1.35174,1.35142,1.35168,2229
1778704200,1.35168,1.35196,1.35161,1.35182,2006
1778705100,1.35182,1.35204,1.35117,1.35183,2473
1778706000,1.35184,1.35212,1.35183,1.35208,1741
1778706900,1.35208,1.35227,1.35194,1.35226,2050
1778707800,1.35226,1.35245,1.35212,1.35222,1542
1778708700,1.35222,1.35237,1.35205,1.35228,1552
1778709600,1.35227,1.35249,1.35204,1.35244,1747
1778710500,1.35244,1.35268,1.35243,1.35254,670
1778711400,1.35256,1.35258,1.35225,1.35242,748
1778712300,1.35242,1.35248,1.35231,1.35240,564
1778713200,1.35247,1.35247,1.35240,1.35242,46
1778714100,1.35243,1.35251,1.35197,1.35248,196
1778715000,1.35248,1.35257,1.35229,1.35244,563
1778715900,1.35246,1.35249,1.35223,1.35226,737
1778716800,1.35240,1.35290,1.35240,1.35290,556
1778717700,1.35290,1.35314,1.35285,1.35302,390
1778718600,1.35301,1.35321,1.35301,1.35316,245
1778719500,1.35315,1.35317,1.35273,1.35275,475
1778720400,1.35275,1.35295,1.35253,1.35290,618
1778721300,1.35290,1.35294,1.35281,1.35282,464
1778722200,1.35282,1.35283,1.35260,1.35271,528
1778723100,1.35271,1.35274,1.35261,1.35269,750
1778724000,1.35268,1.35301,1.35251,1.35297,1831
1778724900,1.35297,1.35329,1.35280,1.35305,2004
1778725800,1.35305,1.35323,1.35280,1.35290,1684
1778726700,1.35290,1.35304,1.35279,1.35297,1732
1778727600,1.35297,1.35308,1.35263,1.35279,2413
1778728500,1.35279,1.35292,1.35264,1.35279,2075
1778729400,1.35279,1.35313,1.35269,1.35279,2071
1778730300,1.35279,1.35282,1.35209,1.35223,1999
1778731200,1.35223,1.35260,1.35216,1.35239,1625
1778732100,1.35239,1.35262,1.35220,1.35259,1253
1778733000,1.35260,1.35265,1.35243,1.35251,1374
1778733900,1.35251,1.35254,1.35227,1.35236,1844
1778734800,1.35235,1.35251,1.35226,1.35248,1370
1778735700,1.35249,1.35296,1.35244,1.35293,1111
1778736600,1.35293,1.35297,1.35271,1.35283,1540
1778737500,1.35282,1.35299,1.35264,1.35268,1653
1778738400,1.35269,1.35317,1.35251,1.35297,2211
1778739300,1.35297,1.35312,1.35282,1.35299,1337
1778740200,1.35299,1.35306,1.35285,1.35297,1161
1778741100,1.35297,1.35328,1.35278,1.35284,1477
1778742000,1.35284,1.35295,1.35182,1.35204,2669
1778742900,1.35204,1.35220,1.35171,1.35184,1939
1778743800,1.35184,1.35193,1.35149,1.35161,1949
1778744700,1.35161,1.35220,1.35154,1.35159,2356
1778745600,1.35162,1.35245,1.35158,1.35189,1962
1778746500,1.35189,1.35254,1.35180,1.35229,2102
1778747400,1.35229,1.35250,1.35200,1.35235,2107
1778748300,1.35236,1.35326,1.35235,1.35275,2886
1778749200,1.35275,1.35276,1.35182,1.35192,3026
1778750100,1.35192,1.35192,1.35124,1.35145,2287
1778751000,1.35145,1.35210,1.35133,1.35171,2027
1778751900,1.35171,1.35202,1.35048,1.35059,2702
1778752800,1.35058,1.35133,1.35035,1.35120,2538
1778753700,1.35120,1.35173,1.35120,1.35172,1999
1778754600,1.35172,1.35208,1.35131,1.35163,1864
1778755500,1.35163,1.35203,1.35149,1.35200,1457
1778756400,1.35200,1.35208,1.35149,1.35192,1652
1778757300,1.35192,1.35199,1.35168,1.35171,1391
1778758200,1.35171,1.35194,1.35099,1.35179,2013
1778759100,1.35179,1.35205,1.35103,1.35116,2163
1778760000,1.35116,1.35209,1.35093,1.35141,2054
1778760900,1.35141,1.35177,1.35104,1.35174,1719
1778761800,1.35174,1.35191,1.35098,1.35122,1268
1778762700,1.35122,1.35170,1.35106,1.35118,2082
1778763600,1.35118,1.35165,1.35099,1.35160,2129
1778764500,1.35160,1.35175,1.35097,1.35099,2030
1778765400,1.35100,1.35132,1.35098,1.35129,1810
1778766300,1.35129,1.35171,1.34952,1.35001,1915
1778767200,1.35001,1.35165,1.34965,1.35160,3857
1778768100,1.35160,1.35183,1.35136,1.35139,2457
1778769000,1.35139,1.35153,1.35062,1.35063,2053
1778769900,1.35063,1.35114,1.35059,1.35078,2271
1778770800,1.35078,1.35104,1.35047,1.35063,2712
1778771700,1.35063,1.35072,1.34991,1.35035,2091
1778772600,1.35037,1.35038,1.34892,1.35003,4276
1778773500,1.35004,1.35071,1.34968,1.35002,4935
1778774400,1.35001,1.35094,1.34971,1.35092,4033
1778775300,1.35092,1.35130,1.35034,1.35091,3045
1778776200,1.35091,1.35101,1.35033,1.35034,2233
1778777100,1.35034,1.35058,1.34835,1.34843,4430
1778778000,1.34840,1.34875,1.34759,1.34791,3352
1778778900,1.34791,1.34818,1.34760,1.34804,2418
1778779800,1.34804,1.34827,1.34731,1.34764,2688
1778780700,1.34765,1.34801,1.34761,1.34779,2156
1778781600,1.34779,1.34789,1.34591,1.34611,3500
1778782500,1.34611,1.34614,1.34433,1.34469,3611
1778783400,1.34469,1.34474,1.34322,1.34332,2902
1778784300,1.34332,1.34434,1.34326,1.34432,2499
1778785200,1.34432,1.34463,1.34335,1.34359,2701
1778786100,1.34359,1.34361,1.34254,1.34264,2610
1778787000,1.34264,1.34273,1.34189,1.34201,2246
1778787900,1.34201,1.34202,1.34101,1.34105,2118
1778788800,1.34106,1.34106,1.33986,1.34004,2400
1778789700,1.34004,1.34057,1.33950,1.34045,2175
1778790600,1.34045,1.34067,1.34000,1.34015,1862
1778791500,1.34015,1.34058,1.34015,1.34056,1402
1778792400,1.34056,1.34087,1.34056,1.34078,1341
1778793300,1.34077,1.34079,1.34048,1.34049,1350
1778794200,1.34050,1.34068,1.33965,1.33983,1820
1778795100,1.33983,1.34008,1.33966,1.34000,1884
1778796000,1.34000,1.34029,1.33955,1.33965,1385
1778796900,1.33965,1.33987,1.33956,1.33979,444
1778797800,1.33981,1.33999,1.33975,1.33986,576
1778798700,1.33985,1.34013,1.33984,1.34010,694
1778799600,1.34020,1.34027,1.33959,1.33993,204
1778800500,1.33996,1.34046,1.33990,1.34046,180
1778801400,1.34046,1.34058,1.34011,1.34032,530
1778802300,1.34032,1.34047,1.33996,1.34039,716
1778803200,1.34018,1.34028,1.33973,1.33980,451
1778804100,1.33980,1.33993,1.33980,1.33985,364
1778805000,1.33985,1.33997,1.33977,1.33995,391
1778805900,1.33996,1.33997,1.33985,1.33994,519
1778806800,1.33994,1.33995,1.33857,1.33876,774
1778807700,1.33876,1.33907,1.33850,1.33905,779
1778808600,1.33905,1.33989,1.33903,1.33983,714
1778809500,1.33983,1.33987,1.33904,1.33909,1430
1778810400,1.33909,1.33915,1.33851,1.33879,3350
1778811300,1.33879,1.33924,1.33876,1.33884,2300
1778812200,1.33885,1.33889,1.33746,1.33783,2739
1778813100,1.33783,1.33818,1.33757,1.33806,2352
1778814000,1.33805,1.33823,1.33783,1.33793,2301
1778814900,1.33794,1.33794,1.33666,1.33671,3221
1778815800,1.33671,1.33752,1.33646,1.33720,3039
1778816700,1.33720,1.33727,1.33667,1.33668,2163
1778817600,1.33669,1.33676,1.33638,1.33672,2333
1778818500,1.33672,1.33723,1.33653,1.33693,1902
1778819400,1.33693,1.33752,1.33673,1.33751,1055
1778820300,1.33751,1.33808,1.33733,1.33754,1791
1778821200,1.33754,1.33776,1.33746,1.33754,2226
1778822100,1.33754,1.33773,1.33742,1.33765,1028
1778823000,1.33766,1.33775,1.33731,1.33753,1733
1778823900,1.33753,1.33768,1.33738,1.33761,1679
1778824800,1.33761,1.33761,1.33713,1.33733,1398
1778825700,1.33734,1.33746,1.33704,1.33705,1487
1778826600,1.33705,1.33716,1.33668,1.33670,1734
1778827500,1.33669,1.33683,1.33631,1.33634,1741
1778828400,1.33635,1.33636,1.33519,1.33545,2534
1778829300,1.33545,1.33583,1.33522,1.33581,1921
1778830200,1.33581,1.33583,1.33523,1.33532,2658
1778831100,1.33532,1.33532,1.33407,1.33425,3946
1778832000,1.33424,1.33592,1.33397,1.33510,3864
1778832900,1.33512,1.33517,1.33352,1.33369,3721
1778833800,1.33369,1.33566,1.33350,1.33565,3366
1778834700,1.33565,1.33597,1.33482,1.33507,2867
1778835600,1.33507,1.33688,1.33455,1.33666,3615
1778836500,1.33666,1.33757,1.33614,1.33716,2606
1778837400,1.33716,1.33734,1.33643,1.33692,3159
1778838300,1.33692,1.33698,1.33626,1.33645,3031
1778839200,1.33645,1.33667,1.33547,1.33563,3161
1778840100,1.33563,1.33564,1.33484,1.33491,3128
1778841000,1.33491,1.33530,1.33451,1.33525,3567
1778841900,1.33527,1.33532,1.33418,1.33460,3028
1778842800,1.33461,1.33462,1.33301,1.33317,3579
1778843700,1.33317,1.33401,1.33281,1.33397,3077
1778844600,1.33397,1.33426,1.33360,1.33395,3123
1778845500,1.33395,1.33519,1.33376,1.33481,3382
1778846400,1.33482,1.33651,1.33482,1.33633,2518
1778847300,1.33634,1.33688,1.33570,1.33637,2334
1778848200,1.33636,1.33748,1.33629,1.33748,2603
1778849100,1.33748,1.33936,1.33744,1.33827,4810
1778850000,1.33826,1.33845,1.33742,1.33787,2606
1778850900,1.33787,1.33832,1.33721,1.33732,1980
1778851800,1.33732,1.33734,1.33624,1.33629,2365
1778852700,1.33629,1.33668,1.33589,1.33599,2054
1778853600,1.33599,1.33611,1.33534,1.33544,2909
1778854500,1.33544,1.33627,1.33535,1.33546,2857
1778855400,1.33546,1.33546,1.33408,1.33423,3180
1778856300,1.33423,1.33580,1.33406,1.33535,3201
1778857200,1.33536,1.33595,1.33482,1.33580,3774
1778858100,1.33579,1.33633,1.33543,1.33574,3449
1778859000,1.33575,1.33589,1.33403,1.33405,5189
1778859900,1.33405,1.33459,1.33373,1.33411,5275
1778860800,1.33411,1.33498,1.33355,1.33486,5077
1778861700,1.33486,1.33626,1.33475,1.33503,4841
1778862600,1.33503,1.33547,1.33454,1.33464,4740
1778863500,1.33464,1.33516,1.33414,1.33443,4838
1778864400,1.33443,1.33463,1.33351,1.33387,4251
1778865300,1.33386,1.33405,1.33181,1.33221,3658
1778866200,1.33221,1.33247,1.33164,1.33182,3486
1778867100,1.33182,1.33307,1.33173,1.33306,3543
1778868000,1.33306,1.33321,1.33206,1.33234,3686
1778868900,1.33234,1.33266,1.33203,1.33235,2770
1778869800,1.33235,1.33348,1.33226,1.33343,2321
1778870700,1.33343,1.33358,1.33274,1.33308,2684
1778871600,1.33308,1.33367,1.33247,1.33367,2657
1778872500,1.33367,1.33387,1.33322,1.33326,2569
1778873400,1.33325,1.33375,1.33302,1.33303,2388
1778874300,1.33303,1.33333,1.33273,1.33283,2297
1778875200,1.33283,1.33300,1.33250,1.33273,2689
1778876100,1.33272,1.33273,1.33202,1.33233,3498
1778877000,1.33234,1.33237,1.33181,1.33227,3168
1778877900,1.33227,1.33259,1.33194,1.33219,2639
1778878800,1.33219,1.33230,1.33198,1.33216,1811
1778879700,1.33216,1.33249,1.33205,1.33229,1327
1778880600,1.33229,1.33249,1.33193,1.33199,1394
1778881500,1.33199,1.33228,1.33162,1.33188,1493
1778882400,1.33187,1.33190,1.33151,1.33159,973
1778883300,1.33162,1.33176,1.33155,1.33156,610
1778884200,1.33156,1.33196,1.33156,1.33185,699
1778885100,1.33186,1.33265,1.33165,1.33246,1127
1779058800,1.33251,1.33268,1.33245,1.33257,21
1779059700,1.33256,1.33271,1.33239,1.33249,65
1779060600,1.33249,1.33260,1.33240,1.33252,90
1779061500,1.33253,1.33269,1.33244,1.33268,148
1779062400,1.33241,1.33254,1.33193,1.33202,517
1779063300,1.33203,1.33207,1.33130,1.33153,763
1779064200,1.33153,1.33170,1.33111,1.33147,695
1779065100,1.33148,1.33176,1.33141,1.33169,542
1779066000,1.33168,1.33208,1.33157,1.33196,999
1779066900,1.33196,1.33218,1.33157,1.33158,969
1779067800,1.33158,1.33160,1.33080,1.33118,1913
1779068700,1.33119,1.33128,1.33084,1.33097,1821
1779069600,1.33097,1.33190,1.33092,1.33122,4148
1779070500,1.33122,1.33153,1.33096,1.33097,2911
1779071400,1.33097,1.33127,1.33056,1.33062,2232
1779072300,1.33062,1.33095,1.33049,1.33090,3278
1779073200,1.33090,1.33103,1.33034,1.33055,3968
1779074100,1.33055,1.33080,1.33025,1.33068,3902
1779075000,1.33071,1.33108,1.33059,1.33075,3789
1779075900,1.33075,1.33135,1.33055,1.33116,3031
1779076800,1.33115,1.33129,1.33070,1.33126,2847
1779077700,1.33125,1.33139,1.33105,1.33134,2568
1779078600,1.33133,1.33166,1.33105,1.33121,2299
1779079500,1.33120,1.33120,1.33055,1.33085,2016
1779080400,1.33086,1.33108,1.33075,1.33097,1904
1779081300,1.33097,1.33138,1.33091,1.33133,2101
1779082200,1.33133,1.33147,1.33095,1.33146,2430
1779083100,1.33145,1.33156,1.33122,1.33133,1794
1779084000,1.33133,1.33197,1.33126,1.33185,2351
1779084900,1.33185,1.33196,1.33124,1.33130,2027
1779085800,1.33127,1.33174,1.33123,1.33164,2215
1779086700,1.33164,1.33173,1.33130,1.33155,2320
1779087600,1.33155,1.33187,1.33132,1.33182,2725
1779088500,1.33182,1.33225,1.33150,1.33218,2753
1779089400,1.33217,1.33255,1.33206,1.33235,1958
1779090300,1.33235,1.33247,1.33214,1.33233,2054
1779091200,1.33232,1.33359,1.33218,1.33357,3566
1779092100,1.33358,1.33471,1.33355,1.33445,3081
1779093000,1.33445,1.33515,1.33425,1.33486,2641
1779093900,1.33485,1.33586,1.33464,1.33558,2769
1779094800,1.33556,1.33566,1.33477,1.33493,3028
1779095700,1.33492,1.33538,1.33431,1.33516,3045
1779096600,1.33515,1.33585,1.33513,1.33538,3338
1779097500,1.33539,1.33578,1.33493,1.33527,3207
1779098400,1.33527,1.33571,1.33503,1.33545,2971
1779099300,1.33545,1.33665,1.33528,1.33665,2496
1779100200,1.33667,1.33827,1.33664,1.33716,2512
1779101100,1.33716,1.33843,1.33716,1.33771,2290
1779102000,1.33769,1.33780,1.33693,1.33704,2722
1779102900,1.33704,1.33744,1.33669,1.33686,1732
1779103800,1.33686,1.33694,1.33651,1.33653,1989
1779104700,1.33652,1.33666,1.33607,1.33623,2210
1779105600,1.33623,1.33676,1.33572,1.33615,2317
1779106500,1.33615,1.33623,1.33587,1.33623,2253
1779107400,1.33622,1.33631,1.33550,1.33572,2548
1779108300,1.33573,1.33575,1.33464,1.33473,2520
1779109200,1.33474,1.33566,1.33471,1.33554,2768
1779110100,1.33554,1.33586,1.33543,1.33552,2166
1779111000,1.33552,1.33817,1.33550,1.33804,5143
1779111900,1.33805,1.33818,1.33722,1.33764,4444
1779112800,1.33764,1.33865,1.33752,1.33835,3108
1779113700,1.33834,1.33895,1.33798,1.33876,3137
1779114600,1.33876,1.33986,1.33861,1.33983,4537
1779115500,1.33984,1.34032,1.33892,1.33953,4643
1779116400,1.33953,1.33999,1.33902,1.33915,4689
1779117300,1.33915,1.33925,1.33862,1.33905,3371
1779118200,1.33907,1.33911,1.33802,1.33840,4545
1779119100,1.33843,1.34018,1.33835,1.33912,4840
1779120000,1.33913,1.33948,1.33824,1.33852,4965
1779120900,1.33851,1.34004,1.33813,1.33977,3948
1779121800,1.33977,1.33986,1.33873,1.33924,4302
1779122700,1.33924,1.34005,1.33904,1.33941,3769
1779123600,1.33939,1.33947,1.33821,1.33923,5706
1779124500,1.33923,1.33977,1.33892,1.33945,4094
1779125400,1.33945,1.34098,1.33923,1.34044,3443
1779126300,1.34044,1.34278,1.34034,1.34182,4085
1779127200,1.34182,1.34464,1.34152,1.34445,3529
1779128100,1.34445,1.34497,1.34238,1.34246,4149
1779129000,1.34246,1.34324,1.34215,1.34284,3687
1779129900,1.34284,1.34346,1.34273,1.34296,2542
1779130800,1.34293,1.34349,1.34277,1.34286,2793
1779131700,1.34286,1.34340,1.34282,1.34310,2717
1779132600,1.34310,1.34319,1.34276,1.34284,2279
1779133500,1.34284,1.34295,1.34222,1.34223,2077
1779134400,1.34223,1.34233,1.34154,1.34177,2967
1779135300,1.34177,1.34188,1.34068,1.34136,3407
1779136200,1.34137,1.34152,1.34075,1.34108,2670
1779137100,1.34108,1.34114,1.34015,1.34024,2345
1779138000,1.34023,1.34345,1.34006,1.34209,6557
1779138900,1.34208,1.34266,1.34190,1.34224,3032
1779139800,1.34226,1.34286,1.34219,1.34282,2775
1779140700,1.34282,1.34347,1.34278,1.34299,2557
1779141600,1.34300,1.34377,1.34296,1.34373,2770
1779142500,1.34374,1.34394,1.34359,1.34374,1088
1779143400,1.34375,1.34380,1.34328,1.34371,1983
1779144300,1.34371,1.34376,1.34332,1.34335,1245
1779145200,1.34317,1.34327,1.34250,1.34303,175
1779146100,1.34303,1.34321,1.34297,1.34306,162
1779147000,1.34307,1.34336,1.34297,1.34329,311
1779147900,1.34330,1.34350,1.34284,1.34313,622
1779148800,1.34359,1.34370,1.34329,1.34339,777
1779149700,1.34339,1.34364,1.34338,1.34362,339
1779150600,1.34362,1.34375,1.34354,1.34354,383
1779151500,1.34355,1.34355,1.34344,1.34345,450
1779152400,1.34345,1.34354,1.34335,1.34339,528
1779153300,1.34339,1.34357,1.34332,1.34352,541
1779154200,1.34352,1.34368,1.34341,1.34366,470
1779155100,1.34366,1.34367,1.34314,1.34316,1037
1779156000,1.34316,1.34347,1.34268,1.34282,3977
1779156900,1.34282,1.34326,1.34251,1.34288,3582
1779157800,1.34291,1.34307,1.34224,1.34236,2478
1779158700,1.34236,1.34246,1.34190,1.34195,2022
1779159600,1.34195,1.34205,1.34173,1.34185,3160
1779160500,1.34185,1.34206,1.34166,1.34193,2922
1779161400,1.34194,1.34252,1.34134,1.34243,2876
1779162300,1.34243,1.34245,1.34168,1.34171,2687
1779163200,1.34170,1.34170,1.34091,1.34113,2543
1779164100,1.34112,1.34185,1.34092,1.34161,2025
1779165000,1.34161,1.34179,1.34144,1.34177,2616
1779165900,1.34177,1.34183,1.34127,1.34161,2181
1779166800,1.34162,1.34165,1.34128,1.34156,2507
1779167700,1.34156,1.34192,1.34148,1.34172,2146
1779168600,1.34172,1.34193,1.34162,1.34169,1761
1779169500,1.34169,1.34169,1.34133,1.34135,2012
1779170400,1.34135,1.34155,1.34120,1.34142,1987
1779171300,1.34142,1.34154,1.34112,1.34124,1800
1779172200,1.34124,1.34155,1.34099,1.34104,2084
1779173100,1.34104,1.34112,1.34061,1.34062,2240
1779174000,1.34062,1.34101,1.34042,1.34083,2253
1779174900,1.34082,1.34083,1.34001,1.34041,2557
1779175800,1.34041,1.34113,1.34020,1.34093,2728
1779176700,1.34093,1.34180,1.34078,1.34169,2503
1779177600,1.34169,1.34173,1.34051,1.34074,3117
1779178500,1.34074,1.34168,1.34071,1.34131,2827
1779179400,1.34132,1.34135,1.34051,1.34072,3168
1779180300,1.34072,1.34072,1.33971,1.33999,2438
1779181200,1.33997,1.33997,1.33902,1.33956,3488
1779182100,1.33956,1.33993,1.33931,1.33966,2785
1779183000,1.33966,1.34011,1.33944,1.33976,2691
1779183900,1.33976,1.34068,1.33976,1.34022,3156
1779184800,1.34021,1.34026,1.33911,1.33927,3670
1779185700,1.33927,1.33983,1.33924,1.33958,3294
1779186600,1.33958,1.34019,1.33935,1.33944,2475
1779187500,1.33944,1.33958,1.33892,1.33929,2449
1779188400,1.33929,1.33975,1.33885,1.33903,2106
1779189300,1.33900,1.33975,1.33872,1.33965,2613
1779190200,1.33967,1.34038,1.33924,1.34014,2609
1779191100,1.34014,1.34082,1.33990,1.34074,2518
1779192000,1.34074,1.34099,1.34037,1.34093,2434
1779192900,1.34092,1.34159,1.34083,1.34115,1670
1779193800,1.34115,1.34128,1.33934,1.33943,3050
1779194700,1.33944,1.34098,1.33938,1.34073,3637
1779195600,1.34072,1.34086,1.34035,1.34056,3840
1779196500,1.34055,1.34097,1.34025,1.34055,2496
1779197400,1.34056,1.34087,1.34041,1.34073,2179
1779198300,1.34072,1.34097,1.34032,1.34034,2542
1779199200,1.34032,1.34128,1.34025,1.34122,3299
1779200100,1.34121,1.34198,1.34094,1.34167,2562
1779201000,1.34166,1.34196,1.34102,1.34123,3945
1779201900,1.34123,1.34152,1.34038,1.34076,4007
1779202800,1.34071,1.34077,1.33962,1.33975,3963
1779203700,1.33974,1.33984,1.33879,1.33906,4010
1779204600,1.33906,1.33967,1.33862,1.33959,5712
1779205500,1.33959,1.34051,1.33929,1.34021,5022
1779206400,1.34021,1.34026,1.33886,1.33888,6368
1779207300,1.33888,1.33899,1.33785,1.33867,5336
1779208200,1.33865,1.33897,1.33808,1.33840,5502
1779209100,1.33839,1.33948,1.33809,1.33927,5341
1779210000,1.33927,1.33973,1.33891,1.33927,4683
1779210900,1.33927,1.33967,1.33898,1.33944,3657
1779211800,1.33943,1.34015,1.33920,1.33953,3838
1779212700,1.33953,1.34007,1.33943,1.33989,3691
1779213600,1.33989,1.33997,1.33894,1.33907,2982
1779214500,1.33907,1.33989,1.33881,1.33976,3776
1779215400,1.33977,1.34027,1.33965,1.34013,3428
1779216300,1.34014,1.34015,1.33965,1.33995,2555
1779217200,1.33996,1.34122,1.33995,1.34113,2044
1779218100,1.34113,1.34116,1.34074,1.34093,1782
1779219000,1.34092,1.34104,1.34038,1.34079,1955
1779219900,1.34079,1.34114,1.34067,1.34085,2291
1779220800,1.34084,1.34118,1.34075,1.34099,2055
1779221700,1.34097,1.34101,1.34024,1.34026,2687
1779222600,1.34026,1.34059,1.33995,1.34055,3059
1779223500,1.34055,1.34057,1.33970,1.33974,3082
1779224400,1.33973,1.34036,1.33966,1.34029,2356
1779225300,1.34030,1.34036,1.33983,1.34002,2046
1779226200,1.34002,1.34039,1.33986,1.34037,2287
1779227100,1.34035,1.34040,1.33992,1.34003,2139
1779228000,1.34003,1.34003,1.33973,1.33990,994
1779228900,1.33990,1.33993,1.33981,1.33988,556
1779229800,1.33989,1.34032,1.33989,1.34011,838
1779230700,1.34005,1.34005,1.33940,1.33948,1045
1779231600,1.34027,1.34029,1.33942,1.34000,757
1779232500,1.34009,1.34038,1.33974,1.34009,480
1779233400,1.34008,1.34027,1.33964,1.33995,2252
1779234300,1.33997,1.34031,1.33971,1.34028,1652
1779235200,1.33997,1.33998,1.33973,1.33975,715
1779236100,1.33975,1.33977,1.33966,1.33967,617
1779237000,1.33967,1.33986,1.33955,1.33956,722
1779237900,1.33956,1.33979,1.33955,1.33979,360
1779238800,1.33979,1.33997,1.33970,1.33996,484
1779239700,1.33996,1.34009,1.33993,1.34005,358
1779240600,1.34005,1.34045,1.34003,1.34018,977
1779241500,1.34018,1.34018,1.33956,1.33958,1478
1779242400,1.33955,1.33956,1.33889,1.33918,4425
1779243300,1.33919,1.34018,1.33901,1.33986,5067
1779244200,1.33986,1.34020,1.33937,1.33947,4220
1779245100,1.33946,1.33977,1.33875,1.33894,3031
1779246000,1.33892,1.33915,1.33853,1.33864,4440
1779246900,1.33865,1.33890,1.33802,1.33807,3226
1779247800,1.33807,1.33850,1.33783,1.33813,3819
1779248700,1.33813,1.33922,1.33803,1.33869,3918
1779249600,1.33869,1.33908,1.33864,1.33898,2681
1779250500,1.33898,1.33965,1.33876,1.33911,2537
1779251400,1.33911,1.33917,1.33835,1.33896,4434
1779252300,1.33896,1.33926,1.33893,1.33906,2309
1779253200,1.33906,1.33909,1.33876,1.33896,2146
1779254100,1.33896,1.33979,1.33893,1.33969,2552
1779255000,1.33969,1.34035,1.33959,1.34017,2444
1779255900,1.34017,1.34026,1.33994,1.33997,2035
1779256800,1.33997,1.34065,1.33997,1.34035,2768
1779257700,1.34036,1.34036,1.33982,1.33987,2045
1779258600,1.33987,1.33989,1.33912,1.33940,2471
1779259500,1.33939,1.33943,1.33896,1.33907,2337
1779260400,1.33907,1.33980,1.33905,1.33945,2611
1779261300,1.33945,1.33971,1.33910,1.33915,2540
1779262200,1.33915,1.33968,1.33906,1.33918,3240
1779263100,1.33917,1.33948,1.33881,1.33917,3185
1779264000,1.33918,1.33922,1.33761,1.33898,3151
1779264900,1.33897,1.34068,1.33897,1.34004,4330
1779265800,1.34003,1.34008,1.33863,1.33886,3282
1779266700,1.33886,1.33888,1.33824,1.33868,2608
1779267600,1.33867,1.33957,1.33825,1.33907,2911
1779268500,1.33907,1.33980,1.33867,1.33966,3252
1779269400,1.33966,1.33967,1.33887,1.33895,4235
1779270300,1.33895,1.33926,1.33855,1.33859,2191
1779271200,1.33860,1.33930,1.33803,1.33813,2987
1779272100,1.33813,1.33854,1.33750,1.33834,2606
1779273000,1.33835,1.33893,1.33801,1.33884,3044
1779273900,1.33883,1.33896,1.33822,1.33822,2691
1779274800,1.33822,1.33928,1.33818,1.33904,2776
1779275700,1.33904,1.33921,1.33827,1.33836,2673
1779276600,1.33836,1.33883,1.33829,1.33859,2491
1779277500,1.33859,1.33880,1.33804,1.33826,2112
1779278400,1.33825,1.33901,1.33812,1.33887,2316
1779279300,1.33887,1.33932,1.33874,1.33889,2321
1779280200,1.33889,1.33989,1.33883,1.33964,2868
1779281100,1.33965,1.33987,1.33945,1.33969,1919
1779282000,1.33970,1.33998,1.33945,1.33978,1635
1779282900,1.33978,1.34027,1.33962,1.34025,2185
1779283800,1.34024,1.34081,1.33999,1.34016,2215
1779284700,1.34016,1.34046,1.33950,1.33998,2896
1779285600,1.33998,1.34063,1.33998,1.34049,2499
1779286500,1.34049,1.34058,1.33982,1.34014,3021
1779287400,1.34014,1.34057,1.33991,1.34009,2806
1779288300,1.34009,1.34043,1.33962,1.33976,2384
1779289200,1.33976,1.34007,1.33945,1.33975,2672
1779290100,1.33974,1.33982,1.33923,1.33941,2863
1779291000,1.33941,1.34006,1.33913,1.33980,4363
1779291900,1.33980,1.34065,1.33910,1.33930,4749
1779292800,1.33930,1.33943,1.33833,1.33901,4747
1779293700,1.33903,1.34309,1.33903,1.34180,8728
1779294600,1.34180,1.34334,1.34167,1.34245,6526
1779295500,1.34245,1.34410,1.34228,1.34329,5943
1779296400,1.34331,1.34397,1.34212,1.34252,5321
1779297300,1.34253,1.34637,1.34249,1.34465,8604
1779298200,1.34465,1.34577,1.34456,1.34507,5742
1779299100,1.34508,1.34536,1.34379,1.34413,5570
1779300000,1.34412,1.34541,1.34406,1.34495,4233
1779300900,1.34495,1.34499,1.34373,1.34400,4899
1779301800,1.34403,1.34457,1.34352,1.34457,3820
1779302700,1.34456,1.34483,1.34385,1.34419,4585
1779303600,1.34420,1.34460,1.34391,1.34444,3800
1779304500,1.34444,1.34461,1.34392,1.34429,3260
1779305400,1.34430,1.34465,1.34384,1.34388,3237
1779306300,1.34388,1.34418,1.34355,1.34357,2214
1779307200,1.34362,1.34396,1.34326,1.34389,3415
1779308100,1.34389,1.34436,1.34368,1.34421,3524
1779309000,1.34421,1.34478,1.34400,1.34401,2530
1779309900,1.34403,1.34493,1.34397,1.34426,2868
1779310800,1.34426,1.34469,1.34410,1.34436,2408
1779311700,1.34436,1.34468,1.34436,1.34460,2001
1779312600,1.34460,1.34510,1.34427,1.34434,2385
1779313500,1.34433,1.34453,1.34373,1.34378,2904
1779314400,1.34377,1.34401,1.34372,1.34397,1252
1779315300,1.34397,1.34409,1.34370,1.34381,1632
1779316200,1.34382,1.34388,1.34358,1.34359,1462
1779317100,1.34359,1.34378,1.34336,1.34346,1333
1779318000,1.34386,1.34393,1.34376,1.34377,93
1779318900,1.34377,1.34395,1.34350,1.34387,119
1779319800,1.34387,1.34425,1.34380,1.34380,170
1779320700,1.34381,1.34396,1.34379,1.34396,236
1779321600,1.34376,1.34392,1.34336,1.34372,554
1779322500,1.34372,1.34384,1.34355,1.34362,427
1779323400,1.34363,1.34374,1.34358,1.34367,299
1779324300,1.34367,1.34374,1.34363,1.34364,400
1779325200,1.34364,1.34386,1.34363,1.34375,380
1779326100,1.34375,1.34376,1.34336,1.34347,420
1779327000,1.34346,1.34347,1.34325,1.34327,388
1779327900,1.34328,1.34374,1.34327,1.34342,834
1779328800,1.34342,1.34346,1.34307,1.34331,3230
1779329700,1.34330,1.34345,1.34285,1.34327,2736
1779330600,1.34327,1.34365,1.34307,1.34356,1965
1779331500,1.34356,1.34396,1.34355,1.34374,2088
1779332400,1.34374,1.34444,1.34374,1.34425,2691
1779333300,1.34426,1.34455,1.34422,1.34426,2046
1779334200,1.34427,1.34454,1.34383,1.34406,2537
1779335100,1.34406,1.34411,1.34311,1.34343,2973
1779336000,1.34343,1.34376,1.34331,1.34331,2363
1779336900,1.34331,1.34341,1.34256,1.34260,1907
1779337800,1.34260,1.34285,1.34213,1.34235,2287
1779338700,1.34235,1.34273,1.34191,1.34257,1829
1779339600,1.34256,1.34298,1.34255,1.34274,1200
1779340500,1.34274,1.34315,1.34262,1.34293,1544
1779341400,1.34293,1.34306,1.34273,1.34298,1708
1779342300,1.34299,1.34308,1.34264,1.34271,1788
1779343200,1.34271,1.34297,1.34260,1.34285,1457
1779344100,1.34285,1.34287,1.34257,1.34287,1289
1779345000,1.34287,1.34303,1.34274,1.34300,1362
1779345900,1.34300,1.34333,1.34287,1.34316,1282
1779346800,1.34316,1.34334,1.34311,1.34323,1407
1779347700,1.34323,1.34327,1.34276,1.34290,1505
1779348600,1.34292,1.34321,1.34280,1.34309,2084
1779349500,1.34310,1.34338,1.34265,1.34330,2755
1779350400,1.34327,1.34384,1.34323,1.34379,2299
1779351300,1.34379,1.34399,1.34312,1.34365,3632
1779352200,1.34364,1.34373,1.34278,1.34305,2949
1779353100,1.34305,1.34357,1.34292,1.34346,2484
1779354000,1.34346,1.34395,1.34342,1.34360,4001
1779354900,1.34360,1.34360,1.34156,1.34171,6395
1779355800,1.34179,1.34246,1.34160,1.34243,4582
1779356700,1.34244,1.34328,1.34241,1.34295,4177
1779357600,1.34294,1.34482,1.34275,1.34459,4396
1779358500,1.34460,1.34550,1.34385,1.34481,4224
1779359400,1.34487,1.34487,1.34304,1.34313,3115
1779360300,1.34313,1.34398,1.34294,1.34355,3463
1779361200,1.34353,1.34434,1.34325,1.34421,3231
1779362100,1.34421,1.34465,1.34410,1.34450,2553
1779363000,1.34450,1.34465,1.34391,1.34396,2422
1779363900,1.34397,1.34427,1.34373,1.34423,2282
1779364800,1.34422,1.34461,1.34410,1.34426,2180
1779365700,1.34422,1.34432,1.34244,1.34278,3958
1779366600,1.34278,1.34282,1.34153,1.34243,5121
1779367500,1.34243,1.34288,1.34193,1.34246,4078
1779368400,1.34246,1.34337,1.34239,1.34321,3321
1779369300,1.34321,1.34395,1.34311,1.34373,3034
1779370200,1.34373,1.34394,1.34323,1.34334,2417
1779371100,1.34333,1.34350,1.34188,1.34218,2676
1779372000,1.34217,1.34241,1.34131,1.34162,3730
1779372900,1.34162,1.34174,1.34119,1.34137,2871
1779373800,1.34137,1.34262,1.34135,1.34256,4491
1779374700,1.34256,1.34300,1.34132,1.34138,4190
1779375600,1.34138,1.34208,1.34059,1.34074,4381
1779376500,1.34074,1.34112,1.34014,1.34079,3613
1779377400,1.34083,1.34087,1.33923,1.33936,5258
1779378300,1.33928,1.34168,1.33925,1.34063,5432
1779379200,1.34063,1.34106,1.33963,1.34035,4924
1779380100,1.34036,1.34055,1.33980,1.34049,5594
1779381000,1.34049,1.34106,1.33995,1.34042,4060
1779381900,1.34042,1.34131,1.34024,1.34115,3896
1779382800,1.34114,1.34122,1.33957,1.34050,5698
1779383700,1.34050,1.34076,1.34010,1.34043,4088
1779384600,1.34043,1.34059,1.33991,1.34004,3526
1779385500,1.34004,1.34067,1.33993,1.34054,3386
1779386400,1.34054,1.34106,1.34011,1.34055,3884
1779387300,1.34055,1.34069,1.34012,1.34062,2976
1779388200,1.34062,1.34094,1.34035,1.34091,2699
1779389100,1.34091,1.34094,1.34040,1.34082,3001
1779390000,1.34083,1.34202,1.34055,1.34191,3771
1779390900,1.34191,1.34381,1.34191,1.34356,6669
1779391800,1.34357,1.34434,1.34306,1.34434,5324
1779392700,1.34434,1.34493,1.34392,1.34432,4218
1779393600,1.34431,1.34480,1.34351,1.34423,4639
1779394500,1.34424,1.34484,1.34395,1.34462,3085
1779395400,1.34462,1.34480,1.34432,1.34448,2933
1779396300,1.34448,1.34456,1.34207,1.34261,5532
1779397200,1.34257,1.34332,1.34254,1.34311,3892
1779398100,1.34311,1.34383,1.34309,1.34379,2556
1779399000,1.34379,1.34412,1.34340,1.34341,2599
1779399900,1.34341,1.34402,1.34285,1.34360,3678
1779400800,1.34361,1.34407,1.34342,1.34361,1703
1779401700,1.34361,1.34367,1.34340,1.34358,666
1779402600,1.34358,1.34361,1.34330,1.34334,1836
1779403500,1.34333,1.34345,1.34280,1.34294,1083
1779404400,1.34293,1.34352,1.34231,1.34337,910
1779405300,1.34339,1.34357,1.34317,1.34339,388
1779406200,1.34339,1.34365,1.34283,1.34321,1685
1779407100,1.34321,1.34369,1.34294,1.34323,2353
1779408000,1.34327,1.34347,1.34293,1.34306,371
1779408900,1.34306,1.34319,1.34306,1.34310,281
1779409800,1.34310,1.34335,1.34304,1.34334,429
1779410700,1.34334,1.34344,1.34321,1.34329,339
1779411600,1.34329,1.34341,1.34322,1.34332,436
1779412500,1.34332,1.34333,1.34311,1.34324,414
1779413400,1.34324,1.34326,1.34312,1.34314,430
1779414300,1.34314,1.34342,1.34312,1.34323,1568
1779415200,1.34323,1.34329,1.34273,1.34276,3281
1779416100,1.34277,1.34290,1.34257,1.34271,2745
1779417000,1.34271,1.34283,1.34247,1.34266,1797
1779417900,1.34266,1.34284,1.34255,1.34255,1624
1779418800,1.34255,1.34270,1.34238,1.34263,2453
1779419700,1.34263,1.34284,1.34248,1.34271,2626
1779420600,1.34271,1.34303,1.34252,1.34282,2628
1779421500,1.34283,1.34309,1.34252,1.34254,2023
1779422400,1.34253,1.34273,1.34248,1.34264,1543
1779423300,1.34265,1.34278,1.34258,1.34272,1794
1779424200,1.34271,1.34306,1.34267,1.34296,1878
1779425100,1.34295,1.34298,1.34247,1.34272,2266
1779426000,1.34272,1.34285,1.34235,1.34241,1811
1779426900,1.34241,1.34262,1.34232,1.34252,1684
1779427800,1.34251,1.34270,1.34242,1.34263,1576
1779428700,1.34262,1.34272,1.34252,1.34263,1280
1779429600,1.34263,1.34300,1.34256,1.34298,1209
1779430500,1.34299,1.34312,1.34289,1.34292,1783
1779431400,1.34292,1.34300,1.34280,1.34298,1680
1779432300,1.34299,1.34319,1.34291,1.34306,663
1779433200,1.34306,1.34326,1.34301,1.34303,1363
1779434100,1.34303,1.34314,1.34293,1.34301,1202
1779435000,1.34301,1.34320,1.34284,1.34296,1167
1779435900,1.34296,1.34314,1.34195,1.34229,2279
1779436800,1.34231,1.34267,1.34171,1.34253,2695
1779437700,1.34253,1.34286,1.34210,1.34277,2231
1779438600,1.34276,1.34284,1.34175,1.34223,2634
1779439500,1.34223,1.34253,1.34200,1.34245,2634
1779440400,1.34246,1.34246,1.34133,1.34145,2151
1779441300,1.34145,1.34256,1.34143,1.34254,2298
1779442200,1.34254,1.34255,1.34213,1.34229,2633
1779443100,1.34229,1.34258,1.34213,1.34252,2016
1779444000,1.34251,1.34305,1.34250,1.34268,1913
1779444900,1.34268,1.34387,1.34267,1.34340,3205
1779445800,1.34340,1.34352,1.34232,1.34301,3561
1779446700,1.34300,1.34320,1.34253,1.34261,2567
1779447600,1.34260,1.34283,1.34193,1.34200,2657
1779448500,1.34199,1.34243,1.34167,1.34223,2039
1779449400,1.34224,1.34273,1.34211,1.34233,1815
1779450300,1.34233,1.34282,1.34232,1.34273,2227
1779451200,1.34273,1.34323,1.34270,1.34302,1747
1779452100,1.34302,1.34323,1.34256,1.34260,1990
1779453000,1.34259,1.34271,1.34206,1.34238,2378
1779453900,1.34238,1.34255,1.34208,1.34232,2304
1779454800,1.34232,1.34240,1.34190,1.34205,2198
1779455700,1.34205,1.34224,1.34193,1.34198,1789
1779456600,1.34197,1.34239,1.34190,1.34228,1676
1779457500,1.34228,1.34257,1.34203,1.34210,2725
1779458400,1.34210,1.34298,1.34168,1.34271,3345
1779459300,1.34271,1.34311,1.34193,1.34231,3710
1779460200,1.34230,1.34273,1.34218,1.34263,1666
1779461100,1.34262,1.34372,1.34262,1.34368,2056
1779462000,1.34372,1.34631,1.34354,1.34509,3864
1779462900,1.34509,1.34528,1.34431,1.34486,3240
1779463800,1.34487,1.34491,1.34376,1.34401,4964
1779464700,1.34401,1.34420,1.34331,1.34379,3288
1779465600,1.34381,1.34381,1.34207,1.34217,4899
1779466500,1.34217,1.34241,1.34180,1.34232,4172
1779467400,1.34232,1.34330,1.34217,1.34329,3687
1779468300,1.34329,1.34376,1.34236,1.34342,4145
1779469200,1.34342,1.34402,1.34292,1.34367,3259
1779470100,1.34368,1.34425,1.34351,1.34393,2917
1779471000,1.34393,1.34436,1.34372,1.34412,3232
1779471900,1.34412,1.34427,1.34359,1.34370,2549
1779472800,1.34370,1.34410,1.34337,1.34394,2614
1779473700,1.34393,1.34451,1.34369,1.34450,2367
1779474600,1.34450,1.34466,1.34397,1.34422,2045
1779475500,1.34422,1.34455,1.34417,1.34444,2486
1779476400,1.34444,1.34481,1.34444,1.34472,1756
1779477300,1.34472,1.34507,1.34426,1.34499,3148
1779478200,1.34500,1.34537,1.34463,1.34499,3376
1779479100,1.34499,1.34514,1.34461,1.34494,1994
1779480000,1.34495,1.34508,1.34441,1.34465,2505
1779480900,1.34465,1.34474,1.34450,1.34452,2096
1779481800,1.34450,1.34514,1.34441,1.34470,2022
1779482700,1.34469,1.34501,1.34460,1.34482,1638
1779483600,1.34481,1.34483,1.34401,1.34418,2160
1779484500,1.34417,1.34434,1.34411,1.34415,1693
1779485400,1.34416,1.34425,1.34400,1.34401,1709
1779486300,1.34401,1.34421,1.34382,1.34403,1978
1779487200,1.34403,1.34421,1.34394,1.34410,1151
1779488100,1.34410,1.34424,1.34403,1.34408,624
1779489000,1.34408,1.34409,1.34356,1.34367,2021
1779489900,1.34367,1.34372,1.34295,1.34305,1344
1779663600,1.34595,1.34604,1.34517,1.34567,181
1779664500,1.34569,1.34604,1.34537,1.34598,161
1779665400,1.34598,1.34607,1.34513,1.34563,159
1779666300,1.34563,1.34567,1.34556,1.34565,173
1779667200,1.34618,1.34786,1.34618,1.34768,758
1779668100,1.34770,1.34845,1.34752,1.34832,631
1779669000,1.34832,1.34861,1.34808,1.34820,733
1779669900,1.34820,1.34841,1.34802,1.34840,541
1779670800,1.34841,1.34883,1.34839,1.34870,712
1779671700,1.34870,1.34874,1.34843,1.34844,590
1779672600,1.34844,1.34862,1.34833,1.34850,599
1779673500,1.34850,1.34858,1.34809,1.34814,1259
1779674400,1.34813,1.34822,1.34789,1.34804,1666
1779675300,1.34804,1.34830,1.34789,1.34818,1854
1779676200,1.34818,1.34832,1.34769,1.34778,1345
1779677100,1.34779,1.34884,1.34773,1.34790,2814
1779678000,1.34790,1.34873,1.34775,1.34870,2767
1779678900,1.34870,1.34903,1.34862,1.34899,1508
1779679800,1.34899,1.34906,1.34818,1.34835,1944
1779680700,1.34836,1.34852,1.34791,1.34800,1523
1779681600,1.34800,1.34836,1.34796,1.34797,1228
1779682500,1.34797,1.34817,1.34790,1.34811,1084
1779683400,1.34812,1.34818,1.34787,1.34803,1020
1779684300,1.34803,1.34807,1.34755,1.34769,1028
1779685200,1.34769,1.34791,1.34743,1.34761,1254
1779686100,1.34761,1.34787,1.34750,1.34767,1400
1779687000,1.34767,1.34797,1.34762,1.34765,983
1779687900,1.34765,1.34765,1.34744,1.34752,1211
1779688800,1.34751,1.34766,1.34746,1.34750,1194
1779689700,1.34750,1.34769,1.34746,1.34768,1178
1779690600,1.34768,1.34811,1.34768,1.34810,1071
1779691500,1.34810,1.34855,1.34809,1.34832,1100
1779692400,1.34832,1.34890,1.34830,1.34862,1510
1779693300,1.34862,1.34872,1.34853,1.34866,769
1779694200,1.34866,1.34880,1.34852,1.34870,1091
1779695100,1.34870,1.34881,1.34812,1.34823,1324
1779696000,1.34823,1.34842,1.34802,1.34835,1763
1779696900,1.34836,1.34837,1.34786,1.34806,1699
1779697800,1.34806,1.34853,1.34790,1.34818,1679
1779698700,1.34818,1.34873,1.34817,1.34860,1490
1779699600,1.34861,1.34866,1.34786,1.34822,2240
1779700500,1.34821,1.34823,1.34706,1.34739,2658
1779701400,1.34739,1.34800,1.34737,1.34768,2522
1779702300,1.34767,1.34847,1.34756,1.34846,1532
1779703200,1.34846,1.34898,1.34785,1.34871,2018
1779704100,1.34871,1.34888,1.34861,1.34876,1229
1779705000,1.34877,1.34913,1.34868,1.34871,1454
1779705900,1.34871,1.34939,1.34868,1.34935,1299
1779706800,1.34937,1.34957,1.34926,1.34929,918
1779707700,1.34929,1.34952,1.34915,1.34937,784
1779708600,1.34937,1.34958,1.34934,1.34957,689
1779709500,1.34957,1.34961,1.34926,1.34927,696
1779710400,1.34927,1.34948,1.34913,1.34915,1040
1779711300,1.34915,1.34938,1.34892,1.34907,1237
1779712200,1.34907,1.34921,1.34897,1.34920,967
1779713100,1.34920,1.34928,1.34901,1.34913,527
1779714000,1.34913,1.34915,1.34875,1.34908,1035
1779714900,1.34908,1.34955,1.34908,1.34953,906
1779715800,1.34954,1.35045,1.34953,1.35044,1793
1779716700,1.35044,1.35063,1.34983,1.34984,1580
1779717600,1.34983,1.35022,1.34971,1.35010,1293
1779718500,1.35011,1.35025,1.34991,1.34999,1503
1779719400,1.34999,1.35062,1.34999,1.35051,1404
1779720300,1.35051,1.35067,1.35002,1.35007,1912
1779721200,1.35007,1.35031,1.34985,1.34996,1635
1779722100,1.34996,1.35023,1.34982,1.35019,1355
1779723000,1.35018,1.35040,1.34989,1.34991,1449
1779723900,1.34991,1.35005,1.34939,1.34940,1237
1779724800,1.34940,1.34979,1.34926,1.34941,1173
1779725700,1.34942,1.34984,1.34941,1.34969,1083
1779726600,1.34969,1.35013,1.34948,1.35008,1320
1779727500,1.35008,1.35020,1.34977,1.35008,1772
1779728400,1.35008,1.35055,1.34959,1.35000,3012
1779729300,1.35000,1.35041,1.34988,1.35027,1357
1779730200,1.35027,1.35051,1.35012,1.35049,859
1779731100,1.35049,1.35055,1.35018,1.35021,670
1779732000,1.35021,1.35023,1.34993,1.35012,610
1779732900,1.35012,1.35019,1.35000,1.35002,797
1779733800,1.35001,1.35016,1.34990,1.35012,1382
1779734700,1.35012,1.35051,1.35010,1.35039,879
1779735600,1.35039,1.35054,1.35034,1.35045,285
1779736500,1.35045,1.35067,1.35045,1.35066,425
1779737400,1.35065,1.35076,1.35058,1.35068,423
1779738300,1.35068,1.35069,1.35041,1.35058,585
1779739200,1.35058,1.35072,1.35048,1.35066,789
1779740100,1.35066,1.35068,1.35053,1.35056,494
1779741000,1.35056,1.35073,1.35052,1.35055,437
1779741900,1.35055,1.35072,1.35055,1.35070,297
1779742800,1.35070,1.35071,1.35057,1.35059,405
1779743700,1.35059,1.35071,1.35057,1.35066,304
1779744600,1.35066,1.35091,1.35057,1.35085,428
1779745500,1.35084,1.35091,1.35072,1.35080,360
1779746400,1.35080,1.35085,1.35076,1.35082,262
1779747300,1.35082,1.35084,1.35066,1.35083,394
1779748200,1.35083,1.35085,1.35056,1.35070,582
1779749100,1.35070,1.35083,1.35068,1.35069,558
1779750000,1.35024,1.35068,1.34998,1.35017,193
1779750900,1.35018,1.35029,1.35000,1.35018,299
1779751800,1.35017,1.35050,1.34999,1.35023,1120
1779752700,1.35020,1.35050,1.34981,1.35027,655
1779753600,1.35021,1.35056,1.35008,1.35043,616
1779754500,1.35043,1.35043,1.35028,1.35034,241
1779755400,1.35035,1.35051,1.35026,1.35049,280
1779756300,1.35050,1.35052,1.35032,1.35033,206
1779757200,1.35032,1.35053,1.35029,1.35036,400
1779758100,1.35036,1.35042,1.35003,1.35010,394
1779759000,1.35009,1.35009,1.34976,1.34983,638
1779759900,1.34983,1.35024,1.34956,1.34959,1067
1779760800,1.34960,1.34970,1.34928,1.34930,3258
1779761700,1.34930,1.34944,1.34881,1.34927,2413
1779762600,1.34927,1.34942,1.34908,1.34918,1968
1779763500,1.34918,1.34955,1.34907,1.34943,1762
1779764400,1.34943,1.34951,1.34890,1.34937,2759
1779765300,1.34937,1.34941,1.34898,1.34909,2156
1779766200,1.34909,1.34914,1.34826,1.34843,2598
1779767100,1.34843,1.34878,1.34839,1.34870,1539
1779768000,1.34869,1.34903,1.34864,1.34868,1080
1779768900,1.34868,1.34886,1.34862,1.34870,1272
1779769800,1.34871,1.34882,1.34843,1.34846,1489
1779770700,1.34846,1.34880,1.34832,1.34872,1217
1779771600,1.34872,1.34897,1.34868,1.34882,1136
1779772500,1.34882,1.34922,1.34881,1.34889,1131
1779773400,1.34889,1.34899,1.34878,1.34883,1022
1779774300,1.34883,1.34889,1.34869,1.34886,943
1779775200,1.34886,1.34889,1.34852,1.34888,881
1779776100,1.34888,1.34888,1.34852,1.34854,795
1779777000,1.34853,1.34870,1.34841,1.34848,995
1779777900,1.34848,1.34849,1.34806,1.34808,1240
1779778800,1.34809,1.34816,1.34782,1.34787,1723
1779779700,1.34788,1.34796,1.34776,1.34785,1435
1779780600,1.34785,1.34799,1.34767,1.34779,1728
1779781500,1.34779,1.34780,1.34744,1.34752,1209
1779782400,1.34752,1.34769,1.34738,1.34767,1624
1779783300,1.34767,1.34852,1.34758,1.34800,2383
1779784200,1.34799,1.34812,1.34751,1.34793,2203
1779785100,1.34793,1.34805,1.34765,1.34778,1989
1779786000,1.34778,1.34784,1.34648,1.34739,4065
1779786900,1.34739,1.34741,1.34677,1.34712,2249
1779787800,1.34713,1.34774,1.34682,1.34707,3004
1779788700,1.34707,1.34758,1.34677,1.34748,2877
1779789600,1.34748,1.34811,1.34717,1.34762,2882
1779790500,1.34762,1.34796,1.34737,1.34759,2056
1779791400,1.34759,1.34784,1.34725,1.34729,2126
1779792300,1.34729,1.34795,1.34721,1.34750,1607
1779793200,1.34750,1.34788,1.34725,1.34778,1771
1779794100,1.34779,1.34821,1.34751,1.34818,2086
1779795000,1.34819,1.34834,1.34786,1.34788,1789
1779795900,1.34788,1.34851,1.34785,1.34839,1761
1779796800,1.34839,1.34839,1.34780,1.34814,2368
1779797700,1.34815,1.34841,1.34792,1.34834,2228
1779798600,1.34834,1.34866,1.34805,1.34826,2460
1779799500,1.34827,1.34893,1.34816,1.34849,2051
1779800400,1.34849,1.34895,1.34839,1.34851,2139
1779801300,1.34851,1.34888,1.34808,1.34810,1816
1779802200,1.34811,1.34824,1.34697,1.34698,2874
1779803100,1.34698,1.34711,1.34684,1.34693,2458
1779804000,1.34693,1.34716,1.34660,1.34691,2912
1779804900,1.34690,1.34751,1.34684,1.34742,2099
1779805800,1.34743,1.34743,1.34681,1.34700,2529
1779806700,1.34700,1.34719,1.34667,1.34670,2087
1779807600,1.34670,1.34691,1.34646,1.34668,2866
1779808500,1.34668,1.34703,1.34636,1.34639,2685
1779809400,1.34638,1.34684,1.34625,1.34632,4020
1779810300,1.34632,1.34681,1.34569,1.34639,4053
1779811200,1.34640,1.34691,1.34604,1.34621,3477
1779812100,1.34621,1.34641,1.34580,1.34605,2971
1779813000,1.34605,1.34691,1.34592,1.34613,3243
1779813900,1.34613,1.34635,1.34497,1.34497,4000
1779814800,1.34497,1.34503,1.34420,1.34444,3733
1779815700,1.34444,1.34448,1.34347,1.34425,2862
1779816600,1.34424,1.34450,1.34361,1.34389,3241
1779817500,1.34389,1.34413,1.34348,1.34359,2596
1779818400,1.34359,1.34439,1.34348,1.34423,2491
1779819300,1.34423,1.34489,1.34423,1.34458,2073
1779820200,1.34458,1.34480,1.34410,1.34414,1969
1779821100,1.34413,1.34431,1.34396,1.34413,2357
1779822000,1.34414,1.34483,1.34411,1.34463,1965
1779822900,1.34463,1.34472,1.34428,1.34431,1186
1779823800,1.34431,1.34464,1.34391,1.34398,1366
1779824700,1.34398,1.34425,1.34385,1.34412,1545
1779825600,1.34412,1.34435,1.34394,1.34428,1659
1779826500,1.34428,1.34436,1.34409,1.34421,1448
1779827400,1.34421,1.34442,1.34412,1.34430,1508
1779828300,1.34430,1.34460,1.34429,1.34448,1531
1779829200,1.34448,1.34459,1.34425,1.34428,1503
1779830100,1.34428,1.34462,1.34428,1.34449,1156
1779831000,1.34449,1.34492,1.34449,1.34486,1361
1779831900,1.34486,1.34502,1.34476,1.34489,1408
1779832800,1.34489,1.34538,1.34485,1.34517,1039
1779833700,1.34518,1.34521,1.34480,1.34480,712
1779834600,1.34480,1.34504,1.34477,1.34480,480
1779835500,1.34482,1.34489,1.34453,1.34471,757
1779836400,1.34468,1.34475,1.34468,1.34471,36
1779837300,1.34471,1.34474,1.34467,1.34473,59
1779838200,1.34474,1.34533,1.34466,1.34525,1004
1779839100,1.34511,1.34530,1.34479,1.34486,614
1779840000,1.34506,1.34507,1.34477,1.34485,1005
1779840900,1.34485,1.34491,1.34480,1.34489,384
1779841800,1.34489,1.34495,1.34483,1.34494,275
1779842700,1.34495,1.34510,1.34490,1.34506,535
1779843600,1.34505,1.34514,1.34500,1.34509,357
1779844500,1.34509,1.34546,1.34509,1.34545,427
1779845400,1.34545,1.34590,1.34538,1.34582,513
1779846300,1.34586,1.34591,1.34544,1.34548,961
1779847200,1.34548,1.34577,1.34541,1.34566,2165
1779848100,1.34568,1.34578,1.34555,1.34566,1494
1779849000,1.34567,1.34568,1.34546,1.34564,1380
1779849900,1.34565,1.34580,1.34542,1.34556,1977
1779850800,1.34552,1.34557,1.34535,1.34548,2053
1779851700,1.34550,1.34558,1.34522,1.34532,1718
1779852600,1.34531,1.34533,1.34473,1.34497,2335
1779853500,1.34497,1.34499,1.34461,1.34472,1599
1779854400,1.34472,1.34527,1.34472,1.34498,2239
1779855300,1.34498,1.34516,1.34480,1.34492,1660
1779856200,1.34493,1.34510,1.34487,1.34497,1767
1779857100,1.34496,1.34542,1.34495,1.34524,1463
1779858000,1.34524,1.34585,1.34523,1.34552,1424
1779858900,1.34552,1.34559,1.34538,1.34551,1259
1779859800,1.34551,1.34559,1.34530,1.34545,1044
1779860700,1.34546,1.34553,1.34535,1.34547,1174
1779861600,1.34546,1.34562,1.34541,1.34549,1142
1779862500,1.34549,1.34565,1.34529,1.34531,1031
1779863400,1.34531,1.34558,1.34529,1.34558,1206
1779864300,1.34557,1.34558,1.34532,1.34542,1325
1779865200,1.34541,1.34569,1.34534,1.34557,1210
1779866100,1.34556,1.34568,1.34538,1.34560,1116
1779867000,1.34560,1.34566,1.34520,1.34537,1966
1779867900,1.34537,1.34545,1.34489,1.34496,1543
1779868800,1.34494,1.34504,1.34462,1.34469,1905
1779869700,1.34469,1.34482,1.34449,1.34471,2297
1779870600,1.34471,1.34546,1.34445,1.34544,2378
1779871500,1.34545,1.34562,1.34509,1.34525,2219
1779872400,1.34528,1.34566,1.34497,1.34502,2379
1779873300,1.34500,1.34508,1.34467,1.34479,2082
1779874200,1.34479,1.34492,1.34461,1.34488,1881
1779875100,1.34488,1.34490,1.34420,1.34432,2319
1779876000,1.34432,1.34512,1.34415,1.34483,2395
1779876900,1.34482,1.34521,1.34430,1.34473,2415
1779877800,1.34473,1.34473,1.34427,1.34458,1871
1779878700,1.34460,1.34477,1.34420,1.34465,1944
1779879600,1.34464,1.34511,1.34451,1.34489,1912
1779880500,1.34489,1.34522,1.34475,1.34501,1853
1779881400,1.34500,1.34502,1.34460,1.34460,1366
1779882300,1.34461,1.34523,1.34450,1.34454,1952
1779883200,1.34454,1.34463,1.34428,1.34432,1679
1779884100,1.34432,1.34432,1.34361,1.34374,1990
1779885000,1.34373,1.34413,1.34364,1.34413,2121
1779885900,1.34413,1.34423,1.34388,1.34410,1690
1779886800,1.34410,1.34429,1.34343,1.34400,2183
1779887700,1.34400,1.34418,1.34356,1.34360,2104
1779888600,1.34360,1.34390,1.34348,1.34383,1944
1779889500,1.34383,1.34388,1.34303,1.34350,2190
1779890400,1.34350,1.34360,1.34316,1.34339,2951
1779891300,1.34340,1.34569,1.34320,1.34532,6772
1779892200,1.34532,1.34561,1.34485,1.34489,4567
1779893100,1.34488,1.34494,1.34387,1.34401,3754
1779894000,1.34401,1.34483,1.34397,1.34456,3158
1779894900,1.34455,1.34481,1.34413,1.34439,3311
1779895800,1.34438,1.34490,1.34417,1.34438,4695
1779896700,1.34435,1.34479,1.34411,1.34468,3698
1779897600,1.34468,1.34523,1.34428,1.34523,4113
1779898500,1.34522,1.34582,1.34452,1.34488,4604
1779899400,1.34487,1.34540,1.34397,1.34512,4829
1779900300,1.34512,1.34536,1.34174,1.34190,5716
1779901200,1.34190,1.34302,1.34164,1.34298,4691
1779902100,1.34300,1.34301,1.34232,1.34280,2481
1779903000,1.34281,1.34317,1.34244,1.34252,4223
1779903900,1.34253,1.34293,1.34222,1.34292,3851
1779904800,1.34292,1.34293,1.34203,1.34257,3835
1779905700,1.34257,1.34320,1.34257,1.34290,2554
1779906600,1.34290,1.34298,1.34271,1.34276,1973
1779907500,1.34276,1.34317,1.34276,1.34310,1894
1779908400,1.34310,1.34320,1.34189,1.34201,3118
1779909300,1.34201,1.34227,1.34175,1.34189,2281
1779910200,1.34189,1.34214,1.34173,1.34207,1446
1779911100,1.34207,1.34286,1.34207,1.34268,1971
1779912000,1.34268,1.34274,1.34223,1.34233,2010
1779912900,1.34233,1.34278,1.34226,1.34271,2032
1779913800,1.34271,1.34289,1.34257,1.34277,1853
1779914700,1.34273,1.34312,1.34265,1.34298,1628
1779915600,1.34298,1.34318,1.34286,1.34301,1410
1779916500,1.34301,1.34330,1.34292,1.34313,1484
1779917400,1.34313,1.34331,1.34298,1.34311,1425
1779918300,1.34311,1.34313,1.34294,1.34306,1278
1779919200,1.34306,1.34330,1.34299,1.34319,1023
1779920100,1.34319,1.34320,1.34298,1.34301,421
1779921000,1.34301,1.34319,1.34299,1.34305,712
1779921900,1.34305,1.34307,1.34266,1.34275,975
1779922800,1.34231,1.34248,1.34229,1.34243,110
1779923700,1.34244,1.34264,1.34244,1.34257,128
1779924600,1.34258,1.34277,1.34253,1.34274,317
1779925500,1.34274,1.34297,1.34263,1.34265,1033
1779926400,1.34280,1.34307,1.34261,1.34300,477
1779927300,1.34300,1.34307,1.34278,1.34278,296
1779928200,1.34278,1.34292,1.34271,1.34280,391
1779929100,1.34280,1.34281,1.34257,1.34277,284
1779930000,1.34277,1.34286,1.34265,1.34280,325
1779930900,1.34280,1.34292,1.34217,1.34226,927
1779931800,1.34226,1.34226,1.34188,1.34209,1191
1779932700,1.34208,1.34209,1.34144,1.34160,1591
1779933600,1.34160,1.34180,1.34147,1.34165,3015
1779934500,1.34166,1.34201,1.34158,1.34192,2305
1779935400,1.34192,1.34194,1.34150,1.34150,1764
1779936300,1.34150,1.34161,1.34096,1.34135,1740
1779937200,1.34136,1.34142,1.34098,1.34121,2256
1779938100,1.34121,1.34132,1.34098,1.34104,2119
1779939000,1.34104,1.34119,1.34054,1.34055,1876
1779939900,1.34055,1.34055,1.33975,1.33985,2083
1779940800,1.33986,1.34029,1.33986,1.34027,2151
1779941700,1.34026,1.34055,1.34018,1.34049,1602
1779942600,1.34050,1.34069,1.34009,1.34014,1860
1779943500,1.34014,1.34022,1.34001,1.34019,2011
1779944400,1.34019,1.34037,1.33938,1.33940,1908
1779945300,1.33940,1.33949,1.33884,1.33891,2794
1779946200,1.33891,1.33892,1.33758,1.33761,3497
1779947100,1.33761,1.33778,1.33686,1.33688,2756
1779948000,1.33687,1.33752,1.33676,1.33735,2747
1779948900,1.33733,1.33751,1.33707,1.33716,2801
1779949800,1.33714,1.33784,1.33714,1.33764,1902
1779950700,1.33764,1.33783,1.33749,1.33778,1942
1779951600,1.33777,1.33795,1.33754,1.33790,1880
1779952500,1.33789,1.33844,1.33781,1.33838,1532
1779953400,1.33838,1.33944,1.33836,1.33931,2126
1779954300,1.33932,1.33962,1.33921,1.33923,1789
1779955200,1.33924,1.33993,1.33908,1.33984,2666
1779956100,1.33983,1.34024,1.33959,1.33994,3057
1779957000,1.33994,1.34080,1.33990,1.34064,3610
1779957900,1.34065,1.34077,1.34025,1.34040,2721
1779958800,1.34047,1.34117,1.34045,1.34106,4383
1779959700,1.34108,1.34108,1.34006,1.34032,4120
1779960600,1.34032,1.34069,1.33995,1.34026,3109
1779961500,1.34027,1.34055,1.34016,1.34027,2367
1779962400,1.34028,1.34071,1.33979,1.33997,3135
1779963300,1.33997,1.34029,1.33956,1.33994,2711
1779964200,1.33995,1.34006,1.33951,1.33962,2554
1779965100,1.33961,1.34039,1.33955,1.34017,2258
1779966000,1.34017,1.34081,1.34012,1.34068,2460
1779966900,1.34069,1.34098,1.34039,1.34043,2841
1779967800,1.34042,1.34050,1.33986,1.33989,2419
1779968700,1.33989,1.34006,1.33949,1.33959,2337
1779969600,1.33959,1.33973,1.33900,1.33942,2627
1779970500,1.33942,1.33982,1.33910,1.33979,2958
1779971400,1.33979,1.33983,1.33871,1.33883,2275
1779972300,1.33883,1.33950,1.33865,1.33893,3955
1779973200,1.33893,1.33963,1.33891,1.33960,3044
1779974100,1.33960,1.34011,1.33960,1.34006,1643
1779975000,1.34006,1.34032,1.33960,1.34029,1636
1779975900,1.34028,1.34106,1.34011,1.34067,2420
1779976800,1.34067,1.34082,1.34032,1.34068,2555
1779977700,1.34069,1.34110,1.34055,1.34108,2243
1779978600,1.34108,1.34228,1.34098,1.34197,3719
1779979500,1.34197,1.34251,1.34181,1.34210,3686
1779980400,1.34210,1.34282,1.34156,1.34158,3736
1779981300,1.34158,1.34211,1.34140,1.34170,3150
1779982200,1.34171,1.34251,1.34158,1.34232,4947
1779983100,1.34232,1.34260,1.34126,1.34126,4051
1779984000,1.34126,1.34514,1.34075,1.34374,5253
1779984900,1.34374,1.34421,1.34306,1.34390,5851
1779985800,1.34390,1.34442,1.34293,1.34350,4976
1779986700,1.34350,1.34399,1.34254,1.34329,5402
1779987600,1.34330,1.34421,1.34321,1.34400,4527
1779988500,1.34400,1.34412,1.34345,1.34369,3271
1779989400,1.34369,1.34411,1.34339,1.34367,3458
1779990300,1.34367,1.34392,1.34347,1.34359,3180
1779991200,1.34359,1.34404,1.34323,1.34399,3170
1779992100,1.34399,1.34486,1.34387,1.34442,3718
1779993000,1.34442,1.34463,1.34407,1.34438,3041
1779993900,1.34438,1.34470,1.34415,1.34466,3156
1779994800,1.34466,1.34482,1.34434,1.34459,2482
1779995700,1.34460,1.34460,1.34410,1.34413,2374
1779996600,1.34413,1.34461,1.34408,1.34413,1861
1779997500,1.34412,1.34467,1.34412,1.34457,2549
1779998400,1.34457,1.34477,1.34418,1.34444,3115
1779999300,1.34445,1.34483,1.34387,1.34392,3806
1780000200,1.34392,1.34397,1.34365,1.34385,2419
1780001100,1.34385,1.34426,1.34384,1.34405,1967
1780002000,1.34400,1.34409,1.34376,1.34385,2227
1780002900,1.34384,1.34411,1.34381,1.34407,1380
1780003800,1.34407,1.34443,1.34407,1.34415,1779
1780004700,1.34415,1.34440,1.34384,1.34395,2284
1780005600,1.34394,1.34423,1.34387,1.34410,1864
1780006500,1.34410,1.34419,1.34390,1.34392,861
1780007400,1.34392,1.34423,1.34392,1.34420,709
1780008300,1.34419,1.34440,1.34418,1.34438,509
1780009200,1.34445,1.34447,1.34399,1.34419,92
1780010100,1.34419,1.34429,1.34403,1.34424,114
1780011000,1.34424,1.34445,1.34407,1.34429,468
1780011900,1.34432,1.34458,1.34418,1.34443,413
1780012800,1.34444,1.34461,1.34438,1.34454,625
1780013700,1.34454,1.34458,1.34441,1.34444,347
1780014600,1.34444,1.34444,1.34421,1.34426,238
1780015500,1.34429,1.34430,1.34416,1.34419,221
1780016400,1.34419,1.34453,1.34418,1.34440,618
1780017300,1.34440,1.34450,1.34437,1.34441,457
1780018200,1.34440,1.34454,1.34428,1.34447,531
1780019100,1.34445,1.34457,1.34433,1.34441,622
1780020000,1.34441,1.34463,1.34437,1.34450,2227
1780020900,1.34450,1.34490,1.34442,1.34460,2133
1780021800,1.34460,1.34460,1.34406,1.34436,1582
1780022700,1.34435,1.34443,1.34395,1.34410,1847
1780023600,1.34410,1.34468,1.34383,1.34466,2371
1780024500,1.34466,1.34509,1.34458,1.34483,2021
1780025400,1.34483,1.34486,1.34440,1.34444,2066
1780026300,1.34444,1.34446,1.34388,1.34399,2367
1780027200,1.34400,1.34430,1.34392,1.34426,2019
1780028100,1.34426,1.34429,1.34397,1.34408,1418
1780029000,1.34407,1.34440,1.34396,1.34430,1609
1780029900,1.34431,1.34440,1.34381,1.34384,1406
1780030800,1.34384,1.34389,1.34343,1.34348,1370
1780031700,1.34347,1.34353,1.34332,1.34351,1521
1780032600,1.34351,1.34357,1.34313,1.34333,1326
1780033500,1.34333,1.34337,1.34305,1.34324,1122
1780034400,1.34324,1.34353,1.34321,1.34345,968
1780035300,1.34345,1.34356,1.34327,1.34339,1697
1780036200,1.34339,1.34369,1.34327,1.34368,1137
1780037100,1.34368,1.34386,1.34363,1.34385,888
1780038000,1.34386,1.34407,1.34376,1.34404,1215
1780038900,1.34403,1.34419,1.34397,1.34405,849
1780039800,1.34405,1.34405,1.34362,1.34378,948
1780040700,1.34378,1.34403,1.34369,1.34389,1206
1780041600,1.34388,1.34443,1.34372,1.34441,1883
1780042500,1.34441,1.34441,1.34390,1.34399,2931
1780043400,1.34400,1.34448,1.34357,1.34390,3176
1780044300,1.34389,1.34439,1.34384,1.34421,1829
1780045200,1.34416,1.34416,1.34316,1.34324,2723
1780046100,1.34319,1.34340,1.34226,1.34237,2523
1780047000,1.34237,1.34259,1.34176,1.34257,2795
1780047900,1.34256,1.34278,1.34232,1.34260,1804
1780048800,1.34259,1.34261,1.34188,1.34191,3826
1780049700,1.34192,1.34217,1.34182,1.34197,2872
1780050600,1.34197,1.34227,1.34156,1.34165,2542
1780051500,1.34166,1.34166,1.34084,1.34117,2942
1780052400,1.34117,1.34163,1.34095,1.34157,3475
1780053300,1.34157,1.34194,1.34129,1.34154,2325
1780054200,1.34153,1.34159,1.34107,1.34129,2291
1780055100,1.34129,1.34191,1.34126,1.34175,2704
1780056000,1.34174,1.34176,1.34130,1.34154,2896
1780056900,1.34154,1.34180,1.34132,1.34144,2023
1780057800,1.34144,1.34164,1.34116,1.34138,1829
1780058700,1.34137,1.34185,1.34103,1.34179,2457
1780059600,1.34177,1.34203,1.34157,1.34164,2128
1780060500,1.34164,1.34198,1.34156,1.34193,2404
1780061400,1.34193,1.34258,1.34168,1.34252,2261
1780062300,1.34252,1.34297,1.34196,1.34290,2714
1780063200,1.34291,1.34300,1.34246,1.34288,2553
1780064100,1.34288,1.34295,1.34230,1.34255,1987
1780065000,1.34255,1.34300,1.34217,1.34298,3108
1780065900,1.34297,1.34346,1.34269,1.34342,2759
1780066800,1.34342,1.34358,1.34310,1.34349,2736
1780067700,1.34348,1.34441,1.34348,1.34411,2456
1780068600,1.34411,1.34454,1.34391,1.34450,3321
1780069500,1.34449,1.34473,1.34377,1.34390,3769
1780070400,1.34389,1.34462,1.34369,1.34383,4014
1780071300,1.34383,1.34399,1.34342,1.34395,4145
1780072200,1.34395,1.34408,1.34297,1.34399,4376
1780073100,1.34399,1.34810,1.34382,1.34777,7399
1780074000,1.34777,1.34848,1.34758,1.34828,5713
1780074900,1.34832,1.34854,1.34729,1.34746,5010
1780075800,1.34749,1.34854,1.34700,1.34718,6062
1780076700,1.34718,1.34782,1.34710,1.34747,3971
1780077600,1.34747,1.34759,1.34658,1.34668,3225
1780078500,1.34668,1.34719,1.34659,1.34697,2459
1780079400,1.34697,1.34719,1.34657,1.34662,3828
1780080300,1.34661,1.34682,1.34640,1.34674,3241
1780081200,1.34675,1.34699,1.34659,1.34663,2072
1780082100,1.34663,1.34679,1.34598,1.34627,2351
1780083000,1.34627,1.34641,1.34587,1.34609,1900
1780083900,1.34609,1.34616,1.34557,1.34559,1906
1780084800,1.34559,1.34603,1.34553,1.34599,1872
1780085700,1.34598,1.34619,1.34583,1.34594,2164
1780086600,1.34595,1.34650,1.34595,1.34606,1606
1780087500,1.34606,1.34638,1.34551,1.34607,2813
1780088400,1.34607,1.34668,1.34607,1.34659,2308
1780089300,1.34659,1.34668,1.34627,1.34666,1336
1780090200,1.34666,1.34711,1.34663,1.34701,1211
1780091100,1.34701,1.34708,1.34667,1.34677,3072
1780092000,1.34677,1.34683,1.34627,1.34638,1867
1780092900,1.34637,1.34638,1.34606,1.34608,1542
1780093800,1.34608,1.34614,1.34595,1.34602,1703
1780094700,1.34602,1.34602,1.34534,1.34558,2510
1780268400,1.34580,1.34596,1.34564,1.34579,78
1780269300,1.34582,1.34631,1.34531,1.34620,1485
1780270200,1.34615,1.34644,1.34613,1.34636,555
1780271100,1.34638,1.34644,1.34546,1.34548,438
1780272000,1.34545,1.34546,1.34459,1.34493,689
1780272900,1.34493,1.34503,1.34477,1.34479,349
1780273800,1.34479,1.34485,1.34461,1.34479,871
1780274700,1.34479,1.34500,1.34479,1.34491,921
1780275600,1.34491,1.34508,1.34480,1.34497,1118
1780276500,1.34495,1.34516,1.34489,1.34514,738
1780277400,1.34513,1.34545,1.34495,1.34545,1760
1780278300,1.34545,1.34591,1.34505,1.34509,2417
1780279200,1.34512,1.34546,1.34487,1.34512,2719
1780280100,1.34512,1.34527,1.34457,1.34481,2699
1780281000,1.34481,1.34492,1.34459,1.34486,2193
1780281900,1.34485,1.34520,1.34458,1.34516,2098
1780282800,1.34515,1.34531,1.34495,1.34514,2405
1780283700,1.34514,1.34537,1.34494,1.34499,2125
1780284600,1.34500,1.34528,1.34485,1.34526,1884
1780285500,1.34526,1.34541,1.34504,1.34539,1446
1780286400,1.34539,1.34560,1.34532,1.34554,1426
1780287300,1.34554,1.34565,1.34540,1.34541,1343
1780288200,1.34541,1.34556,1.34530,1.34532,1545
1780289100,1.34533,1.34564,1.34531,1.34560,1576
1780290000,1.34560,1.34593,1.34558,1.34559,1707
1780290900,1.34559,1.34578,1.34519,1.34572,1941
1780291800,1.34572,1.34596,1.34499,1.34503,1616
1780292700,1.34504,1.34518,1.34495,1.34501,1277
1780293600,1.34502,1.34535,1.34497,1.34528,745
1780294500,1.34528,1.34563,1.34527,1.34561,794
1780295400,1.34559,1.34580,1.34553,1.34572,1015
1780296300,1.34572,1.34573,1.34553,1.34572,647
1780297200,1.34572,1.34632,1.34565,1.34621,1447
1780298100,1.34620,1.34641,1.34619,1.34623,1379
1780299000,1.34623,1.34645,1.34613,1.34644,1606
1780299900,1.34644,1.34660,1.34628,1.34632,1436
1780300800,1.34632,1.34699,1.34632,1.34668,2487
1780301700,1.34668,1.34668,1.34580,1.34620,2149
1780302600,1.34621,1.34680,1.34618,1.34661,2445
1780303500,1.34661,1.34762,1.34651,1.34726,3499
1780304400,1.34727,1.34727,1.34626,1.34648,3596
1780305300,1.34648,1.34671,1.34606,1.34651,2891
1780306200,1.34651,1.34667,1.34580,1.34589,2755
1780307100,1.34589,1.34640,1.34554,1.34607,2484
1780308000,1.34607,1.34673,1.34605,1.34673,2727
1780308900,1.34672,1.34715,1.34651,1.34698,2359
1780309800,1.34698,1.34730,1.34667,1.34727,2498
1780310700,1.34727,1.34736,1.34674,1.34708,2372
1780311600,1.34708,1.34752,1.34660,1.34670,2640
1780312500,1.34670,1.34695,1.34598,1.34624,2428
1780313400,1.34625,1.34630,1.34573,1.34601,2176
1780314300,1.34601,1.34616,1.34586,1.34599,2698
1780315200,1.34598,1.34616,1.34572,1.34602,2453
1780316100,1.34602,1.34609,1.34555,1.34592,2302
1780317000,1.34592,1.34648,1.34583,1.34648,1982
1780317900,1.34650,1.34658,1.34603,1.34632,2055
1780318800,1.34631,1.34646,1.34600,1.34631,2172
1780319700,1.34630,1.34661,1.34618,1.34648,1875
1780320600,1.34648,1.34648,1.34609,1.34633,2375
1780321500,1.34632,1.34664,1.34627,1.34656,1438
1780322400,1.34656,1.34684,1.34627,1.34630,2654
1780323300,1.34630,1.34669,1.34625,1.34662,2659
1780324200,1.34662,1.34689,1.34625,1.34671,3169
1780325100,1.34670,1.34688,1.34632,1.34638,3018
1780326000,1.34638,1.34640,1.34368,1.34417,5515
1780326900,1.34418,1.34522,1.34329,1.34345,6839
1780327800,1.34345,1.34362,1.34261,1.34263,5953
1780328700,1.34262,1.34270,1.34106,1.34146,4524
1780329600,1.34145,1.34228,1.34069,1.34226,4933
1780330500,1.34226,1.34279,1.34168,1.34241,4384
1780331400,1.34241,1.34282,1.34204,1.34271,4488
1780332300,1.34271,1.34374,1.34193,1.34371,4390
1780333200,1.34371,1.34382,1.34331,1.34338,4302
1780334100,1.34338,1.34477,1.34338,1.34465,3810
1780335000,1.34464,1.34560,1.34449,1.34483,4789
1780335900,1.34484,1.34504,1.34437,1.34494,1996
1780336800,1.34495,1.34540,1.34420,1.34433,2995
1780337700,1.34434,1.34471,1.34406,1.34465,2313
1780338600,1.34465,1.34542,1.34456,1.34479,2755
1780339500,1.34479,1.34631,1.34479,1.34608,3475
1780340400,1.34607,1.34618,1.34538,1.34555,3093
1780341300,1.34555,1.34658,1.34542,1.34658,2713
1780342200,1.34656,1.34702,1.34620,1.34669,4236
1780343100,1.34669,1.34694,1.34645,1.34648,3017
1780344000,1.34649,1.34660,1.34636,1.34638,1663
1780344900,1.34638,1.34653,1.34617,1.34627,1596
1780345800,1.34627,1.34639,1.34611,1.34630,1244
1780346700,1.34629,1.34630,1.34572,1.34572,1832
1780347600,1.34572,1.34603,1.34549,1.34591,1539
1780348500,1.34590,1.34612,1.34585,1.34589,1380
1780349400,1.34589,1.34609,1.34588,1.34591,1661
1780350300,1.34591,1.34600,1.34534,1.34592,2223
1780351200,1.34591,1.34610,1.34572,1.34579,1244
1780352100,1.34578,1.34586,1.34563,1.34579,819
1780353000,1.34574,1.34589,1.34567,1.34581,797
1780353900,1.34580,1.34582,1.34544,1.34551,1011
1780354800,1.34576,1.34624,1.34529,1.34590,1118
1780355700,1.34574,1.34623,1.34550,1.34600,763
1780356600,1.34601,1.34650,1.34565,1.34633,3566
1780357500,1.34633,1.34633,1.34556,1.34584,1225
1780358400,1.34581,1.34597,1.34563,1.34576,786
1780359300,1.34576,1.34580,1.34561,1.34562,311
1780360200,1.34562,1.34582,1.34561,1.34576,313
1780361100,1.34576,1.34587,1.34571,1.34581,383
1780362000,1.34582,1.34603,1.34580,1.34591,523
1780362900,1.34591,1.34596,1.34587,1.34588,326
1780363800,1.34589,1.34607,1.34570,1.34606,768
1780364700,1.34606,1.34608,1.34589,1.34600,1037
1780365600,1.34600,1.34622,1.34565,1.34600,1946
1780366500,1.34600,1.34611,1.34581,1.34599,1352
1780367400,1.34599,1.34617,1.34568,1.34578,1131
1780368300,1.34578,1.34580,1.34525,1.34539,1801
1780369200,1.34539,1.34615,1.34531,1.34600,2543
1780370100,1.34600,1.34600,1.34559,1.34572,2313
1780371000,1.34572,1.34611,1.34564,1.34571,1832
1780371900,1.34570,1.34572,1.34509,1.34521,2527
1780372800,1.34520,1.34541,1.34510,1.34529,1944
1780373700,1.34529,1.34557,1.34519,1.34556,1555
1780374600,1.34555,1.34569,1.34527,1.34531,1328
1780375500,1.34531,1.34549,1.34528,1.34538,1144
1780376400,1.34537,1.34565,1.34535,1.34558,1808
1780377300,1.34558,1.34569,1.34540,1.34561,1481
1780378200,1.34560,1.34580,1.34555,1.34570,1314
1780379100,1.34570,1.34590,1.34560,1.34584,1241
1780380000,1.34583,1.34594,1.34572,1.34581,1305
1780380900,1.34580,1.34608,1.34580,1.34598,940
1780381800,1.34598,1.34631,1.34597,1.34630,771
1780382700,1.34630,1.34647,1.34626,1.34639,810
1780383600,1.34639,1.34658,1.34632,1.34653,1120
1780384500,1.34654,1.34664,1.34628,1.34652,1471
1780385400,1.34652,1.34671,1.34649,1.34651,1695
1780386300,1.34652,1.34653,1.34611,1.34612,1309
1780387200,1.34612,1.34762,1.34612,1.34739,2254
1780388100,1.34739,1.34807,1.34737,1.34795,2865
1780389000,1.34796,1.34817,1.34749,1.34754,3794
1780389900,1.34754,1.34785,1.34745,1.34782,2212
1780390800,1.34782,1.34791,1.34728,1.34739,3393
1780391700,1.34738,1.34740,1.34678,1.34723,2852
1780392600,1.34720,1.34771,1.34706,1.34756,2735
1780393500,1.34756,1.34762,1.34703,1.34721,3520
1780394400,1.34720,1.34759,1.34685,1.34692,3285
1780395300,1.34692,1.34709,1.34662,1.34680,2922
1780396200,1.34679,1.34697,1.34647,1.34652,2225
1780397100,1.34652,1.34652,1.34608,1.34635,2035
1780398000,1.34635,1.34663,1.34608,1.34663,1993
1780398900,1.34663,1.34691,1.34648,1.34689,1789
1780399800,1.34689,1.34704,1.34658,1.34677,1950
1780400700,1.34678,1.34708,1.34665,1.34703,1551
1780401600,1.34703,1.34744,1.34668,1.34737,1723
1780402500,1.34737,1.34741,1.34666,1.34691,1870
1780403400,1.34691,1.34699,1.34677,1.34692,1855
1780404300,1.34693,1.34718,1.34676,1.34679,1787
1780405200,1.34679,1.34710,1.34676,1.34681,2283
1780406100,1.34681,1.34698,1.34655,1.34681,2519
1780407000,1.34682,1.34708,1.34661,1.34702,2527
1780407900,1.34701,1.34771,1.34695,1.34740,1921
1780408800,1.34741,1.34753,1.34711,1.34721,2040
1780409700,1.34722,1.34771,1.34706,1.34771,2381
1780410600,1.34771,1.34775,1.34722,1.34738,2495
1780411500,1.34739,1.34747,1.34714,1.34720,2643
1780412400,1.34720,1.34762,1.34709,1.34731,3768
1780413300,1.34731,1.34771,1.34725,1.34731,3086
1780414200,1.34732,1.34778,1.34732,1.34738,3226
1780415100,1.34737,1.34751,1.34672,1.34705,2946
1780416000,1.34706,1.34708,1.34631,1.34698,3517
1780416900,1.34698,1.34727,1.34642,1.34680,3349
1780417800,1.34681,1.34807,1.34679,1.34788,2890
1780418700,1.34788,1.34788,1.34686,1.34724,3265
1780419600,1.34724,1.34796,1.34715,1.34758,3017
1780420500,1.34758,1.34803,1.34738,1.34738,2657
1780421400,1.34738,1.34769,1.34719,1.34740,2461
1780422300,1.34740,1.34803,1.34734,1.34793,2462
1780423200,1.34795,1.34801,1.34741,1.34789,2373
1780424100,1.34790,1.34801,1.34709,1.34712,2720
1780425000,1.34711,1.34741,1.34658,1.34677,1927
1780425900,1.34676,1.34688,1.34646,1.34662,1690
1780426800,1.34662,1.34679,1.34620,1.34641,2192
1780427700,1.34642,1.34649,1.34606,1.34631,1531
1780428600,1.34630,1.34648,1.34601,1.34619,1530
1780429500,1.34619,1.34621,1.34576,1.34593,1594
1780430400,1.34593,1.34614,1.34557,1.34573,1799
1780431300,1.34573,1.34611,1.34534,1.34610,2706
1780432200,1.34609,1.34641,1.34609,1.34629,2343
1780433100,1.34629,1.34707,1.34626,1.34691,1506
1780434000,1.34692,1.34712,1.34687,1.34707,1111
1780434900,1.34708,1.34724,1.34679,1.34695,1363
1780435800,1.34695,1.34698,1.34678,1.34687,921
1780436700,1.34688,1.34700,1.34676,1.34687,1448
1780437600,1.34688,1.34720,1.34684,1.34695,526
1780438500,1.34695,1.34697,1.34667,1.34671,431
1780439400,1.34671,1.34679,1.34662,1.34674,532
1780440300,1.34675,1.34683,1.34640,1.34642,1034
1780441200,1.34671,1.34685,1.34639,1.34663,141
1780442100,1.34664,1.34689,1.34654,1.34654,212
1780443000,1.34654,1.34660,1.34642,1.34646,327
1780443900,1.34646,1.34694,1.34641,1.34669,1973
1780444800,1.34669,1.34683,1.34637,1.34638,542
1780445700,1.34638,1.34658,1.34633,1.34654,326
1780446600,1.34655,1.34657,1.34644,1.34648,340
1780447500,1.34648,1.34651,1.34618,1.34621,496
1780448400,1.34621,1.34627,1.34602,1.34609,794
1780449300,1.34609,1.34611,1.34556,1.34569,882
1780450200,1.34571,1.34578,1.34506,1.34544,1353
1780451100,1.34544,1.34544,1.34512,1.34530,1243
1780452000,1.34530,1.34581,1.34518,1.34570,1900
1780452900,1.34570,1.34622,1.34560,1.34617,1630
1780453800,1.34617,1.34672,1.34614,1.34649,1223
1780454700,1.34649,1.34672,1.34637,1.34660,1518
1780455600,1.34660,1.34671,1.34621,1.34647,2339
1780456500,1.34647,1.34682,1.34637,1.34677,1758
1780457400,1.34677,1.34709,1.34645,1.34699,1776
1780458300,1.34698,1.34720,1.34654,1.34673,1665
1780459200,1.34676,1.34708,1.34673,1.34706,1117
1780460100,1.34706,1.34708,1.34672,1.34676,1313
1780461000,1.34676,1.34681,1.34656,1.34660,1302
1780461900,1.34659,1.34659,1.34611,1.34632,1770
1780462800,1.34632,1.34648,1.34618,1.34621,1439
1780463700,1.34621,1.34638,1.34615,1.34617,1284
1780464600,1.34617,1.34649,1.34609,1.34634,1128
1780465500,1.34635,1.34650,1.34626,1.34630,1105
1780466400,1.34630,1.34639,1.34599,1.34605,961
1780467300,1.34604,1.34616,1.34589,1.34592,1252
1780468200,1.34592,1.34609,1.34588,1.34606,834
1780469100,1.34606,1.34620,1.34587,1.34604,774
1780470000,1.34604,1.34622,1.34590,1.34614,1115
1780470900,1.34614,1.34638,1.34553,1.34561,1015
1780471800,1.34560,1.34563,1.34530,1.34531,1985
1780472700,1.34531,1.34552,1.34497,1.34498,1791
1780473600,1.34498,1.34538,1.34420,1.34439,2191
1780474500,1.34439,1.34460,1.34368,1.34420,2996
1780475400,1.34419,1.34488,1.34409,1.34469,3256
1780476300,1.34469,1.34513,1.34427,1.34502,2460
1780477200,1.34502,1.34544,1.34456,1.34518,3399
1780478100,1.34519,1.34532,1.34461,1.34461,2513
1780479000,1.34460,1.34623,1.34429,1.34621,3969
1780479900,1.34621,1.34626,1.34547,1.34564,2388
1780480800,1.34563,1.34581,1.34488,1.34493,2497
1780481700,1.34493,1.34519,1.34450,1.34508,2502
1780482600,1.34509,1.34553,1.34406,1.34418,3468
1780483500,1.34417,1.34472,1.34417,1.34430,2654
1780484400,1.34430,1.34489,1.34425,1.34485,2006
1780485300,1.34485,1.34512,1.34461,1.34461,2546
1780486200,1.34461,1.34492,1.34440,1.34479,2351
1780487100,1.34480,1.34503,1.34449,1.34481,2442
1780488000,1.34481,1.34603,1.34468,1.34529,4384
1780488900,1.34529,1.34529,1.34465,1.34475,2316
1780489800,1.34475,1.34499,1.34457,1.34469,2301
1780490700,1.34469,1.34508,1.34460,1.34499,1827
1780491600,1.34499,1.34552,1.34497,1.34545,2151
1780492500,1.34545,1.34551,1.34515,1.34540,1735
1780493400,1.34539,1.34559,1.34485,1.34489,1682
1780494300,1.34489,1.34561,1.34486,1.34503,2100
1780495200,1.34503,1.34512,1.34465,1.34473,3216
1780496100,1.34473,1.34481,1.34411,1.34412,2539
1780497000,1.34412,1.34414,1.34277,1.34373,3509
1780497900,1.34373,1.34374,1.34295,1.34321,3423
1780498800,1.34321,1.34365,1.34302,1.34332,2686
1780499700,1.34332,1.34339,1.34241,1.34322,3572
1780500600,1.34322,1.34337,1.34269,1.34272,5056
1780501500,1.34272,1.34290,1.34218,1.34260,4917
1780502400,1.34242,1.34342,1.34225,1.34323,3699
1780503300,1.34323,1.34340,1.34238,1.34301,5069
1780504200,1.34301,1.34307,1.34238,1.34239,3717
1780505100,1.34239,1.34373,1.34213,1.34371,4673
1780506000,1.34370,1.34373,1.34262,1.34306,3818
1780506900,1.34306,1.34378,1.34300,1.34356,4164
1780507800,1.34357,1.34387,1.34331,1.34378,2758
1780508700,1.34378,1.34400,1.34317,1.34347,3065
1780509600,1.34346,1.34353,1.34210,1.34230,3562
1780510500,1.34230,1.34231,1.34176,1.34225,3582
1780511400,1.34225,1.34232,1.34157,1.34181,2921
1780512300,1.34181,1.34252,1.34176,1.34227,2989
1780513200,1.34228,1.34288,1.34206,1.34230,2438
1780514100,1.34230,1.34231,1.34171,1.34172,1720
1780515000,1.34172,1.34194,1.34154,1.34171,1314
1780515900,1.34171,1.34190,1.34153,1.34161,1324
1780516800,1.34161,1.34181,1.34128,1.34133,1506
1780517700,1.34133,1.34168,1.34120,1.34157,1551
1780518600,1.34156,1.34158,1.34129,1.34154,1620
1780519500,1.34154,1.34183,1.34151,1.34166,1331
1780520400,1.34166,1.34190,1.34157,1.34170,1020
1780521300,1.34170,1.34209,1.34170,1.34181,1579
1780522200,1.34180,1.34209,1.34179,1.34191,1256
1780523100,1.34191,1.34207,1.34181,1.34197,1456
1780524000,1.34197,1.34212,1.34187,1.34203,735
1780524900,1.34202,1.34204,1.34166,1.34168,1037
1780525800,1.34168,1.34179,1.34160,1.34169,765
1780526700,1.34169,1.34196,1.34168,1.34170,703
1780527600,1.34188,1.34221,1.34137,1.34201,234
1780528500,1.34201,1.34203,1.34162,1.34179,374
1780529400,1.34180,1.34211,1.34165,1.34199,1402
1780530300,1.34200,1.34205,1.34150,1.34184,1789
1780531200,1.34178,1.34178,1.34126,1.34132,401
1780532100,1.34132,1.34150,1.34120,1.34141,350
1780533000,1.34140,1.34154,1.34135,1.34138,216
1780533900,1.34138,1.34286,1.34133,1.34228,919
1780534800,1.34228,1.34252,1.34175,1.34203,1231
1780535700,1.34204,1.34218,1.34191,1.34210,573
1780536600,1.34210,1.34239,1.34207,1.34232,608
1780537500,1.34233,1.34284,1.34232,1.34266,1075
1780538400,1.34266,1.34286,1.34235,1.34268,2861
1780539300,1.34268,1.34316,1.34256,1.34277,1871
1780540200,1.34277,1.34319,1.34267,1.34318,1639
1780541100,1.34318,1.34321,1.34228,1.34256,2330
1780542000,1.34256,1.34265,1.34227,1.34251,2664
1780542900,1.34250,1.34275,1.34238,1.34244,2151
1780543800,1.34244,1.34274,1.34234,1.34244,2089
1780544700,1.34244,1.34279,1.34242,1.34275,2118
1780545600,1.34276,1.34279,1.34236,1.34237,2365
1780546500,1.34237,1.34246,1.34216,1.34238,1585
1780547400,1.34238,1.34253,1.34228,1.34248,1487
1780548300,1.34248,1.34277,1.34248,1.34264,1200
1780549200,1.34263,1.34264,1.34195,1.34200,1257
1780550100,1.34200,1.34213,1.34174,1.34182,1114
1780551000,1.34182,1.34210,1.34173,1.34187,1174
1780551900,1.34187,1.34243,1.34175,1.34231,1100
1780552800,1.34231,1.34243,1.34227,1.34232,862
1780553700,1.34232,1.34244,1.34230,1.34241,856
1780554600,1.34241,1.34318,1.34241,1.34302,1745
1780555500,1.34302,1.34312,1.34287,1.34310,817
1780556400,1.34310,1.34321,1.34273,1.34282,1494
1780557300,1.34282,1.34287,1.34224,1.34227,1436
1780558200,1.34226,1.34275,1.34205,1.34269,1485
1780559100,1.34269,1.34289,1.34258,1.34280,1466
1780560000,1.34281,1.34328,1.34267,1.34325,2409
1780560900,1.34325,1.34325,1.34257,1.34300,2150
1780561800,1.34300,1.34350,1.34279,1.34330,2538
1780562700,1.34330,1.34330,1.34245,1.34281,2021
1780563600,1.34281,1.34295,1.34255,1.34264,3057
1780564500,1.34264,1.34278,1.34180,1.34216,2675
1780565400,1.34215,1.34220,1.34115,1.34157,2748
1780566300,1.34157,1.34232,1.34128,1.34219,2478
1780567200,1.34220,1.34290,1.34218,1.34282,2870
1780568100,1.34281,1.34338,1.34264,1.34330,2150
1780569000,1.34334,1.34358,1.34277,1.34294,2620
1780569900,1.34294,1.34335,1.34288,1.34301,2003
1780570800,1.34300,1.34375,1.34299,1.34348,2996
1780571700,1.34348,1.34389,1.34338,1.34367,2305
1780572600,1.34367,1.34424,1.34354,1.34397,2307
1780573500,1.34397,1.34405,1.34363,1.34370,2735
1780574400,1.34368,1.34403,1.34345,1.34378,2983
1780575300,1.34378,1.34389,1.34340,1.34387,2322
1780576200,1.34386,1.34418,1.34375,1.34408,2050
1780577100,1.34409,1.34440,1.34376,1.34431,2853
1780578000,1.34432,1.34530,1.34428,1.34516,3003
1780578900,1.34516,1.34619,1.34515,1.34589,3481
1780579800,1.34590,1.34614,1.34528,1.34612,2899
1780580700,1.34612,1.34626,1.34582,1.34588,3098
1780581600,1.34588,1.34627,1.34522,1.34559,3416
1780582500,1.34560,1.34581,1.34544,1.34574,2430
1780583400,1.34574,1.34610,1.34554,1.34581,2448
1780584300,1.34580,1.34617,1.34559,1.34560,2939
1780585200,1.34559,1.34575,1.34503,1.34512,2330
1780586100,1.34512,1.34552,1.34503,1.34543,2767
1780587000,1.34545,1.34555,1.34484,1.34547,4155
1780587900,1.34546,1.34549,1.34488,1.34512,3355
1780588800,1.34513,1.34544,1.34444,1.34473,3622
1780589700,1.34474,1.34490,1.34416,1.34424,2686
1780590600,1.34424,1.34428,1.34376,1.34409,2485
1780591500,1.34410,1.34455,1.34352,1.34437,3295
1780592400,1.34437,1.34441,1.34353,1.34368,3308
1780593300,1.34369,1.34386,1.34332,1.34338,2756
1780594200,1.34338,1.34360,1.34308,1.34315,2716
1780595100,1.34315,1.34414,1.34300,1.34394,2701
1780596000,1.34394,1.34396,1.34346,1.34390,3020
1780596900,1.34390,1.34421,1.34376,1.34398,1880
1780597800,1.34403,1.34404,1.34348,1.34365,2388
1780598700,1.34366,1.34374,1.34345,1.34353,2022
1780599600,1.34353,1.34364,1.34322,1.34324,1958
1780600500,1.34324,1.34336,1.34305,1.34309,1615
1780601400,1.34308,1.34327,1.34284,1.34298,1139
1780602300,1.34298,1.34300,1.34262,1.34270,1144
1780603200,1.34270,1.34295,1.34262,1.34275,1548
1780604100,1.34275,1.34285,1.34252,1.34252,1285
1780605000,1.34252,1.34278,1.34243,1.34266,1562
1780605900,1.34266,1.34279,1.34234,1.34249,1698
1780606800,1.34249,1.34262,1.34216,1.34223,1310
1780607700,1.34223,1.34243,1.34223,1.34240,960
1780608600,1.34239,1.34248,1.34226,1.34231,793
1780609500,1.34231,1.34250,1.34218,1.34239,1390
1780610400,1.34239,1.34247,1.34226,1.34227,1022
1780611300,1.34227,1.34231,1.34207,1.34217,634
1780612200,1.34217,1.34240,1.34207,1.34239,602
1780613100,1.34239,1.34250,1.34235,1.34240,297
1780614000,1.34283,1.34321,1.34233,1.34243,1731
1780614900,1.34243,1.34284,1.34229,1.34264,384
1780615800,1.34264,1.34322,1.34259,1.34271,1678
1780616700,1.34270,1.34311,1.34224,1.34224,4127
1780617600,1.34224,1.34258,1.34222,1.34255,281
1780618500,1.34256,1.34256,1.34235,1.34243,320
1780619400,1.34243,1.34249,1.34226,1.34227,238
1780620300,1.34226,1.34238,1.34225,1.34238,243
1780621200,1.34238,1.34246,1.34235,1.34245,296
1780622100,1.34245,1.34249,1.34236,1.34239,386
1780623000,1.34241,1.34244,1.34231,1.34239,284
1780623900,1.34239,1.34240,1.34220,1.34229,851
1780624800,1.34229,1.34237,1.34186,1.34197,2725
1780625700,1.34197,1.34219,1.34185,1.34213,1904
1780626600,1.34213,1.34236,1.34210,1.34212,1274
1780627500,1.34212,1.34240,1.34205,1.34236,1503
1780628400,1.34236,1.34244,1.34202,1.34206,2584
1780629300,1.34206,1.34228,1.34160,1.34192,2695
1780630200,1.34192,1.34240,1.34186,1.34226,2362
1780631100,1.34226,1.34252,1.34218,1.34240,1675
1780632000,1.34242,1.34270,1.34229,1.34264,1628
1780632900,1.34265,1.34285,1.34247,1.34277,1468
1780633800,1.34277,1.34277,1.34235,1.34241,1943
1780634700,1.34240,1.34256,1.34233,1.34241,1375
1780635600,1.34241,1.34250,1.34232,1.34241,1818
1780636500,1.34241,1.34282,1.34241,1.34264,1309
1780637400,1.34264,1.34270,1.34251,1.34258,1159
1780638300,1.34262,1.34272,1.34253,1.34267,909
1780639200,1.34267,1.34280,1.34261,1.34276,1126
1780640100,1.34276,1.34305,1.34259,1.34261,1257
1780641000,1.34261,1.34298,1.34261,1.34295,2018
1780641900,1.34295,1.34316,1.34285,1.34294,1539
1780642800,1.34294,1.34300,1.34277,1.34284,1585
1780643700,1.34283,1.34296,1.34282,1.34289,1421
1780644600,1.34289,1.34318,1.34287,1.34296,1317
1780645500,1.34295,1.34304,1.34250,1.34258,1272
1780646400,1.34255,1.34272,1.34240,1.34266,2956
1780647300,1.34266,1.34289,1.34243,1.34286,2696
1780648200,1.34286,1.34361,1.34286,1.34357,2657
1780649100,1.34358,1.34361,1.34331,1.34354,2157
1780650000,1.34352,1.34413,1.34340,1.34388,2214
1780650900,1.34388,1.34428,1.34377,1.34427,1945
1780651800,1.34427,1.34485,1.34418,1.34438,2759
1780652700,1.34437,1.34483,1.34433,1.34454,2230
1780653600,1.34454,1.34536,1.34445,1.34535,2564
1780654500,1.34533,1.34563,1.34517,1.34557,2603
1780655400,1.34556,1.34582,1.34537,1.34540,1833
1780656300,1.34540,1.34572,1.34540,1.34554,1682
1780657200,1.34554,1.34699,1.34529,1.34653,2908
1780658100,1.34654,1.34660,1.34603,1.34633,2349
1780659000,1.34635,1.34649,1.34597,1.34614,2098
1780659900,1.34614,1.34659,1.34614,1.34646,1913
1780660800,1.34645,1.34697,1.34637,1.34688,2131
1780661700,1.34688,1.34794,1.34683,1.34790,1974
1780662600,1.34790,1.34832,1.34735,1.34763,2229
1780663500,1.34764,1.34777,1.34722,1.34745,1913
1780664400,1.34744,1.34753,1.34678,1.34678,1665
1780665300,1.34678,1.34733,1.34663,1.34716,2016
1780666200,1.34716,1.34735,1.34664,1.34678,1840
1780667100,1.34678,1.34713,1.34673,1.34683,2024
1780668000,1.34683,1.34693,1.34652,1.34668,2145
1780668900,1.34667,1.34671,1.34618,1.34643,2231
1780669800,1.34642,1.34680,1.34302,1.34313,5972
1780670700,1.34313,1.34319,1.34043,1.34046,6102
1780671600,1.34046,1.34183,1.34008,1.34111,7535
1780672500,1.34110,1.34221,1.34051,1.34064,4616
1780673400,1.34064,1.34077,1.33945,1.34000,5637
1780674300,1.34000,1.34106,1.33986,1.33986,5509
1780675200,1.33986,1.34089,1.33889,1.33899,5803
1780676100,1.33899,1.33910,1.33802,1.33830,4534
1780677000,1.33829,1.33916,1.33804,1.33824,4293
1780677900,1.33824,1.33876,1.33798,1.33864,4169
1780678800,1.33864,1.33879,1.33744,1.33745,3929
1780679700,1.33745,1.33786,1.33710,1.33758,4431
1780680600,1.33758,1.33765,1.33615,1.33630,3169
1780681500,1.33629,1.33637,1.33570,1.33584,2857
1780682400,1.33583,1.33594,1.33449,1.33456,3963
1780683300,1.33456,1.33511,1.33418,1.33478,3269
1780684200,1.33479,1.33492,1.33408,1.33427,2705
1780685100,1.33427,1.33564,1.33420,1.33560,3148
1780686000,1.33560,1.33569,1.33507,1.33531,2625
1780686900,1.33531,1.33541,1.33491,1.33499,2374
1780687800,1.33499,1.33501,1.33414,1.33420,2506
1780688700,1.33421,1.33432,1.33370,1.33416,2962
1780689600,1.33417,1.33427,1.33340,1.33359,2269
1780690500,1.33359,1.33433,1.33351,1.33382,2525
1780691400,1.33381,1.33438,1.33358,1.33377,2370
1780692300,1.33377,1.33441,1.33339,1.33368,2925
1780693200,1.33368,1.33385,1.33336,1.33345,2127
1780694100,1.33345,1.33354,1.33302,1.33354,2342
1780695000,1.33354,1.33374,1.33319,1.33363,2200
1780695900,1.33363,1.33407,1.33358,1.33379,2254
1780696800,1.33379,1.33379,1.33308,1.33308,1574
1780697700,1.33309,1.33385,1.33307,1.33376,877
1780698600,1.33376,1.33389,1.33355,1.33378,2112
1780699500,1.33378,1.33413,1.33346,1.33413,2878
1780873200,1.33312,1.33312,1.33242,1.33297,63
1780874100,1.33296,1.33324,1.33243,1.33251,237
1780875000,1.33251,1.33251,1.33231,1.33237,162
1780875900,1.33236,1.33249,1.33198,1.33216,380
1780876800,1.33203,1.33291,1.33171,1.33289,863
1780877700,1.33290,1.33301,1.33236,1.33240,1401
1780878600,1.33241,1.33280,1.33228,1.33260,670
1780879500,1.33260,1.33271,1.33209,1.33240,799
1780880400,1.33239,1.33293,1.33239,1.33291,1045
1780881300,1.33291,1.33325,1.33287,1.33298,880
1780882200,1.33298,1.33328,1.33297,1.33328,811
1780883100,1.33328,1.33363,1.33316,1.33350,1349
1780884000,1.33350,1.33380,1.33343,1.33367,1542
1780884900,1.33367,1.33394,1.33355,1.33373,1503
1780885800,1.33373,1.33437,1.33373,1.33434,1751
1780886700,1.33434,1.33492,1.33419,1.33491,2104
1780887600,1.33491,1.33505,1.33435,1.33437,2324
1780888500,1.33437,1.33448,1.33273,1.33288,3826
1780889400,1.33289,1.33345,1.33186,1.33337,4527
1780890300,1.33337,1.33379,1.33317,1.33368,3443
1780891200,1.33367,1.33389,1.33275,1.33329,2788
1780892100,1.33328,1.33390,1.33314,1.33376,2344
1780893000,1.33376,1.33381,1.33335,1.33379,2831
1780893900,1.33379,1.33430,1.33367,1.33396,2724
1780894800,1.33396,1.33404,1.33356,1.33368,1928
1780895700,1.33368,1.33380,1.33346,1.33369,1649
1780896600,1.33370,1.33390,1.33359,1.33388,1451
1780897500,1.33388,1.33422,1.33384,1.33412,1202
1780898400,1.33412,1.33429,1.33387,1.33425,1773
1780899300,1.33426,1.33458,1.33414,1.33449,1237
1780900200,1.33448,1.33451,1.33380,1.33387,1299
1780901100,1.33387,1.33410,1.33383,1.33398,1281
1780902000,1.33398,1.33452,1.33395,1.33396,1944
1780902900,1.33396,1.33489,1.33395,1.33437,2196
1780903800,1.33438,1.33443,1.33331,1.33360,3874
1780904700,1.33359,1.33371,1.33255,1.33282,3154
1780905600,1.33280,1.33302,1.33225,1.33235,3459
1780906500,1.33236,1.33312,1.33226,1.33297,3087
1780907400,1.33297,1.33297,1.33202,1.33249,3998
1780908300,1.33249,1.33290,1.33201,1.33228,3033
1780909200,1.33228,1.33385,1.33209,1.33368,4264
1780910100,1.33367,1.33469,1.33332,1.33411,2870
1780911000,1.33409,1.33443,1.33356,1.33380,2622
1780911900,1.33379,1.33399,1.33275,1.33276,2651
1780912800,1.33276,1.33360,1.33264,1.33300,3715
1780913700,1.33300,1.33358,1.33255,1.33358,3515
1780914600,1.33360,1.33360,1.33233,1.33281,3154
1780915500,1.33281,1.33298,1.33199,1.33214,4052
1780916400,1.33214,1.33263,1.33173,1.33181,3356
1780917300,1.33180,1.33197,1.33103,1.33106,2364
1780918200,1.33106,1.33192,1.33059,1.33169,4424
1780919100,1.33169,1.33275,1.33153,1.33270,2831
1780920000,1.33271,1.33330,1.33233,1.33320,2614
1780920900,1.33320,1.33341,1.33267,1.33309,2188
1780921800,1.33309,1.33489,1.33287,1.33401,3405
1780922700,1.33401,1.33442,1.33382,1.33415,2356
1780923600,1.33415,1.33618,1.33407,1.33611,3212
1780924500,1.33610,1.33679,1.33568,1.33643,4401
1780925400,1.33642,1.33698,1.33603,1.33612,2888
1780926300,1.33612,1.33640,1.33568,1.33598,2965
1780927200,1.33600,1.33678,1.33585,1.33585,4150
1780928100,1.33585,1.33617,1.33536,1.33568,3356
1780929000,1.33567,1.33583,1.33503,1.33547,2481
1780929900,1.33547,1.33550,1.33455,1.33505,3031
1780930800,1.33505,1.33577,1.33484,1.33563,4191
1780931700,1.33563,1.33653,1.33532,1.33609,4077
1780932600,1.33607,1.33639,1.33547,1.33565,5605
1780933500,1.33565,1.33588,1.33516,1.33516,4876
1780934400,1.33516,1.33581,1.33459,1.33475,5140
1780935300,1.33475,1.33494,1.33386,1.33439,4742
1780936200,1.33437,1.33456,1.33389,1.33439,4071
1780937100,1.33439,1.33453,1.33367,1.33434,4608
1780938000,1.33434,1.33511,1.33425,1.33474,3555
1780938900,1.33473,1.33506,1.33418,1.33420,4333
1780939800,1.33419,1.33429,1.33353,1.33425,3317
1780940700,1.33425,1.33496,1.33410,1.33467,3281
1780941600,1.33468,1.33479,1.33425,1.33456,3702
1780942500,1.33456,1.33482,1.33435,1.33436,2812
1780943400,1.33438,1.33482,1.33438,1.33455,2951
1780944300,1.33455,1.33468,1.33425,1.33433,2227
1780945200,1.33433,1.33451,1.33411,1.33446,3310
1780946100,1.33446,1.33465,1.33417,1.33453,3206
1780947000,1.33452,1.33458,1.33400,1.33448,3096
1780947900,1.33448,1.33469,1.33437,1.33452,2321
1780948800,1.33452,1.33506,1.33452,1.33476,2722
1780949700,1.33476,1.33509,1.33474,1.33509,2192
1780950600,1.33509,1.33525,1.33471,1.33475,1913
1780951500,1.33475,1.33477,1.33378,1.33390,2530
1780952400,1.33387,1.33440,1.33382,1.33402,2059
1780953300,1.33401,1.33427,1.33392,1.33414,1986
1780954200,1.33414,1.33439,1.33401,1.33406,2539
1780955100,1.33405,1.33428,1.33388,1.33411,2777
1780956000,1.33411,1.33431,1.33406,1.33421,913
1780956900,1.33421,1.33431,1.33395,1.33428,693
1780957800,1.33429,1.33433,1.33411,1.33416,601
1780958700,1.33415,1.33415,1.33378,1.33386,1295
1780959600,1.33417,1.33461,1.33380,1.33429,246
1780960500,1.33429,1.33480,1.33380,1.33421,674
1780961400,1.33422,1.33482,1.33407,1.33423,2187
1780962300,1.33421,1.33443,1.33396,1.33420,880
1780963200,1.33405,1.33415,1.33387,1.33403,542
1780964100,1.33403,1.33408,1.33391,1.33391,616
1780965000,1.33390,1.33401,1.33388,1.33389,420
1780965900,1.33392,1.33409,1.33387,1.33408,331
1780966800,1.33408,1.33413,1.33404,1.33407,284
1780967700,1.33407,1.33408,1.33376,1.33380,544
1780968600,1.33380,1.33380,1.33356,1.33375,581
1780969500,1.33375,1.33379,1.33332,1.33338,1291
1780970400,1.33338,1.33358,1.33308,1.33333,3265
1780971300,1.33333,1.33350,1.33319,1.33337,2317
1780972200,1.33337,1.33365,1.33320,1.33351,2135
1780973100,1.33352,1.33368,1.33317,1.33364,2002
1780974000,1.33364,1.33408,1.33356,1.33400,2716
1780974900,1.33400,1.33452,1.33389,1.33438,2665
1780975800,1.33438,1.33481,1.33437,1.33472,2259
1780976700,1.33473,1.33515,1.33470,1.33513,2037
1780977600,1.33514,1.33531,1.33502,1.33518,1559
1780978500,1.33518,1.33518,1.33478,1.33506,1493
1780979400,1.33506,1.33516,1.33478,1.33498,1507
1780980300,1.33499,1.33509,1.33483,1.33491,1495
1780981200,1.33491,1.33514,1.33472,1.33508,1778
1780982100,1.33507,1.33525,1.33455,1.33476,1921
1780983000,1.33477,1.33498,1.33475,1.33497,1555
1780983900,1.33497,1.33508,1.33470,1.33493,1381
1780984800,1.33493,1.33514,1.33475,1.33506,1014
1780985700,1.33506,1.33537,1.33500,1.33536,1339
1780986600,1.33535,1.33591,1.33517,1.33581,1325
1780987500,1.33581,1.33630,1.33572,1.33604,1318
1780988400,1.33603,1.33617,1.33558,1.33561,1865
1780989300,1.33561,1.33591,1.33560,1.33585,1535
1780990200,1.33585,1.33647,1.33583,1.33622,2407
1780991100,1.33622,1.33650,1.33608,1.33617,1640
1780992000,1.33618,1.33717,1.33586,1.33714,1996
1780992900,1.33715,1.33747,1.33693,1.33698,2780
1780993800,1.33698,1.33699,1.33639,1.33658,2763
1780994700,1.33658,1.33658,1.33616,1.33631,2381
1780995600,1.33630,1.33646,1.33583,1.33605,3237
1780996500,1.33605,1.33680,1.33594,1.33660,2974
1780997400,1.33659,1.33687,1.33624,1.33685,2817
1780998300,1.33686,1.33749,1.33657,1.33675,2632
1780999200,1.33675,1.33790,1.33646,1.33713,3720
1781000100,1.33714,1.33783,1.33705,1.33758,2489
1781001000,1.33757,1.33815,1.33753,1.33773,1863
1781001900,1.33773,1.33828,1.33734,1.33800,2008
1781002800,1.33800,1.33880,1.33792,1.33860,1941
1781003700,1.33861,1.33917,1.33849,1.33865,1673
1781004600,1.33866,1.33880,1.33828,1.33867,1497
1781005500,1.33868,1.33897,1.33856,1.33877,1403
1781006400,1.33876,1.33917,1.33852,1.33900,2371
1781007300,1.33900,1.33967,1.33894,1.33958,1975
1781008200,1.33958,1.33981,1.33939,1.33975,1849
1781009100,1.33975,1.33976,1.33936,1.33955,1670
1781010000,1.33956,1.34006,1.33956,1.33971,1366
1781010900,1.33971,1.34017,1.33954,1.34008,1724
1781011800,1.34008,1.34017,1.33946,1.33978,1472
1781012700,1.33978,1.34062,1.33970,1.34027,1902
1781013600,1.34028,1.34077,1.34020,1.34023,2353
1781014500,1.34023,1.34035,1.33986,1.33996,2079
1781015400,1.33997,1.34048,1.33994,1.34029,1740
1781016300,1.34029,1.34046,1.34015,1.34038,1876
1781017200,1.34040,1.34088,1.34014,1.34073,3053
1781018100,1.34072,1.34076,1.34014,1.34036,2265
1781019000,1.34035,1.34044,1.33947,1.33965,3890
1781019900,1.33965,1.34111,1.33957,1.33979,4420
1781020800,1.33979,1.34075,1.33968,1.33969,4484
1781021700,1.33969,1.34025,1.33885,1.33980,5317
1781022600,1.33980,1.34059,1.33959,1.33995,4609
1781023500,1.33995,1.34048,1.33930,1.33969,5601
1781024400,1.33969,1.34046,1.33959,1.34004,4108
1781025300,1.34004,1.34007,1.33856,1.33864,4390
1781026200,1.33865,1.33881,1.33726,1.33849,5400
1781027100,1.33850,1.33903,1.33810,1.33870,4575
1781028000,1.33870,1.33890,1.33787,1.33796,4898
1781028900,1.33797,1.33806,1.33713,1.33770,4514
1781029800,1.33770,1.33808,1.33584,1.33668,6383
1781030700,1.33667,1.33719,1.33607,1.33717,5215
1781031600,1.33717,1.33801,1.33709,1.33743,4924
1781032500,1.33743,1.33892,1.33735,1.33865,4770
1781033400,1.33865,1.33886,1.33828,1.33845,3531
1781034300,1.33845,1.33868,1.33810,1.33830,3688
1781035200,1.33830,1.33853,1.33807,1.33847,3877
1781036100,1.33847,1.33889,1.33816,1.33867,3717
1781037000,1.33868,1.33908,1.33855,1.33879,2443
1781037900,1.33879,1.33895,1.33857,1.33878,1969
1781038800,1.33878,1.33890,1.33843,1.33856,2719
1781039700,1.33856,1.33857,1.33807,1.33820,2773
1781040600,1.33819,1.33831,1.33795,1.33806,2427
1781041500,1.33806,1.33843,1.33786,1.33795,3188
1781042400,1.33795,1.33824,1.33775,1.33789,1333
1781043300,1.33789,1.33830,1.33788,1.33815,692
1781044200,1.33816,1.33819,1.33796,1.33797,565
1781045100,1.33797,1.33814,1.33776,1.33787,1099
1781046000,1.33732,1.33828,1.33728,1.33821,532
1781046900,1.33822,1.33835,1.33742,1.33749,421
1781047800,1.33749,1.33789,1.33687,1.33696,2565
1781048700,1.33695,1.33738,1.33686,1.33713,888
1781049600,1.33723,1.33765,1.33707,1.33757,496
1781050500,1.33757,1.33768,1.33749,1.33755,526
1781051400,1.33755,1.33756,1.33734,1.33735,597
1781052300,1.33735,1.33735,1.33711,1.33719,526
1781053200,1.33719,1.33754,1.33717,1.33737,584
1781054100,1.33737,1.33737,1.33687,1.33688,835
1781055000,1.33688,1.33708,1.33686,1.33707,564
1781055900,1.33702,1.33726,1.33690,1.33719,1389
1781056800,1.33718,1.33777,1.33704,1.33775,3700
1781057700,1.33775,1.33790,1.33750,1.33782,2694
1781058600,1.33781,1.33786,1.33683,1.33696,2633
1781059500,1.33696,1.33806,1.33685,1.33789,3320
1781060400,1.33789,1.33796,1.33737,1.33761,3404
1781061300,1.33761,1.33802,1.33746,1.33765,2561
1781062200,1.33767,1.33787,1.33735,1.33755,3243
1781063100,1.33754,1.33788,1.33726,1.33749,2578
1781064000,1.33748,1.33773,1.33730,1.33767,2288
1781064900,1.33767,1.33818,1.33758,1.33813,1689
1781065800,1.33813,1.33829,1.33797,1.33828,1926
1781066700,1.33828,1.33838,1.33785,1.33794,1633
1781067600,1.33795,1.33859,1.33789,1.33855,1846
1781068500,1.33856,1.33883,1.33838,1.33845,1722
1781069400,1.33846,1.33856,1.33825,1.33826,1465
1781070300,1.33827,1.33908,1.33825,1.33888,1782
1781071200,1.33890,1.33893,1.33839,1.33840,1447
1781072100,1.33840,1.33864,1.33830,1.33856,1557
1781073000,1.33856,1.33858,1.33797,1.33804,1697
1781073900,1.33804,1.33824,1.33798,1.33823,1827
1781074800,1.33822,1.33859,1.33807,1.33827,2231
1781075700,1.33826,1.33859,1.33800,1.33857,2345
1781076600,1.33857,1.33946,1.33854,1.33917,2491
1781077500,1.33918,1.33927,1.33894,1.33914,1876
1781078400,1.33914,1.33972,1.33912,1.33947,2588
1781079300,1.33947,1.33966,1.33912,1.33957,2480
1781080200,1.33956,1.33968,1.33934,1.33945,2123
1781081100,1.33945,1.33968,1.33826,1.33834,2460
1781082000,1.33832,1.33910,1.33801,1.33908,2835
1781082900,1.33908,1.33936,1.33869,1.33881,2155
1781083800,1.33880,1.33915,1.33872,1.33892,2424
1781084700,1.33892,1.33917,1.33869,1.33906,2333
1781085600,1.33906,1.33909,1.33823,1.33849,3405
1781086500,1.33849,1.33918,1.33847,1.33908,2597
1781087400,1.33908,1.33926,1.33888,1.33898,2004
1781088300,1.33898,1.33898,1.33844,1.33863,2695
1781089200,1.33863,1.33890,1.33811,1.33814,2655
1781090100,1.33813,1.33877,1.33811,1.33871,2058
1781091000,1.33870,1.33951,1.33869,1.33949,2884
1781091900,1.33948,1.33997,1.33948,1.33976,2037
1781092800,1.33976,1.33994,1.33954,1.33975,1860
1781093700,1.33975,1.33992,1.33948,1.33975,2223
1781094600,1.33975,1.33990,1.33931,1.33946,2660
1781095500,1.33946,1.33976,1.33898,1.33905,2305
1781096400,1.33905,1.33938,1.33774,1.33897,5157
1781097300,1.33897,1.33921,1.33817,1.33848,4840
1781098200,1.33847,1.33859,1.33760,1.33779,3733
1781099100,1.33779,1.33839,1.33768,1.33784,2861
1781100000,1.33784,1.33877,1.33772,1.33839,3321
1781100900,1.33838,1.33910,1.33819,1.33910,2893
1781101800,1.33910,1.34069,1.33858,1.34024,5992
1781102700,1.34023,1.34088,1.33881,1.33892,4507
1781103600,1.33892,1.33976,1.33887,1.33969,4467
1781104500,1.33969,1.34039,1.33942,1.34015,3854
1781105400,1.34014,1.34213,1.34006,1.34213,6008
1781106300,1.34213,1.34236,1.34092,1.34097,5173
1781107200,1.34097,1.34173,1.34062,1.34119,5519
1781108100,1.34119,1.34125,1.33996,1.34044,5500
1781109000,1.34042,1.34091,1.34013,1.34053,4917
1781109900,1.34053,1.34080,1.33956,1.34016,5670
1781110800,1.34017,1.34052,1.33922,1.33956,4930
1781111700,1.33956,1.33991,1.33894,1.33967,5119
1781112600,1.33969,1.33974,1.33876,1.33907,4529
1781113500,1.33907,1.33920,1.33714,1.33897,6837
1781114400,1.33898,1.33965,1.33867,1.33930,4870
1781115300,1.33930,1.33948,1.33904,1.33936,3686
1781116200,1.33936,1.33977,1.33913,1.33917,3659
1781117100,1.33916,1.33925,1.33873,1.33895,2983
1781118000,1.33894,1.33949,1.33843,1.33863,3205
1781118900,1.33863,1.33871,1.33836,1.33847,2889
1781119800,1.33847,1.33847,1.33795,1.33801,2933
1781120700,1.33802,1.33920,1.33795,1.33916,4455
1781121600,1.33916,1.33965,1.33906,1.33907,3505
1781122500,1.33906,1.33914,1.33843,1.33858,3387
1781123400,1.33859,1.33865,1.33812,1.33816,3231
1781124300,1.33816,1.33842,1.33790,1.33795,3256
1781125200,1.33795,1.33802,1.33725,1.33729,2614
1781126100,1.33729,1.33748,1.33717,1.33726,1766
1781127000,1.33727,1.33790,1.33720,1.33787,2329
1781127900,1.33788,1.33790,1.33721,1.33722,2162
1781128800,1.33722,1.33727,1.33679,1.33688,1550
1781129700,1.33688,1.33717,1.33682,1.33707,556
1781130600,1.33707,1.33720,1.33673,1.33683,650
1781131500,1.33683,1.33689,1.33671,1.33677,725
1781132400,1.33718,1.33719,1.33693,1.33704,97
1781133300,1.33701,1.33788,1.33687,1.33694,6112
1781134200,1.33695,1.33738,1.33683,1.33715,1434
1781135100,1.33714,1.33731,1.33668,1.33693,4343
1781136000,1.33660,1.33664,1.33554,1.33576,959
1781136900,1.33576,1.33594,1.33557,1.33581,923
1781137800,1.33581,1.33638,1.33578,1.33622,921
1781138700,1.33621,1.33638,1.33557,1.33560,1229
1781139600,1.33559,1.33570,1.33503,1.33510,1309
1781140500,1.33510,1.33638,1.33497,1.33622,2673
1781141400,1.33623,1.33649,1.33589,1.33635,1458
1781142300,1.33635,1.33646,1.33598,1.33617,1547
1781143200,1.33616,1.33681,1.33616,1.33662,4007
1781144100,1.33662,1.33711,1.33656,1.33688,4101
1781145000,1.33688,1.33697,1.33652,1.33667,2535
1781145900,1.33666,1.33712,1.33665,1.33708,2393
1781146800,1.33708,1.33855,1.33699,1.33854,3298
1781147700,1.33852,1.33919,1.33838,1.33904,2469
1781148600,1.33904,1.33918,1.33878,1.33891,2280
1781149500,1.33891,1.33909,1.33845,1.33859,1954
1781150400,1.33859,1.33864,1.33823,1.33827,2022
1781151300,1.33826,1.33833,1.33780,1.33787,2126
1781152200,1.33787,1.33795,1.33767,1.33787,2205
1781153100,1.33787,1.33814,1.33779,1.33791,2055
1781154000,1.33792,1.33807,1.33752,1.33755,2199
1781154900,1.33755,1.33792,1.33755,1.33789,2024
1781155800,1.33788,1.33798,1.33775,1.33793,2374
1781156700,1.33793,1.33797,1.33778,1.33785,2109
1781157600,1.33784,1.33795,1.33764,1.33788,1470
1781158500,1.33788,1.33813,1.33783,1.33796,1966
1781159400,1.33796,1.33855,1.33795,1.33846,1790
1781160300,1.33846,1.33867,1.33825,1.33834,1700
1781161200,1.33835,1.33868,1.33822,1.33863,1614
1781162100,1.33863,1.33869,1.33845,1.33847,1192
1781163000,1.33847,1.33861,1.33827,1.33844,1986
1781163900,1.33844,1.33845,1.33799,1.33810,1942
1781164800,1.33810,1.33819,1.33753,1.33807,2296
1781165700,1.33807,1.33816,1.33759,1.33769,1939
1781166600,1.33768,1.33815,1.33762,1.33799,2529
1781167500,1.33799,1.33813,1.33760,1.33774,2364
1781168400,1.33774,1.33850,1.33767,1.33837,2765
1781169300,1.33837,1.33918,1.33829,1.33894,2680
1781170200,1.33895,1.33910,1.33832,1.33834,2464
1781171100,1.33832,1.33849,1.33794,1.33824,2188
1781172000,1.33825,1.33836,1.33785,1.33786,2752
1781172900,1.33787,1.33787,1.33716,1.33725,2436
1781173800,1.33725,1.33732,1.33682,1.33692,1995
1781174700,1.33692,1.33696,1.33612,1.33635,2634
1781175600,1.33636,1.33666,1.33584,1.33664,2195
1781176500,1.33664,1.33681,1.33627,1.33636,2030
1781177400,1.33635,1.33638,1.33608,1.33627,1865
1781178300,1.33628,1.33695,1.33606,1.33656,2004
1781179200,1.33655,1.33657,1.33546,1.33558,2046
1781180100,1.33558,1.33580,1.33526,1.33546,1578
1781181000,1.33546,1.33590,1.33535,1.33567,1629
1781181900,1.33567,1.33619,1.33565,1.33594,1448
1781182800,1.33594,1.33659,1.33594,1.33648,2751
1781183700,1.33648,1.33652,1.33596,1.33637,2257
1781184600,1.33636,1.33681,1.33616,1.33626,2860
1781185500,1.33626,1.33659,1.33604,1.33651,1910
1781186400,1.33651,1.33680,1.33601,1.33634,2590
1781187300,1.33634,1.33654,1.33404,1.33508,4448
1781188200,1.33515,1.33581,1.33416,1.33531,4712
1781189100,1.33531,1.33654,1.33505,1.33614,5732
1781190000,1.33614,1.33622,1.33463,1.33463,4163
1781190900,1.33463,1.33543,1.33390,1.33514,3323
1781191800,1.33514,1.33559,1.33470,1.33518,5851
1781192700,1.33518,1.33626,1.33497,1.33533,5530
1781193600,1.33533,1.33551,1.33387,1.33428,4769
1781194500,1.33429,1.33445,1.33358,1.33368,4242
1781195400,1.33369,1.33379,1.33296,1.33310,4239
1781196300,1.33310,1.33339,1.33250,1.33278,3955
1781197200,1.33278,1.33375,1.33246,1.33345,5028
1781198100,1.33345,1.33434,1.33344,1.33410,4020
1781199000,1.33410,1.33449,1.33385,1.33408,3564
1781199900,1.33408,1.33419,1.33333,1.33354,3893
1781200800,1.33355,1.33376,1.33327,1.33344,3302
1781201700,1.33346,1.33347,1.33292,1.33304,3431
1781202600,1.33303,1.33359,1.33279,1.33326,3148
1781203500,1.33326,1.33348,1.33316,1.33333,2547
1781204400,1.33332,1.33348,1.33277,1.33304,2952
1781205300,1.33303,1.33513,1.33265,1.33510,3699
1781206200,1.33511,1.34036,1.33510,1.34001,9784
1781207100,1.34001,1.34046,1.33834,1.33888,7254
1781208000,1.33888,1.33930,1.33785,1.33892,6514
1781208900,1.33891,1.33983,1.33879,1.33918,5678
1781209800,1.33918,1.33960,1.33839,1.33960,3825
1781210700,1.33960,1.34077,1.33957,1.33975,3028
1781211600,1.33974,1.34184,1.33973,1.34170,4439
1781212500,1.34170,1.34224,1.34129,1.34217,3649
1781213400,1.34217,1.34334,1.34203,1.34207,4414
1781214300,1.34207,1.34211,1.34152,1.34164,2959
1781215200,1.34164,1.34226,1.34160,1.34192,1988
1781216100,1.34192,1.34230,1.34178,1.34193,1249
1781217000,1.34192,1.34204,1.34146,1.34150,2029
1781217900,1.34150,1.34174,1.34133,1.34158,1464
1781218800,1.34185,1.34216,1.34143,1.34216,198
1781219700,1.34216,1.34276,1.34112,1.34147,744
1781220600,1.34156,1.34175,1.34107,1.34141,1213
1781221500,1.34144,1.34249,1.34126,1.34128,1073
1781222400,1.34238,1.34259,1.34182,1.34186,445
1781223300,1.34186,1.34195,1.34155,1.34175,364
1781224200,1.34175,1.34206,1.34143,1.34196,927
1781225100,1.34196,1.34247,1.34196,1.34237,867
1781226000,1.34236,1.34264,1.34207,1.34214,1231
1781226900,1.34214,1.34224,1.34158,1.34162,800
1781227800,1.34162,1.34169,1.34138,1.34154,813
1781228700,1.34154,1.34165,1.34134,1.34143,1499
1781229600,1.34142,1.34158,1.34089,1.34117,3731
1781230500,1.34118,1.34138,1.34090,1.34114,3399
1781231400,1.34114,1.34133,1.34060,1.34062,2722
1781232300,1.34062,1.34105,1.34059,1.34087,3119
1781233200,1.34086,1.34089,1.34008,1.34042,3943
1781234100,1.34042,1.34048,1.33999,1.34018,2994
1781235000,1.34018,1.34062,1.34013,1.34017,3510
1781235900,1.34015,1.34048,1.33999,1.34030,2582
1781236800,1.34028,1.34126,1.34023,1.34109,2211
1781237700,1.34109,1.34109,1.34037,1.34038,2307
1781238600,1.34038,1.34072,1.34022,1.34067,2415
1781239500,1.34067,1.34080,1.34056,1.34069,1531
1781240400,1.34069,1.34089,1.34047,1.34071,2015
1781241300,1.34071,1.34131,1.34068,1.34117,2408
1781242200,1.34116,1.34176,1.34112,1.34169,2832
1781243100,1.34169,1.34170,1.34120,1.34145,2210
1781244000,1.34145,1.34149,1.34105,1.34142,2229
1781244900,1.34140,1.34148,1.34122,1.34147,1652
1781245800,1.34147,1.34181,1.34140,1.34163,2245
1781246700,1.34163,1.34168,1.34098,1.34115,2314
1781247600,1.34115,1.34143,1.34045,1.34075,2340
1781248500,1.34075,1.34077,1.34023,1.34035,2227
1781249400,1.34035,1.34050,1.34006,1.34011,3427
1781250300,1.34011,1.34015,1.33946,1.33962,2842
1781251200,1.33963,1.34105,1.33963,1.34083,2780
1781252100,1.34083,1.34109,1.34072,1.34104,1917
1781253000,1.34105,1.34107,1.33997,1.33999,3225
1781253900,1.33998,1.34071,1.33998,1.34065,2898
1781254800,1.34065,1.34069,1.33981,1.33996,3720
1781255700,1.33996,1.34008,1.33928,1.33929,3261
1781256600,1.33929,1.33949,1.33836,1.33891,3995
1781257500,1.33891,1.33980,1.33849,1.33977,4082
1781258400,1.33978,1.34033,1.33948,1.34011,4208
1781259300,1.34011,1.34193,1.33988,1.34076,5118
1781260200,1.34076,1.34181,1.34073,1.34167,3761
1781261100,1.34167,1.34194,1.34122,1.34134,3059
1781262000,1.34134,1.34159,1.34090,1.34147,3393
1781262900,1.34147,1.34257,1.34145,1.34240,4195
1781263800,1.34240,1.34260,1.34199,1.34203,2682
1781264700,1.34203,1.34225,1.34152,1.34204,3128
1781265600,1.34203,1.34235,1.34155,1.34176,2525
1781266500,1.34176,1.34187,1.34048,1.34102,3903
1781267400,1.34102,1.34186,1.34094,1.34149,2989
1781268300,1.34149,1.34171,1.34086,1.34109,2923
1781269200,1.34109,1.34150,1.34086,1.34150,2781
1781270100,1.34150,1.34176,1.34139,1.34140,2768
1781271000,1.34140,1.34182,1.34125,1.34168,2709
1781271900,1.34168,1.34176,1.34084,1.34091,2480
1781272800,1.34092,1.34094,1.34009,1.34020,3392
1781273700,1.34020,1.34032,1.33898,1.33898,2865
1781274600,1.33898,1.33974,1.33897,1.33945,2353
1781275500,1.33945,1.33958,1.33904,1.33935,3383
1781276400,1.33935,1.33990,1.33904,1.33958,3428
1781277300,1.33957,1.34084,1.33949,1.34080,3245
1781278200,1.34080,1.34142,1.33947,1.33980,6725
1781279100,1.33980,1.34032,1.33980,1.33999,4839
1781280000,1.33999,1.34122,1.33984,1.34066,5120
1781280900,1.34066,1.34081,1.33966,1.33978,4546
1781281800,1.33977,1.34074,1.33976,1.34016,4557
1781282700,1.34016,1.34173,1.33953,1.34137,6325
1781283600,1.34138,1.34168,1.34105,1.34142,5164
1781284500,1.34142,1.34231,1.34123,1.34229,4292
1781285400,1.34229,1.34241,1.34082,1.34106,4722
1781286300,1.34106,1.34172,1.34102,1.34130,4134
1781287200,1.34129,1.34192,1.34075,1.34105,4958
1781288100,1.34106,1.34155,1.34080,1.34124,3998
1781289000,1.34123,1.34161,1.34108,1.34124,3246
1781289900,1.34124,1.34174,1.34119,1.34155,2948
1781290800,1.34155,1.34218,1.34144,1.34167,2905
1781291700,1.34167,1.34192,1.34155,1.34180,3148
1781292600,1.34180,1.34184,1.34150,1.34175,2597
1781293500,1.34175,1.34183,1.34159,1.34167,2026
1781294400,1.34167,1.34179,1.34121,1.34143,2795
1781295300,1.34143,1.34177,1.34137,1.34175,2594
1781296200,1.34175,1.34214,1.34175,1.34198,1940
1781297100,1.34198,1.34207,1.34146,1.34158,2159
1781298000,1.34158,1.34201,1.34139,1.34174,1422
1781298900,1.34174,1.34190,1.34162,1.34176,1573
1781299800,1.34176,1.34180,1.34123,1.34123,2233
1781300700,1.34123,1.34136,1.34084,1.34111,1797
1781301600,1.34108,1.34114,1.34075,1.34076,1065
1781302500,1.34076,1.34092,1.34038,1.34040,498
1781303400,1.34040,1.34040,1.34021,1.34025,688
1781304300,1.34026,1.34086,1.34024,1.34059,1652
1781478000,1.34088,1.34113,1.34088,1.34105,36
1781478900,1.34108,1.34187,1.34104,1.34122,332
1781479800,1.34127,1.34270,1.34126,1.34269,730
1781480700,1.34270,1.34363,1.34241,1.34313,645
1781481600,1.34361,1.34546,1.34337,1.34471,1602
1781482500,1.34470,1.34530,1.34421,1.34465,1383
1781483400,1.34465,1.34516,1.34455,1.34506,1366
1781484300,1.34505,1.34545,1.34500,1.34524,751
1781485200,1.34521,1.34534,1.34475,1.34480,1251
1781486100,1.34480,1.34496,1.34458,1.34467,835
1781487000,1.34470,1.34513,1.34452,1.34511,869
1781487900,1.34511,1.34544,1.34486,1.34496,1837
1781488800,1.34494,1.34599,1.34493,1.34593,3245
1781489700,1.34593,1.34610,1.34562,1.34566,2585
1781490600,1.34566,1.34574,1.34541,1.34553,1931
1781491500,1.34553,1.34557,1.34437,1.34439,2387
1781492400,1.34439,1.34439,1.34387,1.34419,2346
1781493300,1.34419,1.34442,1.34410,1.34421,2085
1781494200,1.34421,1.34428,1.34380,1.34383,2075
1781495100,1.34383,1.34440,1.34367,1.34377,1982
1781496000,1.34377,1.34391,1.34329,1.34338,1812
1781496900,1.34338,1.34381,1.34331,1.34370,1586
1781497800,1.34370,1.34409,1.34369,1.34381,1370
1781498700,1.34380,1.34400,1.34369,1.34393,1149
1781499600,1.34392,1.34409,1.34384,1.34392,1434
1781500500,1.34392,1.34427,1.34392,1.34423,1562
1781501400,1.34423,1.34462,1.34420,1.34451,1587
1781502300,1.34451,1.34465,1.34424,1.34431,1466
1781503200,1.34431,1.34442,1.34407,1.34427,946
1781504100,1.34427,1.34472,1.34424,1.34470,1162
1781505000,1.34470,1.34492,1.34467,1.34488,900
1781505900,1.34487,1.34513,1.34486,1.34504,1692
1781506800,1.34505,1.34603,1.34503,1.34588,1872
1781507700,1.34588,1.34595,1.34562,1.34579,1364
1781508600,1.34579,1.34592,1.34528,1.34530,1742
1781509500,1.34530,1.34566,1.34520,1.34551,1837
1781510400,1.34551,1.34561,1.34453,1.34479,2660
1781511300,1.34479,1.34492,1.34452,1.34460,2096
1781512200,1.34459,1.34459,1.34349,1.34409,2612
1781513100,1.34409,1.34434,1.34397,1.34421,1662
1781514000,1.34423,1.34448,1.34345,1.34365,2831
1781514900,1.34365,1.34410,1.34326,1.34368,2247
1781515800,1.34368,1.34379,1.34282,1.34349,2949
1781516700,1.34349,1.34354,1.34283,1.34327,2556
1781517600,1.34327,1.34332,1.34287,1.34307,2612
1781518500,1.34306,1.34356,1.34297,1.34329,2219
1781519400,1.34330,1.34361,1.34235,1.34254,2555
1781520300,1.34254,1.34263,1.34185,1.34228,2295
1781521200,1.34228,1.34336,1.34227,1.34311,1970
1781522100,1.34311,1.34312,1.34263,1.34273,1715
1781523000,1.34273,1.34317,1.34270,1.34300,2220
1781523900,1.34300,1.34316,1.34229,1.34269,2022
1781524800,1.34269,1.34276,1.34231,1.34236,1107
1781525700,1.34302,1.34317,1.34287,1.34309,1118
1781526600,1.34310,1.34343,1.34299,1.34311,1686
1781527500,1.34311,1.34324,1.34239,1.34250,2034
1781528400,1.34250,1.34312,1.34247,1.34289,2064
1781529300,1.34289,1.34291,1.34228,1.34234,1786
1781530200,1.34234,1.34273,1.34205,1.34219,2137
1781531100,1.34219,1.34253,1.34195,1.34233,2668
1781532000,1.34234,1.34273,1.34200,1.34212,2767
1781532900,1.34212,1.34229,1.34171,1.34217,2410
1781533800,1.34217,1.34261,1.34191,1.34243,2230
1781534700,1.34243,1.34316,1.34232,1.34299,2960
1781535600,1.34299,1.34334,1.34272,1.34329,2327
1781536500,1.34329,1.34396,1.34328,1.34392,2033
1781537400,1.34392,1.34393,1.34313,1.34336,3915
1781538300,1.34336,1.34371,1.34315,1.34341,3402
1781539200,1.34342,1.34422,1.34333,1.34358,3325
1781540100,1.34358,1.34380,1.34320,1.34341,2971
1781541000,1.34342,1.34351,1.34277,1.34336,3097
1781541900,1.34336,1.34446,1.34333,1.34403,4237
1781542800,1.34401,1.34401,1.34353,1.34362,3091
1781543700,1.34363,1.34394,1.34351,1.34384,2404
1781544600,1.34384,1.34384,1.34270,1.34271,2391
1781545500,1.34272,1.34281,1.34241,1.34252,1724
1781546400,1.34252,1.34319,1.34243,1.34305,2088
1781547300,1.34305,1.34334,1.34288,1.34332,2283
1781548200,1.34333,1.34335,1.34252,1.34259,1489
1781549100,1.34259,1.34310,1.34252,1.34294,1610
1781550000,1.34295,1.34300,1.34260,1.34289,2082
1781550900,1.34289,1.34299,1.34254,1.34283,1431
1781551800,1.34283,1.34292,1.34269,1.34282,1657
1781552700,1.34282,1.34294,1.34271,1.34283,1341
1781553600,1.34283,1.34316,1.34279,1.34290,2343
1781554500,1.34290,1.34294,1.34235,1.34238,1698
1781555400,1.34238,1.34239,1.34193,1.34208,1969
1781556300,1.34208,1.34221,1.34189,1.34194,1931
1781557200,1.34194,1.34211,1.34140,1.34141,1899
1781558100,1.34141,1.34168,1.34134,1.34143,1389
1781559000,1.34143,1.34183,1.34140,1.34174,1674
1781559900,1.34174,1.34188,1.34078,1.34087,1528
1781560800,1.34087,1.34116,1.34077,1.34112,1266
1781561700,1.34113,1.34116,1.34063,1.34092,671
1781562600,1.34092,1.34096,1.34072,1.34083,676
1781563500,1.34083,1.34134,1.34065,1.34125,1522
1781564400,1.34121,1.34208,1.34100,1.34139,1379
1781565300,1.34139,1.34217,1.34099,1.34113,1975
1781566200,1.34113,1.34225,1.34105,1.34151,1731
1781567100,1.34151,1.34218,1.34084,1.34104,840
1781568000,1.34124,1.34148,1.34103,1.34107,840
1781568900,1.34107,1.34108,1.34077,1.34087,412
1781569800,1.34087,1.34106,1.34085,1.34103,332
1781570700,1.34104,1.34127,1.34104,1.34117,381
1781571600,1.34117,1.34148,1.34117,1.34137,431
1781572500,1.34137,1.34148,1.34128,1.34144,292
1781573400,1.34144,1.34167,1.34139,1.34166,391
1781574300,1.34166,1.34170,1.34143,1.34157,625
1781575200,1.34156,1.34157,1.34116,1.34119,1463
1781576100,1.34119,1.34126,1.34097,1.34103,1813
1781577000,1.34103,1.34142,1.34101,1.34124,1903
1781577900,1.34124,1.34147,1.34092,1.34136,1568
1781578800,1.34136,1.34181,1.34111,1.34112,2322
1781579700,1.34112,1.34135,1.34094,1.34123,1700
1781580600,1.34122,1.34146,1.34072,1.34083,2093
1781581500,1.34083,1.34139,1.34051,1.34067,1567
1781582400,1.34067,1.34068,1.34004,1.34012,1650
1781583300,1.34012,1.34026,1.33973,1.34016,1343
1781584200,1.34016,1.34061,1.34016,1.34045,924
1781585100,1.34045,1.34052,1.34021,1.34045,1278
1781586000,1.34044,1.34055,1.34018,1.34034,1623
1781586900,1.34034,1.34046,1.34000,1.34026,1750
1781587800,1.34025,1.34050,1.34025,1.34044,1461
1781588700,1.34044,1.34064,1.34023,1.34032,1163
1781589600,1.34033,1.34046,1.33950,1.33954,1713
1781590500,1.33954,1.33971,1.33910,1.33941,1549
1781591400,1.33941,1.33969,1.33929,1.33958,1504
1781592300,1.33961,1.33977,1.33945,1.33972,1854
1781593200,1.33973,1.33995,1.33971,1.33975,1134
1781594100,1.33975,1.33998,1.33975,1.33997,804
1781595000,1.33998,1.34014,1.33962,1.33966,1580
1781595900,1.33966,1.33973,1.33923,1.33925,1684
1781596800,1.33925,1.33973,1.33917,1.33946,1399
1781597700,1.33945,1.33958,1.33907,1.33947,1601
1781598600,1.33947,1.34046,1.33938,1.33996,2397
1781599500,1.33996,1.34066,1.33996,1.34058,2124
1781600400,1.34058,1.34123,1.34028,1.34092,2459
1781601300,1.34091,1.34122,1.34061,1.34112,2664
1781602200,1.34112,1.34129,1.34075,1.34115,2491
1781603100,1.34115,1.34164,1.34110,1.34163,2341
1781604000,1.34164,1.34189,1.34131,1.34184,2304
1781604900,1.34184,1.34199,1.34143,1.34194,2062
1781605800,1.34194,1.34216,1.34154,1.34189,2027
1781606700,1.34190,1.34243,1.34162,1.34241,1674
1781607600,1.34241,1.34273,1.34207,1.34211,2334
1781608500,1.34211,1.34222,1.34150,1.34167,2046
1781609400,1.34167,1.34199,1.34157,1.34162,1440
1781610300,1.34162,1.34180,1.34149,1.34154,1788
1781611200,1.34154,1.34222,1.34147,1.34207,1882
1781612100,1.34207,1.34249,1.34201,1.34201,2083
1781613000,1.34201,1.34255,1.34186,1.34252,1881
1781613900,1.34252,1.34317,1.34212,1.34309,2204
1781614800,1.34309,1.34309,1.34209,1.34231,2288
1781615700,1.34230,1.34242,1.34194,1.34220,1991
1781616600,1.34220,1.34238,1.34120,1.34148,2183
1781617500,1.34148,1.34160,1.34115,1.34154,1859
1781618400,1.34154,1.34154,1.34078,1.34130,2492
1781619300,1.34130,1.34139,1.34078,1.34106,2586
1781620200,1.34106,1.34152,1.34098,1.34142,1759
1781621100,1.34142,1.34175,1.34128,1.34159,2659
1781622000,1.34160,1.34191,1.34108,1.34118,2571
1781622900,1.34118,1.34121,1.34066,1.34097,2750
1781623800,1.34097,1.34182,1.34093,1.34151,3874
1781624700,1.34151,1.34159,1.34091,1.34105,3216
1781625600,1.34106,1.34163,1.34099,1.34141,3148
1781626500,1.34141,1.34154,1.34076,1.34076,3188
1781627400,1.34076,1.34140,1.34031,1.34127,3342
1781628300,1.34127,1.34279,1.34117,1.34274,3658
1781629200,1.34275,1.34283,1.34187,1.34214,3353
1781630100,1.34215,1.34240,1.34202,1.34216,2605
1781631000,1.34219,1.34273,1.34197,1.34244,2998
1781631900,1.34244,1.34434,1.34203,1.34376,3895
1781632800,1.34376,1.34399,1.34340,1.34388,2693
1781633700,1.34388,1.34400,1.34347,1.34351,2539
1781634600,1.34351,1.34360,1.34309,1.34315,2038
1781635500,1.34315,1.34329,1.34289,1.34293,1498
1781636400,1.34293,1.34295,1.34269,1.34278,2169
1781637300,1.34278,1.34290,1.34250,1.34265,1442
1781638200,1.34265,1.34284,1.34247,1.34278,1686
1781639100,1.34278,1.34291,1.34268,1.34290,1301
1781640000,1.34290,1.34330,1.34281,1.34290,1767
1781640900,1.34290,1.34293,1.34273,1.34282,1530
1781641800,1.34282,1.34292,1.34245,1.34251,1762
1781642700,1.34251,1.34286,1.34235,1.34285,1344
1781643600,1.34285,1.34327,1.34284,1.34300,1759
1781644500,1.34300,1.34308,1.34287,1.34300,1595
1781645400,1.34299,1.34303,1.34263,1.34266,1487
1781646300,1.34266,1.34270,1.34221,1.34238,2184
1781647200,1.34238,1.34238,1.34219,1.34229,853
1781648100,1.34229,1.34264,1.34229,1.34257,382
1781649000,1.34258,1.34262,1.34238,1.34246,422
1781649900,1.34245,1.34270,1.34238,1.34267,737
1781650800,1.34292,1.34303,1.34239,1.34269,242
1781651700,1.34269,1.34298,1.34244,1.34291,318
1781652600,1.34291,1.34295,1.34234,1.34247,696
1781653500,1.34246,1.34296,1.34221,1.34292,1722
1781654400,1.34276,1.34282,1.34268,1.34278,819
1781655300,1.34278,1.34280,1.34267,1.34274,585
1781656200,1.34273,1.34280,1.34271,1.34277,860
1781657100,1.34277,1.34285,1.34275,1.34278,624
1781658000,1.34279,1.34309,1.34278,1.34298,412
1781658900,1.34297,1.34309,1.34292,1.34306,633
1781659800,1.34307,1.34309,1.34281,1.34286,839
1781660700,1.34285,1.34291,1.34248,1.34253,1153
1781661600,1.34253,1.34307,1.34239,1.34296,6111
1781662500,1.34297,1.34323,1.34297,1.34306,5228
1781663400,1.34306,1.34316,1.34300,1.34310,3665
1781664300,1.34309,1.34312,1.34275,1.34306,2012
1781665200,1.34306,1.34337,1.34293,1.34312,1718
1781666100,1.34312,1.34320,1.34296,1.34297,1375
1781667000,1.34298,1.34307,1.34275,1.34307,1271
1781667900,1.34307,1.34320,1.34265,1.34269,1193
1781668800,1.34269,1.34276,1.34254,1.34269,1084
1781669700,1.34269,1.34319,1.34263,1.34310,845
1781670600,1.34310,1.34312,1.34287,1.34298,819
1781671500,1.34298,1.34298,1.34258,1.34258,882
1781672400,1.34258,1.34282,1.34249,1.34269,901
1781673300,1.34269,1.34275,1.34251,1.34268,962
1781674200,1.34268,1.34290,1.34265,1.34280,1111
1781675100,1.34279,1.34286,1.34271,1.34273,977
1781676000,1.34272,1.34311,1.34270,1.34304,682
1781676900,1.34304,1.34320,1.34298,1.34299,681
1781677800,1.34298,1.34309,1.34287,1.34298,902
1781678700,1.34299,1.34331,1.34297,1.34310,1136
1781679600,1.34310,1.34332,1.34302,1.34309,1265
1781680500,1.34309,1.34341,1.34278,1.34306,1118
1781681400,1.34306,1.34309,1.34288,1.34305,1219
1781682300,1.34305,1.34326,1.34272,1.34291,1278
1781683200,1.34290,1.34417,1.34180,1.34215,2250
1781684100,1.34214,1.34218,1.34155,1.34156,2192
1781685000,1.34155,1.34165,1.34084,1.34145,2220
1781685900,1.34145,1.34165,1.34109,1.34147,1911
1781686800,1.34147,1.34186,1.34132,1.34176,2092
1781687700,1.34176,1.34198,1.34140,1.34145,2021
1781688600,1.34145,1.34174,1.34117,1.34151,2117
1781689500,1.34150,1.34214,1.34144,1.34209,2115
1781690400,1.34209,1.34212,1.34112,1.34167,2523
1781691300,1.34167,1.34171,1.34083,1.34129,2434
1781692200,1.34128,1.34155,1.34108,1.34126,1745
1781693100,1.34127,1.34172,1.34109,1.34171,1681
1781694000,1.34171,1.34179,1.34145,1.34156,1289
1781694900,1.34156,1.34197,1.34127,1.34179,2246
1781695800,1.34179,1.34198,1.34145,1.34151,1668
1781696700,1.34151,1.34178,1.34136,1.34175,1709
1781697600,1.34176,1.34180,1.34150,1.34175,1573
1781698500,1.34175,1.34175,1.34098,1.34108,1931
1781699400,1.34108,1.34160,1.34108,1.34121,1480
1781700300,1.34121,1.34170,1.34093,1.34124,1648
1781701200,1.34124,1.34137,1.34067,1.34071,1959
1781702100,1.34070,1.34108,1.34049,1.34061,2013
1781703000,1.34060,1.34060,1.33996,1.34022,2495
1781703900,1.34022,1.34053,1.34017,1.34050,1731
1781704800,1.34050,1.34081,1.34038,1.34068,2147
1781705700,1.34068,1.34111,1.34063,1.34095,1981
1781706600,1.34096,1.34138,1.34063,1.34112,1933
1781707500,1.34111,1.34162,1.34110,1.34152,1818
1781708400,1.34152,1.34164,1.34129,1.34159,2263
1781709300,1.34159,1.34185,1.34135,1.34141,2177
1781710200,1.34141,1.34145,1.34085,1.34096,3365
1781711100,1.34097,1.34142,1.34057,1.34062,2897
1781712000,1.34062,1.34080,1.34009,1.34017,2898
1781712900,1.34018,1.34054,1.33995,1.34012,2549
1781713800,1.34010,1.34044,1.33981,1.34028,3124
1781714700,1.34029,1.34038,1.33847,1.33939,4355
1781715600,1.33938,1.33943,1.33880,1.33931,3068
1781716500,1.33930,1.33978,1.33921,1.33953,2750
1781717400,1.33951,1.33985,1.33930,1.33978,2206
1781718300,1.33978,1.33981,1.33937,1.33963,1720
1781719200,1.33963,1.33970,1.33897,1.33899,2000
1781720100,1.33899,1.33956,1.33896,1.33941,1451
1781721000,1.33940,1.33943,1.33896,1.33942,1625
1781721900,1.33942,1.33980,1.33938,1.33965,1389
1781722800,1.33965,1.33995,1.33946,1.33981,2139
1781723700,1.33981,1.33982,1.33946,1.33959,1804
1781724600,1.33958,1.33977,1.33940,1.33964,1952
1781725500,1.33965,1.34038,1.33955,1.34026,1579
1781726400,1.34033,1.34033,1.33466,1.33496,9151
1781727300,1.33496,1.33623,1.33493,1.33544,6302
1781728200,1.33544,1.33719,1.33349,1.33662,9475
1781729100,1.33661,1.33684,1.33352,1.33371,9049
1781730000,1.33372,1.33402,1.32865,1.33016,10097
1781730900,1.33018,1.33020,1.32801,1.32802,7263
1781731800,1.32802,1.32821,1.32620,1.32701,7521
1781732700,1.32699,1.32866,1.32687,1.32853,6399
1781733600,1.32854,1.32872,1.32772,1.32813,2983
1781734500,1.32813,1.32930,1.32791,1.32926,1940
1781735400,1.32925,1.32996,1.32922,1.32955,1416
1781736300,1.32954,1.32973,1.32940,1.32949,1934
1781737200,1.32863,1.32931,1.32851,1.32918,265
1781738100,1.32904,1.33025,1.32903,1.33003,274
1781739000,1.33003,1.33005,1.32871,1.32894,1553
1781739900,1.32900,1.32992,1.32858,1.32894,1178
1781740800,1.32931,1.32946,1.32896,1.32933,1011
1781741700,1.32933,1.32948,1.32918,1.32928,530
1781742600,1.32927,1.32958,1.32927,1.32953,526
1781743500,1.32953,1.32969,1.32949,1.32959,371
1781744400,1.32959,1.33005,1.32959,1.33003,658
1781745300,1.33004,1.33023,1.32995,1.32998,696
1781746200,1.33000,1.33026,1.32966,1.33023,1109
1781747100,1.33023,1.33026,1.32987,1.33008,1178
1781748000,1.33007,1.33180,1.33005,1.33089,4366
1781748900,1.33089,1.33113,1.33056,1.33072,2735
1781749800,1.33072,1.33101,1.33054,1.33078,2004
1781750700,1.33078,1.33088,1.33047,1.33065,2790
1781751600,1.33065,1.33128,1.33061,1.33116,2545
1781752500,1.33115,1.33176,1.33109,1.33170,2173
1781753400,1.33171,1.33188,1.33161,1.33174,2131
1781754300,1.33174,1.33175,1.33095,1.33102,2272
1781755200,1.33102,1.33126,1.33076,1.33085,1637
1781756100,1.33085,1.33108,1.33067,1.33105,1565
1781757000,1.33105,1.33153,1.33094,1.33150,1592
1781757900,1.33149,1.33158,1.33121,1.33121,1770
1781758800,1.33121,1.33151,1.33121,1.33149,1539
1781759700,1.33150,1.33174,1.33126,1.33166,1429
1781760600,1.33167,1.33182,1.33142,1.33160,1079
1781761500,1.33160,1.33180,1.33156,1.33170,956
1781762400,1.33170,1.33198,1.33133,1.33135,1681
1781763300,1.33135,1.33158,1.33124,1.33146,1394
1781764200,1.33146,1.33166,1.33133,1.33149,1499
1781765100,1.33149,1.33168,1.33144,1.33145,1467
1781766000,1.33144,1.33157,1.33120,1.33127,1795
1781766900,1.33127,1.33138,1.33075,1.33083,1478
1781767800,1.33083,1.33097,1.33062,1.33085,1825
1781768700,1.33085,1.33085,1.32992,1.32994,1678
1781769600,1.32993,1.33183,1.32992,1.33180,2537
1781770500,1.33180,1.33246,1.33133,1.33245,3874
1781771400,1.33246,1.33250,1.33168,1.33242,2535
1781772300,1.33242,1.33249,1.33125,1.33126,2993
1781773200,1.33126,1.33170,1.32996,1.33022,3560
1781774100,1.33022,1.33052,1.32940,1.32958,2657
1781775000,1.32958,1.32973,1.32893,1.32973,3034
1781775900,1.32973,1.33059,1.32958,1.32969,2581
1781776800,1.32969,1.32971,1.32807,1.32811,3057
1781777700,1.32811,1.32842,1.32751,1.32763,3000
1781778600,1.32767,1.32792,1.32621,1.32621,3260
1781779500,1.32622,1.32625,1.32414,1.32453,3395
1781780400,1.32453,1.32501,1.32354,1.32362,4073
1781781300,1.32360,1.32485,1.32359,1.32379,2920
1781782200,1.32379,1.32472,1.32338,1.32451,2511
1781783100,1.32451,1.32487,1.32401,1.32401,1871
1781784000,1.32401,1.32403,1.32252,1.32361,2961
1781784900,1.32362,1.32397,1.32327,1.32383,2393
1781785800,1.32383,1.32393,1.32303,1.32311,1996
1781786700,1.32311,1.32339,1.32264,1.32297,1996
1781787600,1.32297,1.32346,1.32123,1.32154,3454
1781788500,1.32154,1.32218,1.32103,1.32204,3676
1781789400,1.32205,1.32247,1.32120,1.32148,3492
1781790300,1.32147,1.32162,1.32051,1.32110,2912
1781791200,1.32108,1.32346,1.32098,1.32342,3415
1781792100,1.32342,1.32486,1.32311,1.32443,2882
1781793000,1.32441,1.32460,1.32296,1.32309,3266
1781793900,1.32309,1.32378,1.32308,1.32333,4052
1781794800,1.32333,1.32347,1.32242,1.32337,4296
1781795700,1.32336,1.32383,1.32259,1.32383,4469
1781796600,1.32382,1.32497,1.32370,1.32446,5838
1781797500,1.32445,1.32461,1.32368,1.32384,4959
1781798400,1.32383,1.32436,1.32307,1.32376,5021
1781799300,1.32375,1.32452,1.32347,1.32433,4272
1781800200,1.32432,1.32440,1.32346,1.32354,3602
1781801100,1.32353,1.32529,1.32351,1.32519,3860
1781802000,1.32520,1.32536,1.32376,1.32379,4097
1781802900,1.32379,1.32410,1.32345,1.32362,4091
1781803800,1.32361,1.32388,1.32280,1.32298,4230
1781804700,1.32298,1.32349,1.32256,1.32259,3769
1781805600,1.32259,1.32295,1.32158,1.32184,4081
1781806500,1.32184,1.32211,1.32113,1.32198,2857
1781807400,1.32198,1.32227,1.32160,1.32194,2979
1781808300,1.32194,1.32232,1.32159,1.32214,2845
1781809200,1.32214,1.32276,1.32176,1.32264,2815
1781810100,1.32264,1.32303,1.32253,1.32271,2920
1781811000,1.32272,1.32272,1.32168,1.32195,3381
1781811900,1.32195,1.32195,1.32084,1.32087,2121
1781812800,1.32087,1.32111,1.32061,1.32098,2188
1781813700,1.32098,1.32117,1.32076,1.32084,2300
1781814600,1.32084,1.32104,1.32072,1.32097,1699
1781815500,1.32097,1.32101,1.32026,1.32029,2083
1781816400,1.32030,1.32039,1.31930,1.31965,3091
1781817300,1.31965,1.31998,1.31933,1.31952,2528
1781818200,1.31953,1.32045,1.31951,1.32028,3643
1781819100,1.32028,1.32094,1.31994,1.31994,2912
1781820000,1.32002,1.32070,1.31973,1.32067,1472
1781820900,1.32067,1.32076,1.32029,1.32048,584
1781821800,1.32048,1.32066,1.32038,1.32043,715
1781822700,1.32043,1.32051,1.32026,1.32049,1417
1781823600,1.32056,1.32216,1.32043,1.32043,209
1781824500,1.32043,1.32067,1.32009,1.32032,436
1781825400,1.32032,1.32137,1.32030,1.32077,1098
1781826300,1.32081,1.32158,1.32047,1.32112,793
1781827200,1.32059,1.32063,1.32035,1.32052,741
1781828100,1.32051,1.32054,1.32032,1.32050,527
1781829000,1.32050,1.32060,1.32044,1.32050,280
1781829900,1.32051,1.32066,1.32051,1.32057,357
1781830800,1.32057,1.32064,1.32033,1.32054,515
1781831700,1.32054,1.32056,1.32031,1.32035,456
1781832600,1.32035,1.32057,1.32024,1.32037,522
1781833500,1.32037,1.32044,1.32006,1.32015,758
1781834400,1.32015,1.32086,1.32011,1.32068,2727
1781835300,1.32074,1.32085,1.32044,1.32046,1928
1781836200,1.32046,1.32106,1.32042,1.32078,2016
1781837100,1.32078,1.32115,1.32067,1.32091,1741
1781838000,1.32091,1.32108,1.32055,1.32067,1788
1781838900,1.32067,1.32078,1.32034,1.32056,1826
1781839800,1.32056,1.32057,1.32014,1.32019,1625
1781840700,1.32019,1.32021,1.31947,1.31953,1460
1781841600,1.31953,1.31969,1.31934,1.31969,1582
1781842500,1.31969,1.32041,1.31956,1.32038,1367
1781843400,1.32039,1.32057,1.32031,1.32036,1570
1781844300,1.32035,1.32037,1.32006,1.32015,1148
1781845200,1.32014,1.32019,1.31936,1.31936,1539
1781846100,1.31937,1.31938,1.31860,1.31875,2293
1781847000,1.31875,1.31917,1.31863,1.31917,2007
1781847900,1.31916,1.31919,1.31865,1.31874,2324
1781848800,1.31874,1.31881,1.31834,1.31865,2205
1781849700,1.31865,1.31872,1.31844,1.31862,1466
1781850600,1.31862,1.31884,1.31755,1.31756,2062
1781851500,1.31756,1.31759,1.31682,1.31699,1945
1781852400,1.31698,1.31722,1.31664,1.31675,2767
1781853300,1.31676,1.31686,1.31632,1.31683,1918
1781854200,1.31683,1.31797,1.31683,1.31796,2031
1781855100,1.31799,1.31997,1.31798,1.31930,2457
1781856000,1.31929,1.31996,1.31868,1.31988,2528
1781856900,1.31987,1.31996,1.31945,1.31945,2363
1781857800,1.31945,1.31986,1.31842,1.31895,2299
1781858700,1.31895,1.31989,1.31872,1.31987,1677
1781859600,1.31987,1.32081,1.31987,1.32014,2429
1781860500,1.32014,1.32033,1.31912,1.31947,2724
1781861400,1.31947,1.32045,1.31944,1.31994,2602
1781862300,1.31994,1.32002,1.31940,1.31955,1992
1781863200,1.31956,1.32061,1.31953,1.32028,2532
1781864100,1.32027,1.32214,1.32024,1.32187,2664
1781865000,1.32190,1.32329,1.32185,1.32294,2667
1781865900,1.32293,1.32329,1.32264,1.32325,1923
1781866800,1.32326,1.32340,1.32273,1.32304,3282
1781867700,1.32304,1.32369,1.32295,1.32311,2581
1781868600,1.32312,1.32389,1.32311,1.32374,1900
1781869500,1.32373,1.32410,1.32343,1.32346,2459
1781870400,1.32345,1.32359,1.32295,1.32299,1972
1781871300,1.32298,1.32305,1.32232,1.32266,3437
1781872200,1.32266,1.32283,1.32243,1.32267,2931
1781873100,1.32266,1.32352,1.32253,1.32350,2873
1781874000,1.32349,1.32407,1.32306,1.32345,3028
1781874900,1.32345,1.32406,1.32342,1.32342,1750
1781875800,1.32343,1.32348,1.32266,1.32319,1599
1781876700,1.32320,1.32335,1.32268,1.32293,2106
1781877600,1.32296,1.32345,1.32289,1.32321,2449
1781878500,1.32321,1.32323,1.32253,1.32257,2192
1781879400,1.32257,1.32296,1.32252,1.32273,2066
1781880300,1.32273,1.32401,1.32271,1.32352,4227
1781881200,1.32353,1.32367,1.32284,1.32286,2763
1781882100,1.32286,1.32309,1.32212,1.32262,2911
1781883000,1.32261,1.32266,1.32163,1.32181,2992
1781883900,1.32181,1.32264,1.32181,1.32204,2410
1781884800,1.32204,1.32211,1.32137,1.32159,2921
1781885700,1.32159,1.32223,1.32159,1.32210,2122
1781886600,1.32210,1.32336,1.32206,1.32326,1935
1781887500,1.32326,1.32358,1.32165,1.32303,4006
1781888400,1.32304,1.32356,1.32240,1.32244,3158
1781889300,1.32243,1.32305,1.32243,1.32285,1518
1781890200,1.32285,1.32286,1.32181,1.32215,1552
1781891100,1.32215,1.32247,1.32188,1.32201,1093
1781892000,1.32202,1.32219,1.32180,1.32217,1008
1781892900,1.32217,1.32270,1.32195,1.32268,949
1781893800,1.32268,1.32279,1.32229,1.32248,681
1781894700,1.32248,1.32297,1.32242,1.32287,728
1781895600,1.32287,1.32331,1.32284,1.32300,1548
1781896500,1.32300,1.32337,1.32300,1.32323,1686
1781897400,1.32324,1.32383,1.32321,1.32364,1406
1781898300,1.32364,1.32381,1.32298,1.32316,1751
1781899200,1.32317,1.32347,1.32304,1.32325,1203
1781900100,1.32325,1.32360,1.32321,1.32358,770
1781901000,1.32356,1.32372,1.32353,1.32363,1366
1781901900,1.32364,1.32372,1.32315,1.32335,1127
1781902800,1.32335,1.32361,1.32327,1.32352,504
1781903700,1.32352,1.32359,1.32297,1.32351,3234
1781904600,1.32351,1.32352,1.32304,1.32310,2697
1781905500,1.32309,1.32356,1.32299,1.32335,860
1781906400,1.32335,1.32364,1.32288,1.32356,3822
1781907300,1.32357,1.32373,1.32265,1.32294,1898
1781908200,1.32294,1.32328,1.32259,1.32290,1259
1781909100,1.32290,1.32405,1.32228,1.32335,1579
1782084600,1.31971,1.32043,1.31963,1.32022,174
1782085500,1.32022,1.32054,1.31972,1.31972,293
1782086400,1.32002,1.32121,1.32002,1.32054,1165
1782087300,1.32054,1.32126,1.32053,1.32086,996
1782088200,1.32085,1.32091,1.32061,1.32073,728
1782089100,1.32073,1.32092,1.32066,1.32083,533
1782090000,1.32083,1.32105,1.32083,1.32087,754
1782090900,1.32087,1.32099,1.32064,1.32099,904
1782091800,1.32099,1.32099,1.32024,1.32035,750
1782092700,1.32035,1.32075,1.32013,1.32075,1113
1782093600,1.32075,1.32148,1.32075,1.32131,2336
1782094500,1.32131,1.32170,1.32105,1.32141,1689
1782095400,1.32140,1.32155,1.32122,1.32126,1594
1782096300,1.32126,1.32225,1.32110,1.32221,2626
1782097200,1.32222,1.32337,1.32222,1.32306,3393
1782098100,1.32307,1.32314,1.32226,1.32259,2582
1782099000,1.32259,1.32259,1.32214,1.32251,2405
1782099900,1.32251,1.32262,1.32198,1.32199,1879
1782100800,1.32202,1.32239,1.32188,1.32189,1683
1782101700,1.32188,1.32209,1.32175,1.32201,1656
1782102600,1.32201,1.32272,1.32200,1.32251,1511
1782103500,1.32251,1.32277,1.32236,1.32249,1539
1782104400,1.32249,1.32272,1.32225,1.32234,2154
1782105300,1.32234,1.32264,1.32225,1.32234,1639
1782106200,1.32233,1.32252,1.32170,1.32173,1854
1782107100,1.32174,1.32207,1.32097,1.32124,1558
1782108000,1.32125,1.32132,1.32065,1.32066,1972
1782108900,1.32067,1.32082,1.32039,1.32056,1528
1782109800,1.32057,1.32094,1.32054,1.32074,1268
1782110700,1.32075,1.32096,1.32049,1.32075,1734
1782111600,1.32074,1.32112,1.32073,1.32111,1648
1782112500,1.32110,1.32163,1.32104,1.32161,1610
1782113400,1.32161,1.32208,1.32154,1.32186,1893
1782114300,1.32186,1.32186,1.32088,1.32090,1976
1782115200,1.32086,1.32167,1.32060,1.32142,2798
1782116100,1.32142,1.32151,1.32074,1.32087,2789
1782117000,1.32087,1.32092,1.32023,1.32024,2656
1782117900,1.32024,1.32132,1.32011,1.32102,2269
1782118800,1.32101,1.32176,1.32065,1.32166,3247
1782119700,1.32166,1.32187,1.32015,1.32016,3032
1782120600,1.32016,1.32018,1.31927,1.31944,2661
1782121500,1.31944,1.31970,1.31896,1.31943,2289
1782122400,1.31943,1.31971,1.31848,1.31907,2313
1782123300,1.31907,1.32110,1.31835,1.31946,3624
1782124200,1.31946,1.32116,1.31915,1.31971,3400
1782125100,1.31971,1.32098,1.31964,1.32058,3078
1782126000,1.32059,1.32273,1.32054,1.32235,2942
1782126900,1.32235,1.32257,1.32199,1.32237,2604
1782127800,1.32238,1.32311,1.32214,1.32267,2623
1782128700,1.32268,1.32349,1.32265,1.32287,2551
1782129600,1.32286,1.32480,1.32281,1.32422,3236
1782130500,1.32422,1.32466,1.32392,1.32436,3021
1782131400,1.32435,1.32438,1.32356,1.32408,2747
1782132300,1.32408,1.32447,1.32361,1.32371,2676
1782133200,1.32371,1.32442,1.32318,1.32361,4364
1782134100,1.32361,1.32407,1.32343,1.32372,1718
1782135000,1.32372,1.32426,1.32371,1.32425,2116
1782135900,1.32425,1.32438,1.32353,1.32355,3026
1782136800,1.32355,1.32557,1.32346,1.32524,3657
1782137700,1.32522,1.32597,1.32474,1.32597,2679
1782138600,1.32596,1.32732,1.32586,1.32701,3177
1782139500,1.32702,1.32718,1.32573,1.32614,3274
1782140400,1.32615,1.32656,1.32530,1.32624,5329
1782141300,1.32624,1.32649,1.32497,1.32505,3935
1782142200,1.32505,1.32578,1.32415,1.32434,4520
1782143100,1.32434,1.32492,1.32381,1.32390,4291
1782144000,1.32390,1.32606,1.32379,1.32560,5162
1782144900,1.32559,1.32587,1.32487,1.32559,4580
1782145800,1.32559,1.32567,1.32394,1.32447,5201
1782146700,1.32447,1.32652,1.32446,1.32624,6496
1782147600,1.32624,1.32676,1.32589,1.32609,4564
1782148500,1.32609,1.32625,1.32542,1.32558,4223
1782149400,1.32557,1.32566,1.32520,1.32526,3151
1782150300,1.32526,1.32526,1.32460,1.32472,3375
1782151200,1.32473,1.32486,1.32414,1.32445,3018
1782152100,1.32445,1.32472,1.32415,1.32418,3279
1782153000,1.32418,1.32454,1.32398,1.32412,2871
1782153900,1.32412,1.32470,1.32403,1.32446,2261
1782154800,1.32446,1.32462,1.32428,1.32430,1578
1782155700,1.32430,1.32455,1.32422,1.32424,2105
1782156600,1.32424,1.32433,1.32405,1.32422,2232
1782157500,1.32420,1.32456,1.32420,1.32442,1529
1782158400,1.32443,1.32462,1.32432,1.32441,1789
1782159300,1.32442,1.32460,1.32438,1.32446,1938
1782160200,1.32446,1.32447,1.32406,1.32427,1733
1782161100,1.32427,1.32459,1.32415,1.32436,1858
1782162000,1.32436,1.32453,1.32422,1.32444,1952
1782162900,1.32444,1.32462,1.32425,1.32445,2025
1782163800,1.32445,1.32447,1.32417,1.32426,2427
1782164700,1.32425,1.32496,1.32418,1.32478,2674
1782165600,1.32478,1.32519,1.32473,1.32505,1463
1782166500,1.32504,1.32507,1.32472,1.32484,583
1782167400,1.32484,1.32494,1.32475,1.32491,530
1782168300,1.32491,1.32510,1.32474,1.32503,709
1782169200,1.32515,1.32550,1.32501,1.32516,183
1782170100,1.32528,1.32552,1.32504,1.32513,362
1782171000,1.32511,1.32559,1.32502,1.32531,1254
1782171900,1.32531,1.32568,1.32500,1.32502,746
1782172800,1.32498,1.32525,1.32482,1.32502,743
1782173700,1.32502,1.32510,1.32489,1.32490,403
1782174600,1.32490,1.32494,1.32460,1.32469,407
1782175500,1.32469,1.32486,1.32465,1.32484,338
1782176400,1.32484,1.32498,1.32482,1.32483,506
1782177300,1.32483,1.32492,1.32473,1.32482,403
1782178200,1.32483,1.32487,1.32473,1.32473,252
1782179100,1.32474,1.32476,1.32461,1.32468,619
1782180000,1.32468,1.32471,1.32415,1.32415,2579
1782180900,1.32416,1.32427,1.32395,1.32420,1920
1782181800,1.32420,1.32463,1.32419,1.32459,2054
1782182700,1.32460,1.32481,1.32440,1.32450,2381
1782183600,1.32450,1.32463,1.32400,1.32405,2514
1782184500,1.32407,1.32429,1.32390,1.32410,2865
1782185400,1.32410,1.32430,1.32397,1.32420,2873
1782186300,1.32420,1.32457,1.32391,1.32431,2853
1782187200,1.32432,1.32472,1.32427,1.32468,3159
1782188100,1.32468,1.32493,1.32468,1.32479,2255
1782189000,1.32477,1.32484,1.32462,1.32472,2068
1782189900,1.32472,1.32473,1.32414,1.32418,2022
1782190800,1.32418,1.32432,1.32371,1.32402,2464
1782191700,1.32402,1.32435,1.32344,1.32429,2301
1782192600,1.32429,1.32430,1.32399,1.32424,2178
1782193500,1.32423,1.32494,1.32411,1.32488,1799
1782194400,1.32487,1.32498,1.32456,1.32458,1877
1782195300,1.32458,1.32462,1.32422,1.32427,1690
1782196200,1.32427,1.32427,1.32397,1.32408,1725
1782197100,1.32409,1.32415,1.32350,1.32369,1320
1782198000,1.32369,1.32382,1.32338,1.32359,2150
1782198900,1.32359,1.32383,1.32351,1.32373,1967
1782199800,1.32373,1.32407,1.32350,1.32382,2044
1782200700,1.32382,1.32428,1.32333,1.32424,2197
1782201600,1.32425,1.32428,1.32378,1.32399,3025
1782202500,1.32399,1.32464,1.32383,1.32409,3539
1782203400,1.32408,1.32408,1.32309,1.32311,3281
1782204300,1.32311,1.32362,1.32288,1.32344,2571
1782205200,1.32343,1.32498,1.32310,1.32456,4178
1782206100,1.32455,1.32495,1.32433,1.32481,2300
1782207000,1.32482,1.32482,1.32263,1.32279,3957
1782207900,1.32279,1.32316,1.32206,1.32264,3476
1782208800,1.32264,1.32359,1.32257,1.32287,4071
1782209700,1.32288,1.32289,1.32186,1.32218,3012
1782210600,1.32216,1.32216,1.32127,1.32187,2715
1782211500,1.32187,1.32229,1.32158,1.32204,2846
1782212400,1.32203,1.32248,1.32165,1.32179,2868
1782213300,1.32179,1.32234,1.32158,1.32233,2128
1782214200,1.32233,1.32287,1.32229,1.32243,2377
1782215100,1.32243,1.32308,1.32218,1.32301,2070
1782216000,1.32301,1.32316,1.32192,1.32221,2237
1782216900,1.32219,1.32246,1.32164,1.32166,2663
1782217800,1.32166,1.32201,1.32153,1.32187,1924
1782218700,1.32187,1.32223,1.32105,1.32198,2624
1782219600,1.32198,1.32253,1.32188,1.32238,1961
1782220500,1.32238,1.32267,1.32161,1.32163,2077
1782221400,1.32163,1.32167,1.32117,1.32154,2151
1782222300,1.32154,1.32163,1.32068,1.32080,2593
1782223200,1.32080,1.32192,1.32070,1.32164,2643
1782224100,1.32164,1.32205,1.32109,1.32122,3097
1782225000,1.32122,1.32193,1.32119,1.32131,2883
1782225900,1.32131,1.32171,1.32081,1.32118,3119
1782226800,1.32119,1.32173,1.32070,1.32070,3136
1782227700,1.32070,1.32151,1.32051,1.32124,2847
1782228600,1.32127,1.32193,1.32071,1.32163,4853
1782229500,1.32162,1.32220,1.32118,1.32136,3246
1782230400,1.32135,1.32152,1.32051,1.32079,3944
1782231300,1.32079,1.32093,1.32030,1.32038,3275
1782232200,1.32039,1.32071,1.31951,1.31972,3855
1782233100,1.31971,1.32052,1.31971,1.32010,3878
1782234000,1.32010,1.32022,1.31938,1.31984,3840
1782234900,1.31983,1.32024,1.31959,1.31962,3522
1782235800,1.31962,1.31992,1.31863,1.31889,2708
1782236700,1.31889,1.31901,1.31851,1.31898,1867
1782237600,1.31898,1.31948,1.31860,1.31940,2474
1782238500,1.31940,1.31971,1.31905,1.31906,1758
1782239400,1.31906,1.31937,1.31879,1.31935,1721
1782240300,1.31935,1.31935,1.31863,1.31868,2074
1782241200,1.31868,1.31893,1.31831,1.31881,2157
1782242100,1.31881,1.31891,1.31850,1.31861,1286
1782243000,1.31861,1.31914,1.31855,1.31909,1328
1782243900,1.31909,1.31910,1.31870,1.31875,1282
1782244800,1.31875,1.31888,1.31860,1.31877,1045
1782245700,1.31877,1.31882,1.31852,1.31855,951
1782246600,1.31855,1.31860,1.31822,1.31840,1189
1782247500,1.31840,1.31887,1.31839,1.31886,1177
1782248400,1.31887,1.31983,1.31881,1.31967,1952
1782249300,1.31967,1.31989,1.31949,1.31988,1235
1782250200,1.31988,1.32008,1.31968,1.31974,1688
1782251100,1.31974,1.31983,1.31953,1.31953,1782
1782252000,1.31953,1.32016,1.31947,1.32011,1053
1782252900,1.32011,1.32031,1.32001,1.32020,530
1782253800,1.32020,1.32022,1.32009,1.32009,324
1782254700,1.32009,1.32033,1.32009,1.32030,464
1782255600,1.31973,1.32059,1.31973,1.32034,87
1782256500,1.32034,1.32035,1.32029,1.32030,80
1782257400,1.32031,1.32038,1.32022,1.32030,317
1782258300,1.32031,1.32037,1.32018,1.32019,763
1782259200,1.32013,1.32018,1.31990,1.32009,584
1782260100,1.32009,1.32012,1.31991,1.31992,378
1782261000,1.31991,1.32010,1.31988,1.32004,690
1782261900,1.32004,1.32018,1.32004,1.32005,342
1782262800,1.32005,1.32015,1.31997,1.31999,565
1782263700,1.31999,1.32008,1.31987,1.31988,394
1782264600,1.31988,1.32015,1.31971,1.32013,569
1782265500,1.32013,1.32040,1.31988,1.31997,1425
1782266400,1.31997,1.32032,1.31985,1.31990,3385
1782267300,1.31990,1.31998,1.31940,1.31958,2950
1782268200,1.31958,1.31979,1.31951,1.31973,2009
1782269100,1.31973,1.32012,1.31971,1.31991,1680
1782270000,1.31991,1.31993,1.31908,1.31960,2436
1782270900,1.31960,1.31961,1.31912,1.31939,2522
1782271800,1.31937,1.32000,1.31924,1.31981,2901
1782272700,1.31982,1.32021,1.31958,1.32012,2334
1782273600,1.32012,1.32022,1.31988,1.32014,1976
1782274500,1.32014,1.32047,1.32005,1.32028,1406
1782275400,1.32027,1.32037,1.31976,1.31983,1811
1782276300,1.31983,1.31987,1.31907,1.31907,2349
1782277200,1.31909,1.31929,1.31872,1.31909,2750
1782278100,1.31909,1.31975,1.31890,1.31974,2239
1782279000,1.31974,1.32017,1.31949,1.31999,2031
1782279900,1.31999,1.32002,1.31981,1.31989,1977
1782280800,1.31989,1.31991,1.31909,1.31922,1951
1782281700,1.31922,1.31974,1.31922,1.31950,2491
1782282600,1.31950,1.31966,1.31939,1.31950,1557
1782283500,1.31950,1.31958,1.31919,1.31931,2057
1782284400,1.31931,1.31983,1.31924,1.31968,1818
1782285300,1.31968,1.31977,1.31940,1.31948,2424
1782286200,1.31949,1.31958,1.31935,1.31942,2034
1782287100,1.31941,1.31977,1.31937,1.31952,1565
1782288000,1.31950,1.32093,1.31932,1.32078,2428
1782288900,1.32078,1.32079,1.31903,1.31928,2679
1782289800,1.31928,1.31964,1.31890,1.31943,2543
1782290700,1.31943,1.31952,1.31843,1.31867,3016
1782291600,1.31867,1.31879,1.31801,1.31804,3739
1782292500,1.31804,1.31908,1.31801,1.31893,3199
1782293400,1.31893,1.31976,1.31893,1.31968,2993
1782294300,1.31969,1.31987,1.31862,1.31868,3113
1782295200,1.31868,1.31908,1.31714,1.31745,3612
1782296100,1.31744,1.31878,1.31727,1.31876,3598
1782297000,1.31877,1.31946,1.31855,1.31910,3148
1782297900,1.31910,1.31978,1.31889,1.31929,2343
1782298800,1.31927,1.31957,1.31841,1.31911,3296
1782299700,1.31910,1.31934,1.31810,1.31823,2498
1782300600,1.31823,1.31845,1.31748,1.31764,2227
1782301500,1.31764,1.31831,1.31754,1.31758,2120
1782302400,1.31757,1.31759,1.31651,1.31674,2442
1782303300,1.31674,1.31683,1.31550,1.31582,2136
1782304200,1.31582,1.31659,1.31552,1.31613,2274
1782305100,1.31613,1.31627,1.31553,1.31557,2081
1782306000,1.31558,1.31588,1.31486,1.31536,1871
1782306900,1.31536,1.31601,1.31515,1.31596,2115
1782307800,1.31596,1.31666,1.31586,1.31629,2437
1782308700,1.31629,1.31737,1.31595,1.31630,3170
1782309600,1.31630,1.31690,1.31576,1.31587,3665
1782310500,1.31587,1.31631,1.31546,1.31607,2618
1782311400,1.31607,1.31618,1.31418,1.31483,3615
1782312300,1.31483,1.31524,1.31444,1.31505,2816
1782313200,1.31505,1.31561,1.31436,1.31448,4470
1782314100,1.31447,1.31658,1.31445,1.31648,3443
1782315000,1.31648,1.31668,1.31549,1.31632,4481
1782315900,1.31631,1.31663,1.31537,1.31622,4553
1782316800,1.31621,1.31670,1.31547,1.31585,4163
1782317700,1.31585,1.31603,1.31489,1.31572,4089
1782318600,1.31572,1.31585,1.31452,1.31500,3277
1782319500,1.31500,1.31533,1.31402,1.31473,3387
1782320400,1.31472,1.31582,1.31454,1.31567,3338
1782321300,1.31567,1.31718,1.31554,1.31666,3194
1782322200,1.31666,1.31666,1.31603,1.31643,2964
1782323100,1.31643,1.31649,1.31563,1.31584,3057
1782324000,1.31584,1.31647,1.31560,1.31614,2757
1782324900,1.31615,1.31737,1.31611,1.31737,2503
1782325800,1.31737,1.31791,1.31692,1.31713,2965
1782326700,1.31713,1.31718,1.31685,1.31706,2054
1782327600,1.31706,1.31723,1.31643,1.31646,2257
1782328500,1.31646,1.31661,1.31587,1.31596,2525
1782329400,1.31596,1.31678,1.31584,1.31597,3125
1782330300,1.31597,1.31600,1.31536,1.31560,2889
1782331200,1.31560,1.31619,1.31554,1.31599,2865
1782332100,1.31599,1.31666,1.31596,1.31657,2339
1782333000,1.31657,1.31699,1.31626,1.31630,2248
1782333900,1.31630,1.31651,1.31597,1.31620,2486
1782334800,1.31621,1.31654,1.31589,1.31589,2825
1782335700,1.31589,1.31601,1.31561,1.31598,2696
1782336600,1.31598,1.31625,1.31595,1.31619,1710
1782337500,1.31619,1.31646,1.31604,1.31608,2288
1782338400,1.31608,1.31645,1.31593,1.31637,2035
1782339300,1.31637,1.31677,1.31627,1.31672,997
1782340200,1.31672,1.31691,1.31667,1.31677,1226
1782341100,1.31676,1.31699,1.31645,1.31681,1201
1782342000,1.31630,1.31679,1.31598,1.31679,77
1782342900,1.31679,1.31727,1.31645,1.31668,277
1782343800,1.31667,1.31721,1.31603,1.31614,2259
1782344700,1.31613,1.31693,1.31613,1.31668,1628
1782345600,1.31658,1.31668,1.31645,1.31651,519
1782346500,1.31651,1.31653,1.31640,1.31653,419
1782347400,1.31653,1.31673,1.31652,1.31671,391
1782348300,1.31671,1.31673,1.31651,1.31657,293
1782349200,1.31657,1.31660,1.31638,1.31640,599
1782350100,1.31641,1.31659,1.31641,1.31643,458
1782351000,1.31643,1.31663,1.31633,1.31653,550
1782351900,1.31653,1.31670,1.31637,1.31644,1242
1782352800,1.31643,1.31660,1.31610,1.31619,3389
1782353700,1.31619,1.31637,1.31606,1.31620,2950
1782354600,1.31621,1.31621,1.31583,1.31607,2057
1782355500,1.31607,1.31655,1.31598,1.31630,2120
1782356400,1.31631,1.31733,1.31624,1.31732,3276
1782357300,1.31732,1.31828,1.31721,1.31767,2956
1782358200,1.31767,1.31799,1.31714,1.31739,2715
1782359100,1.31739,1.31739,1.31697,1.31709,2579
1782360000,1.31709,1.31757,1.31688,1.31742,2918
1782360900,1.31742,1.31798,1.31730,1.31788,2380
1782361800,1.31788,1.31801,1.31762,1.31766,2366
1782362700,1.31766,1.31781,1.31747,1.31780,1714
1782363600,1.31779,1.31818,1.31775,1.31799,2012
1782364500,1.31799,1.31817,1.31775,1.31795,2032
1782365400,1.31795,1.31805,1.31777,1.31796,1599
1782366300,1.31797,1.31836,1.31789,1.31824,1980
1782367200,1.31824,1.31851,1.31799,1.31839,1908
1782368100,1.31839,1.31856,1.31828,1.31844,1783
1782369000,1.31844,1.31850,1.31802,1.31808,1547
1782369900,1.31808,1.31831,1.31800,1.31824,1228
1782370800,1.31823,1.31852,1.31819,1.31821,1537
1782371700,1.31821,1.31821,1.31793,1.31801,1558
1782372600,1.31801,1.31809,1.31774,1.31790,2018
1782373500,1.31790,1.31801,1.31756,1.31761,1527
1782374400,1.31761,1.31792,1.31737,1.31789,2147
1782375300,1.31790,1.31790,1.31742,1.31743,1966
1782376200,1.31743,1.31743,1.31677,1.31707,2142
1782377100,1.31707,1.31753,1.31698,1.31733,2588
1782378000,1.31733,1.31825,1.31727,1.31753,2613
1782378900,1.31752,1.31789,1.31706,1.31760,2604
1782379800,1.31762,1.31820,1.31762,1.31777,1892
1782380700,1.31777,1.31854,1.31765,1.31848,2372
1782381600,1.31847,1.31890,1.31810,1.31847,2746
1782382500,1.31847,1.31946,1.31837,1.31945,2298
1782383400,1.31945,1.31969,1.31936,1.31959,1836
1782384300,1.31959,1.31959,1.31878,1.31907,2206
1782385200,1.31907,1.31921,1.31866,1.31900,1801
1782386100,1.31900,1.31943,1.31888,1.31942,1697
1782387000,1.31941,1.31975,1.31868,1.31872,1974
1782387900,1.31872,1.31892,1.31833,1.31854,1968
1782388800,1.31853,1.31853,1.31735,1.31743,2200
1782389700,1.31743,1.31758,1.31717,1.31751,1422
1782390600,1.31751,1.31755,1.31695,1.31697,1514
1782391500,1.31697,1.31697,1.31644,1.31689,2023
1782392400,1.31689,1.31692,1.31633,1.31657,1605
1782393300,1.31657,1.31666,1.31588,1.31589,1797
1782394200,1.31589,1.31608,1.31552,1.31587,1818
1782395100,1.31586,1.31587,1.31512,1.31553,2142
1782396000,1.31554,1.31610,1.31542,1.31585,2464
1782396900,1.31587,1.31587,1.31541,1.31584,1876
1782397800,1.31584,1.31863,1.31584,1.31838,5858
1782398700,1.31838,1.31868,1.31742,1.31763,4623
1782399600,1.31763,1.31809,1.31737,1.31808,3713
1782400500,1.31808,1.31971,1.31805,1.31964,3455
1782401400,1.31964,1.31990,1.31880,1.31886,4162
1782402300,1.31886,1.31974,1.31848,1.31891,6349
1782403200,1.31894,1.32188,1.31889,1.32040,5976
1782404100,1.32040,1.32071,1.31915,1.31985,4591
1782405000,1.31986,1.32023,1.31958,1.32013,4525
1782405900,1.32013,1.32093,1.31984,1.32015,4227
1782406800,1.32015,1.32174,1.31989,1.32014,4973
1782407700,1.32014,1.32158,1.31979,1.32148,5524
1782408600,1.32149,1.32171,1.32063,1.32066,3880
1782409500,1.32067,1.32160,1.32046,1.32150,3441
1782410400,1.32150,1.32164,1.32107,1.32135,3261
1782411300,1.32135,1.32192,1.32129,1.32171,2666
1782412200,1.32171,1.32172,1.32089,1.32094,3069
1782413100,1.32095,1.32096,1.32036,1.32059,2740
1782414000,1.32058,1.32067,1.32027,1.32036,2236
1782414900,1.32036,1.32047,1.32012,1.32027,2126
1782415800,1.32027,1.32034,1.31985,1.32000,1670
1782416700,1.32000,1.32053,1.31991,1.32022,1648
1782417600,1.32022,1.32039,1.31945,1.32032,2912
1782418500,1.32032,1.32059,1.32022,1.32050,1785
1782419400,1.32050,1.32056,1.31972,1.31979,2503
1782420300,1.31979,1.32032,1.31967,1.31979,2028
1782421200,1.31980,1.32001,1.31970,1.32000,2383
1782422100,1.32000,1.32048,1.31997,1.32048,1914
1782423000,1.32047,1.32054,1.31976,1.31990,2060
1782423900,1.31990,1.32003,1.31940,1.31999,2222
1782424800,1.31999,1.32016,1.31964,1.31970,1874
1782425700,1.31970,1.31980,1.31963,1.31980,645
1782426600,1.31980,1.31981,1.31952,1.31956,826
1782427500,1.31956,1.31960,1.31902,1.31908,864
1782428400,1.31965,1.32021,1.31891,1.31983,2899
1782429300,1.31983,1.32027,1.31939,1.31946,1924
1782430200,1.31944,1.31985,1.31916,1.31985,457
1782431100,1.31965,1.32027,1.31943,1.31959,1750
1782432000,1.31957,1.31958,1.31936,1.31939,826
1782432900,1.31939,1.31942,1.31921,1.31921,562
1782433800,1.31921,1.31932,1.31915,1.31915,555
1782434700,1.31915,1.31934,1.31905,1.31930,830
1782435600,1.31930,1.31939,1.31880,1.31897,1064
1782436500,1.31897,1.31897,1.31874,1.31891,942
1782437400,1.31891,1.31899,1.31860,1.31881,928
1782438300,1.31881,1.31889,1.31848,1.31874,1330
1782439200,1.31874,1.31920,1.31871,1.31919,2841
1782440100,1.31919,1.31935,1.31904,1.31929,2141
1782441000,1.31929,1.31941,1.31890,1.31915,2643
1782441900,1.31916,1.31938,1.31904,1.31931,2516
1782442800,1.31931,1.31980,1.31929,1.31968,3030
1782443700,1.31968,1.31999,1.31957,1.31978,2589
1782444600,1.31978,1.31983,1.31878,1.31898,3732
1782445500,1.31898,1.31909,1.31870,1.31909,2751
1782446400,1.31909,1.31929,1.31884,1.31886,2310
1782447300,1.31885,1.31890,1.31814,1.31827,2541
1782448200,1.31827,1.31870,1.31821,1.31852,2597
1782449100,1.31852,1.31853,1.31803,1.31835,2600
1782450000,1.31835,1.31900,1.31828,1.31886,2348
1782450900,1.31885,1.31900,1.31871,1.31888,2075
1782451800,1.31887,1.31931,1.31859,1.31931,2998
1782452700,1.31931,1.31983,1.31910,1.31980,2629
1782453600,1.31980,1.31998,1.31964,1.31989,1992
1782454500,1.31989,1.32018,1.31984,1.32003,1960
1782455400,1.32003,1.32006,1.31952,1.31986,3404
1782456300,1.31986,1.32019,1.31979,1.32014,1860
1782457200,1.32014,1.32023,1.31989,1.32019,2446
1782458100,1.32020,1.32048,1.31998,1.32040,2211
1782459000,1.32040,1.32074,1.32028,1.32063,2011
1782459900,1.32063,1.32077,1.32040,1.32052,2031
1782460800,1.32053,1.32062,1.31970,1.31997,3027
1782461700,1.31996,1.32044,1.31990,1.32042,2863
1782462600,1.32042,1.32073,1.31965,1.31966,3092
1782463500,1.31968,1.32015,1.31939,1.31969,2540
1782464400,1.31970,1.31990,1.31922,1.31957,2935
1782465300,1.31957,1.31991,1.31911,1.31918,2801
1782466200,1.31918,1.32118,1.31910,1.32072,2407
1782467100,1.32072,1.32073,1.32006,1.32048,2008
1782468000,1.32049,1.32143,1.31989,1.32098,3498
1782468900,1.32098,1.32143,1.32037,1.32142,3036
1782469800,1.32142,1.32163,1.32060,1.32161,2702
1782470700,1.32161,1.32223,1.32137,1.32165,2887
1782471600,1.32164,1.32166,1.32099,1.32108,3496
1782472500,1.32108,1.32190,1.32079,1.32185,3069
1782473400,1.32185,1.32270,1.32151,1.32227,2111
1782474300,1.32227,1.32287,1.32191,1.32192,2498
1782475200,1.32192,1.32221,1.32153,1.32207,2707
1782476100,1.32207,1.32225,1.32157,1.32198,2249
1782477000,1.32198,1.32216,1.32170,1.32179,2519
1782477900,1.32179,1.32236,1.32169,1.32221,2539
1782478800,1.32222,1.32246,1.32182,1.32190,2695
1782479700,1.32191,1.32229,1.32156,1.32204,3237
1782480600,1.32204,1.32226,1.32165,1.32168,2609
1782481500,1.32168,1.32183,1.32106,1.32168,2413
1782482400,1.32168,1.32208,1.32161,1.32186,2493
1782483300,1.32189,1.32217,1.32094,1.32150,3187
1782484200,1.32150,1.32176,1.32034,1.32080,2894
1782485100,1.32080,1.32183,1.31999,1.32106,4371
1782486000,1.32107,1.32219,1.32090,1.32172,4165
1782486900,1.32172,1.32192,1.32017,1.32180,4479
1782487800,1.32176,1.32196,1.32130,1.32174,4449
1782488700,1.32175,1.32257,1.32129,1.32254,4126
1782489600,1.32253,1.32298,1.32222,1.32259,4490
1782490500,1.32260,1.32321,1.32224,1.32233,3247
1782491400,1.32234,1.32256,1.32160,1.32188,2556
1782492300,1.32188,1.32217,1.31973,1.31975,3913
1782493200,1.31974,1.32106,1.31974,1.32089,3146
1782494100,1.32088,1.32169,1.32077,1.32158,2880
1782495000,1.32158,1.32209,1.32126,1.32179,2228
1782495900,1.32179,1.32227,1.32111,1.32211,3128
1782496800,1.32210,1.32214,1.32152,1.32173,2440
1782497700,1.32173,1.32181,1.32109,1.32123,2882
1782498600,1.32123,1.32143,1.32046,1.32058,2318
1782499500,1.32058,1.32073,1.32045,1.32059,1343
1782500400,1.32059,1.32100,1.32047,1.32079,1506
1782501300,1.32079,1.32080,1.32027,1.32030,1615
1782502200,1.32030,1.32048,1.31985,1.32030,1737
1782503100,1.32030,1.32039,1.31990,1.32002,1350
1782504000,1.32004,1.32062,1.32001,1.32048,1842
1782504900,1.32048,1.32050,1.32014,1.32029,1473
1782505800,1.32030,1.32056,1.32020,1.32028,1287
1782506700,1.32027,1.32038,1.31989,1.31997,2312
1782507600,1.31997,1.32013,1.31980,1.32009,1451
1782508500,1.32009,1.32009,1.31957,1.31966,1255
1782509400,1.31966,1.31995,1.31954,1.31965,1312
1782510300,1.31965,1.32029,1.31958,1.31988,1854
1782511200,1.31988,1.32004,1.31977,1.31998,1676
1782512100,1.31999,1.32041,1.31998,1.32024,796
1782513000,1.32023,1.32037,1.31945,1.32011,2447
1782513900,1.32011,1.32020,1.31921,1.31973,1692
1782687600,1.32063,1.32063,1.32047,1.32056,52
1782688500,1.32049,1.32055,1.31957,1.31963,105
1782689400,1.31963,1.32021,1.31955,1.31957,325
1782690300,1.31957,1.32035,1.31934,1.32030,548
1782691200,1.31973,1.31989,1.31926,1.31939,492
1782692100,1.31939,1.31939,1.31909,1.31927,714
1782693000,1.31927,1.31961,1.31927,1.31960,327
1782693900,1.31960,1.31971,1.31931,1.31950,238
1782694800,1.31950,1.31974,1.31948,1.31956,718
1782695700,1.31956,1.31961,1.31946,1.31957,376
1782696600,1.31956,1.31956,1.31923,1.31952,672
1782697500,1.31952,1.31984,1.31948,1.31966,1253
1782698400,1.31966,1.32015,1.31938,1.31972,3562
1782699300,1.31972,1.31991,1.31950,1.31972,2855
1782700200,1.31972,1.31991,1.31961,1.31986,2313
1782701100,1.31985,1.32009,1.31939,1.31991,2593
1782702000,1.31990,1.32015,1.31960,1.31999,2426
1782702900,1.31999,1.32028,1.31979,1.32007,2545
1782703800,1.32006,1.32050,1.31989,1.32030,3289
1782704700,1.32030,1.32032,1.31970,1.31983,2095
1782705600,1.31983,1.32023,1.31979,1.32006,2185
1782706500,1.32007,1.32101,1.32005,1.32093,1907
1782707400,1.32093,1.32094,1.32039,1.32051,1769
1782708300,1.32051,1.32056,1.32024,1.32027,1598
1782709200,1.32028,1.32065,1.32028,1.32048,1724
1782710100,1.32048,1.32052,1.32033,1.32047,1704
1782711000,1.32047,1.32061,1.32020,1.32026,2111
1782711900,1.32025,1.32030,1.31983,1.31984,1653
1782712800,1.31982,1.31999,1.31969,1.31985,1710
1782713700,1.31982,1.31992,1.31963,1.31989,1814
1782714600,1.31990,1.32007,1.31983,1.31992,1523
1782715500,1.31991,1.32004,1.31975,1.31991,1688
1782716400,1.31991,1.32060,1.31988,1.32050,1785
1782717300,1.32050,1.32057,1.32024,1.32049,1310
1782718200,1.32049,1.32110,1.32047,1.32098,1738
1782719100,1.32097,1.32122,1.32092,1.32102,1703
1782720000,1.32102,1.32127,1.32089,1.32124,1666
1782720900,1.32125,1.32162,1.32115,1.32150,1595
1782721800,1.32150,1.32213,1.32136,1.32209,1730
1782722700,1.32209,1.32282,1.32206,1.32256,2458
1782723600,1.32256,1.32258,1.32182,1.32209,2763
1782724500,1.32209,1.32236,1.32176,1.32233,2206
1782725400,1.32232,1.32282,1.32211,1.32229,1993
1782726300,1.32229,1.32248,1.32118,1.32132,2489
1782727200,1.32132,1.32172,1.32100,1.32101,2330
1782728100,1.32101,1.32112,1.32044,1.32089,2241
1782729000,1.32089,1.32131,1.32072,1.32088,1708
1782729900,1.32085,1.32089,1.32032,1.32071,1604
1782730800,1.32071,1.32140,1.32066,1.32132,1612
1782731700,1.32132,1.32155,1.32095,1.32147,2055
1782732600,1.32147,1.32176,1.32091,1.32119,2090
1782733500,1.32119,1.32187,1.32103,1.32181,2295
1782734400,1.32181,1.32187,1.32125,1.32144,2140
1782735300,1.32144,1.32145,1.32114,1.32137,1378
1782736200,1.32136,1.32140,1.32099,1.32122,1431
1782737100,1.32119,1.32267,1.32117,1.32228,2555
1782738000,1.32227,1.32308,1.32227,1.32284,2052
1782738900,1.32284,1.32332,1.32276,1.32324,1966
1782739800,1.32324,1.32344,1.32246,1.32256,2287
1782740700,1.32256,1.32348,1.32247,1.32314,2378
1782741600,1.32313,1.32331,1.32286,1.32318,2108
1782742500,1.32317,1.32356,1.32300,1.32348,2825
1782743400,1.32348,1.32404,1.32284,1.32332,2344
1782744300,1.32332,1.32338,1.32281,1.32336,2646
1782745200,1.32336,1.32387,1.32335,1.32376,2306
1782746100,1.32373,1.32439,1.32340,1.32422,2404
1782747000,1.32421,1.32472,1.32347,1.32380,3504
1782747900,1.32380,1.32451,1.32365,1.32367,3752
1782748800,1.32366,1.32431,1.32341,1.32342,3792
1782749700,1.32341,1.32442,1.32278,1.32423,5021
1782750600,1.32423,1.32457,1.32358,1.32370,3775
1782751500,1.32370,1.32482,1.32329,1.32448,3723
1782752400,1.32448,1.32486,1.32425,1.32446,2947
1782753300,1.32446,1.32486,1.32430,1.32483,2911
1782754200,1.32484,1.32523,1.32451,1.32492,3116
1782755100,1.32492,1.32538,1.32482,1.32534,2510
1782756000,1.32534,1.32577,1.32527,1.32531,2183
1782756900,1.32531,1.32572,1.32523,1.32526,1628
1782757800,1.32526,1.32556,1.32515,1.32548,1459
1782758700,1.32546,1.32589,1.32536,1.32546,1613
1782759600,1.32546,1.32567,1.32536,1.32565,1784
1782760500,1.32564,1.32568,1.32507,1.32525,1936
1782761400,1.32525,1.32550,1.32518,1.32536,1366
1782762300,1.32535,1.32579,1.32517,1.32572,1498
1782763200,1.32572,1.32594,1.32564,1.32593,1414
1782764100,1.32593,1.32600,1.32578,1.32599,1093
1782765000,1.32599,1.32604,1.32587,1.32598,979
1782765900,1.32597,1.32604,1.32558,1.32579,1718
1782766800,1.32578,1.32584,1.32547,1.32557,1760
1782767700,1.32557,1.32600,1.32557,1.32598,1357
1782768600,1.32597,1.32616,1.32591,1.32612,995
1782769500,1.32613,1.32626,1.32594,1.32608,1505
1782770400,1.32609,1.32621,1.32595,1.32608,1057
1782771300,1.32608,1.32624,1.32608,1.32617,383
1782772200,1.32617,1.32619,1.32584,1.32596,677
1782773100,1.32596,1.32601,1.32586,1.32596,490
1782774000,1.32513,1.32567,1.32497,1.32556,377
1782774900,1.32556,1.32571,1.32549,1.32565,185
1782775800,1.32564,1.32596,1.32564,1.32570,623
1782776700,1.32571,1.32587,1.32569,1.32572,480
1782777600,1.32607,1.32607,1.32577,1.32599,540
1782778500,1.32599,1.32608,1.32597,1.32607,269
1782779400,1.32607,1.32608,1.32595,1.32604,309
1782780300,1.32604,1.32618,1.32596,1.32604,250
1782781200,1.32604,1.32612,1.32593,1.32605,329
1782782100,1.32605,1.32609,1.32592,1.32593,309
1782783000,1.32593,1.32598,1.32566,1.32575,411
1782783900,1.32576,1.32577,1.32528,1.32533,784
1782784800,1.32533,1.32545,1.32506,1.32509,3807
1782785700,1.32509,1.32518,1.32464,1.32476,2145
1782786600,1.32476,1.32497,1.32448,1.32454,2445
1782787500,1.32454,1.32469,1.32394,1.32454,3784
1782788400,1.32454,1.32473,1.32349,1.32361,4327
1782789300,1.32361,1.32456,1.32358,1.32452,3328
1782790200,1.32452,1.32480,1.32387,1.32388,3124
1782791100,1.32388,1.32398,1.32338,1.32363,2538
1782792000,1.32364,1.32389,1.32357,1.32369,2351
1782792900,1.32369,1.32384,1.32347,1.32364,1727
1782793800,1.32364,1.32397,1.32354,1.32362,1752
1782794700,1.32362,1.32376,1.32334,1.32368,1917
1782795600,1.32368,1.32390,1.32349,1.32350,1640
1782796500,1.32350,1.32363,1.32318,1.32337,2338
1782797400,1.32337,1.32343,1.32315,1.32322,2412
1782798300,1.32322,1.32342,1.32321,1.32335,1291
1782799200,1.32335,1.32347,1.32325,1.32335,1698
1782800100,1.32335,1.32342,1.32317,1.32331,1545
1782801000,1.32331,1.32363,1.32328,1.32350,1427
1782801900,1.32350,1.32359,1.32286,1.32288,2035
1782802800,1.32287,1.32319,1.32273,1.32314,2337
1782803700,1.32313,1.32326,1.32297,1.32304,1456
1782804600,1.32303,1.32321,1.32292,1.32314,1630
1782805500,1.32314,1.32325,1.32257,1.32266,2088
1782806400,1.32266,1.32317,1.32226,1.32294,2612
1782807300,1.32294,1.32396,1.32288,1.32380,3100
1782808200,1.32377,1.32450,1.32350,1.32418,3575
1782809100,1.32417,1.32439,1.32390,1.32419,2975
1782810000,1.32422,1.32472,1.32385,1.32438,3126
1782810900,1.32438,1.32466,1.32424,1.32438,2135
1782811800,1.32438,1.32451,1.32405,1.32435,2356
1782812700,1.32436,1.32439,1.32335,1.32345,2293
1782813600,1.32345,1.32359,1.32262,1.32282,4203
1782814500,1.32282,1.32316,1.32261,1.32307,2862
1782815400,1.32307,1.32311,1.32221,1.32252,2907
1782816300,1.32251,1.32319,1.32217,1.32304,2735
1782817200,1.32304,1.32382,1.32291,1.32336,2889
1782818100,1.32336,1.32378,1.32323,1.32358,2081
1782819000,1.32358,1.32378,1.32311,1.32362,2112
1782819900,1.32362,1.32378,1.32338,1.32361,1905
1782820800,1.32363,1.32369,1.32315,1.32336,2020
1782821700,1.32336,1.32368,1.32319,1.32351,1785
1782822600,1.32351,1.32399,1.32315,1.32349,2008
1782823500,1.32349,1.32373,1.32323,1.32359,2173
1782824400,1.32359,1.32363,1.32283,1.32296,2503
1782825300,1.32295,1.32300,1.32211,1.32252,2863
1782826200,1.32253,1.32258,1.32150,1.32228,2551
1782827100,1.32228,1.32275,1.32211,1.32268,1945
1782828000,1.32267,1.32272,1.32205,1.32250,2465
1782828900,1.32250,1.32258,1.32125,1.32156,2774
1782829800,1.32156,1.32238,1.32122,1.32228,3402
1782830700,1.32228,1.32232,1.32155,1.32155,2902
1782831600,1.32156,1.32239,1.32135,1.32227,2701
1782832500,1.32227,1.32319,1.32226,1.32289,2760
1782833400,1.32290,1.32310,1.32204,1.32246,2626
1782834300,1.32246,1.32247,1.32195,1.32215,2931
1782835200,1.32217,1.32356,1.32144,1.32356,4150
1782836100,1.32356,1.32459,1.32348,1.32424,3690
1782837000,1.32424,1.32515,1.32384,1.32482,3666
1782837900,1.32483,1.32758,1.32466,1.32727,6094
1782838800,1.32725,1.32768,1.32661,1.32719,4509
1782839700,1.32718,1.32729,1.32676,1.32677,3001
1782840600,1.32677,1.32716,1.32617,1.32617,2621
1782841500,1.32617,1.32647,1.32555,1.32571,2360
1782842400,1.32574,1.32590,1.32522,1.32532,2481
1782843300,1.32532,1.32533,1.32484,1.32527,2292
1782844200,1.32528,1.32549,1.32493,1.32529,1698
1782845100,1.32529,1.32561,1.32494,1.32510,1385
1782846000,1.32510,1.32561,1.32502,1.32502,1867
1782846900,1.32502,1.32546,1.32502,1.32536,1635
1782847800,1.32536,1.32563,1.32531,1.32552,1511
1782848700,1.32552,1.32581,1.32546,1.32558,1358
1782849600,1.32558,1.32635,1.32556,1.32627,1628
1782850500,1.32627,1.32630,1.32590,1.32617,1025
1782851400,1.32617,1.32624,1.32549,1.32552,1342
1782852300,1.32552,1.32615,1.32539,1.32547,1932
1782853200,1.32546,1.32567,1.32535,1.32547,1997
1782854100,1.32546,1.32564,1.32516,1.32530,1496
1782855000,1.32530,1.32578,1.32521,1.32559,1675
1782855900,1.32560,1.32652,1.32535,1.32640,2756
1782856800,1.32640,1.32658,1.32625,1.32649,1400
1782857700,1.32649,1.32661,1.32630,1.32633,541
1782858600,1.32633,1.32633,1.32589,1.32608,785
1782859500,1.32607,1.32618,1.32596,1.32615,1002
1782860400,1.32580,1.32618,1.32570,1.32596,256
1782861300,1.32597,1.32619,1.32552,1.32585,654
1782862200,1.32584,1.32631,1.32551,1.32626,912
1782863100,1.32623,1.32649,1.32567,1.32595,1162
1782864000,1.32589,1.32601,1.32583,1.32587,297
1782864900,1.32588,1.32598,1.32585,1.32596,296
1782865800,1.32596,1.32597,1.32594,1.32596,158
1782866700,1.32596,1.32597,1.32565,1.32575,299
1782867600,1.32575,1.32578,1.32565,1.32566,344
1782868500,1.32566,1.32570,1.32539,1.32541,437
1782869400,1.32541,1.32557,1.32527,1.32528,528
1782870300,1.32528,1.32530,1.32491,1.32499,512
1782871200,1.32499,1.32517,1.32489,1.32506,1107
1782872100,1.32507,1.32519,1.32474,1.32511,2291
1782873000,1.32511,1.32512,1.32463,1.32465,1708
1782873900,1.32464,1.32469,1.32441,1.32456,1841
1782874800,1.32456,1.32459,1.32384,1.32396,2961
1782875700,1.32396,1.32432,1.32387,1.32422,3078
1782876600,1.32423,1.32426,1.32384,1.32399,2212
1782877500,1.32400,1.32411,1.32352,1.32378,2113
1782878400,1.32379,1.32386,1.32341,1.32377,1862
1782879300,1.32377,1.32410,1.32375,1.32380,1774
1782880200,1.32379,1.32400,1.32350,1.32390,1798
1782881100,1.32390,1.32404,1.32360,1.32363,2101
1782882000,1.32363,1.32400,1.32346,1.32381,1331
1782882900,1.32380,1.32386,1.32350,1.32357,1438
1782883800,1.32358,1.32365,1.32320,1.32328,1975
1782884700,1.32328,1.32356,1.32320,1.32354,1227
1782885600,1.32354,1.32357,1.32326,1.32338,1918
1782886500,1.32338,1.32350,1.32327,1.32349,2008
1782887400,1.32348,1.32410,1.32348,1.32397,2129
1782888300,1.32397,1.32440,1.32397,1.32417,1346
1782889200,1.32417,1.32436,1.32405,1.32427,1531
1782890100,1.32427,1.32444,1.32417,1.32437,1487
1782891000,1.32437,1.32454,1.32426,1.32451,2271
1782891900,1.32451,1.32452,1.32394,1.32417,2430
1782892800,1.32418,1.32450,1.32386,1.32400,2687
1782893700,1.32400,1.32430,1.32369,1.32380,2590
1782894600,1.32381,1.32399,1.32353,1.32370,2576
1782895500,1.32370,1.32448,1.32368,1.32431,2441
1782896400,1.32431,1.32454,1.32348,1.32352,2770
1782897300,1.32352,1.32357,1.32288,1.32297,2168
1782898200,1.32298,1.32397,1.32296,1.32387,2852
1782899100,1.32387,1.32460,1.32382,1.32444,2358
1782900000,1.32444,1.32459,1.32394,1.32433,2471
1782900900,1.32433,1.32508,1.32432,1.32508,2751
1782901800,1.32508,1.32529,1.32448,1.32516,2382
1782902700,1.32516,1.32517,1.32442,1.32468,1861
1782903600,1.32468,1.32509,1.32430,1.32484,2743
1782904500,1.32484,1.32568,1.32453,1.32560,1949
1782905400,1.32560,1.32571,1.32506,1.32517,2186
1782906300,1.32516,1.32544,1.32456,1.32467,2458
1782907200,1.32467,1.32484,1.32448,1.32476,2008
1782908100,1.32476,1.32533,1.32474,1.32514,2136
1782909000,1.32513,1.32547,1.32501,1.32530,1637
1782909900,1.32530,1.32567,1.32524,1.32527,1566
1782910800,1.32526,1.32537,1.32415,1.32431,2820
1782911700,1.32431,1.32454,1.32423,1.32449,2104
1782912600,1.32449,1.32485,1.32435,1.32464,2907
1782913500,1.32464,1.32487,1.32414,1.32424,2589
1782914400,1.32424,1.32449,1.32388,1.32408,3313
1782915300,1.32401,1.32486,1.32401,1.32409,3128
1782916200,1.32409,1.32446,1.32344,1.32372,3884
1782917100,1.32373,1.32432,1.32338,1.32370,3134
1782918000,1.32370,1.32434,1.32189,1.32206,4383
1782918900,1.32205,1.32542,1.32205,1.32511,5787
1782919800,1.32511,1.32737,1.32475,1.32726,6735
1782920700,1.32726,1.32807,1.32626,1.32641,5269
1782921600,1.32634,1.32775,1.32628,1.32738,5546
1782922500,1.32738,1.32799,1.32705,1.32718,4774
1782923400,1.32718,1.32923,1.32714,1.32777,4351
1782924300,1.32777,1.32839,1.32696,1.32779,4850
1782925200,1.32779,1.32791,1.32682,1.32720,4718
1782926100,1.32720,1.32792,1.32701,1.32789,3446
1782927000,1.32787,1.32818,1.32665,1.32709,4370
1782927900,1.32709,1.32784,1.32705,1.32777,2991
1782928800,1.32777,1.32909,1.32776,1.32859,3653
1782929700,1.32858,1.32921,1.32803,1.32885,3192
1782930600,1.32885,1.32888,1.32817,1.32829,2836
1782931500,1.32829,1.32871,1.32803,1.32813,2703
1782932400,1.32813,1.32857,1.32791,1.32814,2773
1782933300,1.32814,1.32834,1.32800,1.32815,2390
1782934200,1.32815,1.32833,1.32776,1.32779,1562
1782935100,1.32778,1.32810,1.32774,1.32777,1722
1782936000,1.32778,1.32799,1.32733,1.32755,1525
1782936900,1.32751,1.32751,1.32715,1.32739,1730
1782937800,1.32739,1.32789,1.32732,1.32788,1931
1782938700,1.32788,1.32792,1.32748,1.32782,1795
1782939600,1.32782,1.32803,1.32777,1.32791,2010
1782940500,1.32791,1.32824,1.32784,1.32814,2141
1782941400,1.32814,1.32824,1.32798,1.32813,2119
1782942300,1.32814,1.32814,1.32772,1.32782,1514
1782943200,1.32782,1.32800,1.32774,1.32787,1037
1782944100,1.32787,1.32800,1.32775,1.32793,626
1782945000,1.32793,1.32804,1.32688,1.32704,622
1782945900,1.32705,1.32761,1.32702,1.32757,912
1782946800,1.32750,1.32800,1.32682,1.32799,342
1782947700,1.32800,1.32808,1.32762,1.32797,512
1782948600,1.32796,1.32824,1.32782,1.32818,626
1782949500,1.32818,1.32834,1.32716,1.32727,1379
1782950400,1.32771,1.32781,1.32752,1.32773,319
1782951300,1.32773,1.32797,1.32772,1.32796,244
1782952200,1.32795,1.32797,1.32786,1.32793,204
1782953100,1.32794,1.32802,1.32792,1.32800,238
1782954000,1.32800,1.32800,1.32787,1.32796,295
1782954900,1.32796,1.32804,1.32784,1.32798,411
1782955800,1.32798,1.32801,1.32787,1.32797,285
1782956700,1.32798,1.32799,1.32774,1.32787,623
1782957600,1.32787,1.32836,1.32765,1.32805,3346
1782958500,1.32803,1.32805,1.32747,1.32755,1865
1782959400,1.32754,1.32802,1.32747,1.32777,2053
1782960300,1.32777,1.32800,1.32763,1.32779,2436
1782961200,1.32780,1.32809,1.32771,1.32801,2162
1782962100,1.32800,1.32817,1.32782,1.32804,2005
1782963000,1.32804,1.32846,1.32791,1.32826,1939
1782963900,1.32826,1.32910,1.32821,1.32845,1981
1782964800,1.32845,1.32925,1.32841,1.32924,2180
1782965700,1.32924,1.32951,1.32897,1.32904,1884
1782966600,1.32904,1.32919,1.32883,1.32890,1970
1782967500,1.32890,1.32897,1.32846,1.32856,1613
1782968400,1.32856,1.32872,1.32811,1.32818,1622
1782969300,1.32818,1.32832,1.32800,1.32825,1445
1782970200,1.32826,1.32842,1.32824,1.32834,1573
1782971100,1.32834,1.32869,1.32818,1.32867,1606
1782972000,1.32868,1.32924,1.32865,1.32906,2011
1782972900,1.32906,1.32906,1.32873,1.32876,1662
1782973800,1.32876,1.32877,1.32855,1.32861,1723
1782974700,1.32861,1.32898,1.32853,1.32894,1626
1782975600,1.32894,1.32916,1.32889,1.32892,1504
1782976500,1.32890,1.32914,1.32880,1.32897,1289
1782977400,1.32897,1.32900,1.32865,1.32894,1749
1782978300,1.32895,1.32929,1.32881,1.32914,1720
1782979200,1.32914,1.32998,1.32913,1.32955,3069
1782980100,1.32955,1.32967,1.32922,1.32949,2654
1782981000,1.32950,1.32985,1.32946,1.32982,2016
1782981900,1.32981,1.33261,1.32974,1.33054,5325
1782982800,1.33054,1.33075,1.32980,1.33058,4842
1782983700,1.33058,1.33230,1.33044,1.33218,3445
1782984600,1.33219,1.33384,1.33183,1.33334,4564
1782985500,1.33334,1.33385,1.33295,1.33366,3206
1782986400,1.33366,1.33545,1.33355,1.33528,5419
1782987300,1.33528,1.33534,1.33429,1.33491,4478
1782988200,1.33490,1.33601,1.33466,1.33565,4506
1782989100,1.33565,1.33632,1.33531,1.33573,3823
1782990000,1.33568,1.33588,1.33383,1.33456,3519
1782990900,1.33457,1.33490,1.33405,1.33413,2489
1782991800,1.33413,1.33477,1.33392,1.33454,2783
1782992700,1.33454,1.33457,1.33390,1.33406,3296
1782993600,1.33406,1.33448,1.33385,1.33390,2777
1782994500,1.33390,1.33409,1.33299,1.33304,2227
1782995400,1.33304,1.33312,1.33260,1.33288,1686
1782996300,1.33288,1.33338,1.33264,1.33329,2114
1782997200,1.33327,1.33332,1.33253,1.33293,2405
1782998100,1.33295,1.33333,1.33281,1.33300,2509
1782999000,1.33300,1.33317,1.33213,1.33215,2823
1782999900,1.33216,1.33226,1.33083,1.33105,2874
1783000800,1.33105,1.33133,1.33011,1.33032,3637
1783001700,1.33032,1.33086,1.32972,1.33063,3696
1783002600,1.33056,1.33831,1.33054,1.33795,10571
1783003500,1.33795,1.33807,1.33610,1.33648,8377
1783004400,1.33649,1.33710,1.33560,1.33615,7398
1783005300,1.33615,1.33688,1.33527,1.33620,5597
1783006200,1.33618,1.33777,1.33589,1.33753,6820
1783007100,1.33756,1.33808,1.33726,1.33759,5485
1783008000,1.33761,1.33835,1.33663,1.33807,4909
1783008900,1.33807,1.33849,1.33699,1.33703,5394
1783009800,1.33703,1.33732,1.33568,1.33610,5700
1783010700,1.33613,1.33758,1.33587,1.33756,4983
1783011600,1.33757,1.33787,1.33658,1.33712,5109
1783012500,1.33711,1.33714,1.33638,1.33640,5017
1783013400,1.33640,1.33750,1.33639,1.33645,5044
1783014300,1.33645,1.33671,1.33604,1.33620,3969
1783015200,1.33623,1.33624,1.33559,1.33596,5283
1783016100,1.33596,1.33602,1.33520,1.33521,3420
1783017000,1.33521,1.33555,1.33492,1.33543,3489
1783017900,1.33542,1.33565,1.33525,1.33531,3228
1783018800,1.33530,1.33540,1.33485,1.33488,3816
1783019700,1.33488,1.33491,1.33425,1.33441,3248
1783020600,1.33441,1.33463,1.33414,1.33421,3584
1783021500,1.33420,1.33443,1.33381,1.33407,3129
1783022400,1.33407,1.33502,1.33401,1.33460,3081
1783023300,1.33459,1.33483,1.33421,1.33461,2441
1783024200,1.33461,1.33515,1.33460,1.33488,3086
1783025100,1.33489,1.33498,1.33465,1.33480,2158
1783026000,1.33480,1.33498,1.33438,1.33478,3303
1783026900,1.33479,1.33481,1.33436,1.33440,2348
1783027800,1.33441,1.33463,1.33428,1.33450,1717
1783028700,1.33450,1.33478,1.33421,1.33455,1810
1783029600,1.33455,1.33478,1.33437,1.33472,1197
1783030500,1.33472,1.33510,1.33470,1.33504,637
1783031400,1.33504,1.33504,1.33466,1.33468,591
1783032300,1.33468,1.33500,1.33460,1.33472,857
1783033200,1.33503,1.33520,1.33428,1.33460,559
1783034100,1.33471,1.33505,1.33406,1.33435,927
1783035000,1.33436,1.33454,1.33422,1.33452,546
1783035900,1.33452,1.33499,1.33451,1.33487,566
1783036800,1.33469,1.33495,1.33468,1.33488,479
1783037700,1.33488,1.33492,1.33479,1.33488,227
1783038600,1.33488,1.33489,1.33439,1.33443,279
1783039500,1.33444,1.33450,1.33428,1.33448,337
1783040400,1.33448,1.33457,1.33436,1.33444,481
1783041300,1.33444,1.33474,1.33443,1.33470,404
1783042200,1.33470,1.33470,1.33405,1.33452,757
1783043100,1.33452,1.33454,1.33377,1.33384,916
1783044000,1.33381,1.33407,1.33356,1.33368,3603
1783044900,1.33368,1.33397,1.33345,1.33373,2669
1783045800,1.33373,1.33379,1.33356,1.33367,2916
1783046700,1.33367,1.33480,1.33365,1.33478,2829
1783047600,1.33480,1.33536,1.33464,1.33531,3506
1783048500,1.33532,1.33638,1.33530,1.33575,3101
1783049400,1.33574,1.33618,1.33555,1.33598,3179
1783050300,1.33598,1.33598,1.33544,1.33559,2660
1783051200,1.33559,1.33627,1.33545,1.33616,2179
1783052100,1.33616,1.33666,1.33612,1.33654,1558
1783053000,1.33654,1.33659,1.33621,1.33640,3038
1783053900,1.33640,1.33652,1.33604,1.33614,1888
1783054800,1.33614,1.33616,1.33576,1.33598,2124
1783055700,1.33598,1.33601,1.33570,1.33592,1411
1783056600,1.33592,1.33602,1.33576,1.33587,1916
1783057500,1.33587,1.33622,1.33581,1.33614,1645
1783058400,1.33614,1.33623,1.33585,1.33620,1473
1783059300,1.33619,1.33638,1.33615,1.33629,1518
1783060200,1.33629,1.33651,1.33621,1.33641,1379
1783061100,1.33641,1.33659,1.33634,1.33652,1327
1783062000,1.33652,1.33760,1.33647,1.33745,2635
1783062900,1.33746,1.33776,1.33710,1.33726,1880
1783063800,1.33726,1.33742,1.33688,1.33699,2084
1783064700,1.33702,1.33704,1.33640,1.33654,1450
1783065600,1.33654,1.33716,1.33646,1.33686,2271
1783066500,1.33686,1.33755,1.33659,1.33701,2186
1783067400,1.33701,1.33813,1.33685,1.33771,3711
1783068300,1.33772,1.33780,1.33671,1.33679,2177
1783069200,1.33679,1.33684,1.33627,1.33665,2650
1783070100,1.33665,1.33736,1.33636,1.33710,2021
1783071000,1.33710,1.33721,1.33624,1.33673,2262
1783071900,1.33674,1.33766,1.33654,1.33722,2555
1783072800,1.33722,1.33739,1.33673,1.33687,2201
1783073700,1.33687,1.33694,1.33624,1.33666,1514
1783074600,1.33666,1.33667,1.33588,1.33628,1791
1783075500,1.33627,1.33632,1.33572,1.33604,1426
1783076400,1.33603,1.33612,1.33557,1.33583,1611
1783077300,1.33582,1.33620,1.33572,1.33576,1430
1783078200,1.33576,1.33618,1.33574,1.33597,1256
1783079100,1.33597,1.33597,1.33499,1.33510,1651
1783080000,1.33510,1.33569,1.33491,1.33552,1487
1783080900,1.33553,1.33565,1.33518,1.33540,1168
1783081800,1.33539,1.33571,1.33534,1.33553,1045
1783082700,1.33555,1.33609,1.33550,1.33557,1136
1783083600,1.33557,1.33639,1.33542,1.33634,1662
1783084500,1.33634,1.33641,1.33584,1.33600,1703
1783085400,1.33600,1.33610,1.33554,1.33558,1487
1783086300,1.33557,1.33584,1.33536,1.33582,1521
1783087200,1.33583,1.33598,1.33543,1.33597,1660
1783088100,1.33597,1.33598,1.33555,1.33580,1379
1783089000,1.33580,1.33618,1.33565,1.33578,1508
1783089900,1.33576,1.33589,1.33551,1.33559,1448
1783090800,1.33559,1.33561,1.33477,1.33512,1990
1783091700,1.33512,1.33547,1.33488,1.33536,1534
1783092600,1.33536,1.33538,1.33495,1.33527,1977
1783093500,1.33527,1.33530,1.33459,1.33496,1854
1783094400,1.33496,1.33524,1.33469,1.33498,1517
1783095300,1.33498,1.33555,1.33489,1.33547,1584
1783096200,1.33547,1.33562,1.33514,1.33514,1625
1783097100,1.33514,1.33587,1.33513,1.33565,1751
1783098000,1.33565,1.33572,1.33524,1.33537,1573
1783098900,1.33537,1.33568,1.33506,1.33538,1081
1783099800,1.33538,1.33559,1.33523,1.33524,928
1783100700,1.33524,1.33562,1.33505,1.33554,844
1783101600,1.33554,1.33564,1.33525,1.33555,1024
1783102500,1.33555,1.33562,1.33534,1.33536,880
1783103400,1.33535,1.33539,1.33511,1.33523,645
1783104300,1.33523,1.33553,1.33522,1.33548,398
1783105200,1.33548,1.33583,1.33547,1.33565,1386
1783106100,1.33564,1.33573,1.33564,1.33565,2284
1783107000,1.33565,1.33566,1.33545,1.33550,775
1783107900,1.33550,1.33567,1.33550,1.33567,769
1783108800,1.33567,1.33578,1.33563,1.33567,1467
1783109700,1.33567,1.33573,1.33560,1.33565,777
1783110600,1.33565,1.33567,1.33556,1.33566,956
1783111500,1.33565,1.33574,1.33557,1.33562,1398
1783112400,1.33560,1.33574,1.33553,1.33555,1504
1783113300,1.33555,1.33555,1.33538,1.33554,1248
1783114200,1.33553,1.33556,1.33543,1.33548,533
1783115100,1.33548,1.33554,1.33522,1.33530,2126
1783116000,1.33530,1.33542,1.33464,1.33472,4315
1783116900,1.33474,1.33529,1.33471,1.33498,2615
1783117800,1.33498,1.33521,1.33483,1.33493,2202
1783118700,1.33494,1.33530,1.33480,1.33525,1712
1783292400,1.33499,1.33525,1.33471,1.33518,41
1783293300,1.33519,1.33540,1.33508,1.33528,235
1783294200,1.33539,1.33554,1.33513,1.33536,1258
1783295100,1.33536,1.33565,1.33505,1.33511,931
1783296000,1.33512,1.33548,1.33511,1.33534,355
1783296900,1.33534,1.33535,1.33519,1.33520,436
1783297800,1.33520,1.33522,1.33501,1.33502,994
1783298700,1.33502,1.33505,1.33479,1.33486,302
1783299600,1.33485,1.33502,1.33466,1.33475,578
1783300500,1.33475,1.33505,1.33462,1.33500,505
1783301400,1.33500,1.33533,1.33495,1.33526,650
1783302300,1.33526,1.33539,1.33505,1.33526,1387
1783303200,1.33525,1.33530,1.33464,1.33506,2708
1783304100,1.33507,1.33567,1.33489,1.33532,2818
1783305000,1.33533,1.33561,1.33515,1.33540,2871
1783305900,1.33541,1.33548,1.33507,1.33532,2296
1783306800,1.33532,1.33544,1.33495,1.33525,2145
1783307700,1.33524,1.33524,1.33419,1.33444,2277
1783308600,1.33444,1.33477,1.33415,1.33469,2132
1783309500,1.33469,1.33470,1.33393,1.33398,2699
1783310400,1.33397,1.33434,1.33393,1.33414,2590
1783311300,1.33414,1.33420,1.33399,1.33407,1609
1783312200,1.33411,1.33419,1.33400,1.33408,1954
1783313100,1.33409,1.33473,1.33409,1.33461,2165
1783314000,1.33462,1.33483,1.33449,1.33449,1672
1783314900,1.33448,1.33455,1.33404,1.33408,1687
1783315800,1.33407,1.33426,1.33397,1.33425,1579
1783316700,1.33425,1.33433,1.33396,1.33423,1138
1783317600,1.33421,1.33451,1.33412,1.33445,1432
1783318500,1.33445,1.33453,1.33427,1.33433,1124
1783319400,1.33433,1.33447,1.33427,1.33438,1168
1783320300,1.33438,1.33438,1.33414,1.33431,1137
1783321200,1.33430,1.33435,1.33378,1.33392,1724
1783322100,1.33393,1.33398,1.33374,1.33393,2023
1783323000,1.33392,1.33445,1.33384,1.33412,1743
1783323900,1.33412,1.33429,1.33346,1.33364,2408
1783324800,1.33362,1.33408,1.33360,1.33373,2440
1783325700,1.33373,1.33374,1.33302,1.33347,2511
1783326600,1.33347,1.33387,1.33332,1.33358,2594
1783327500,1.33358,1.33378,1.33317,1.33343,2145
1783328400,1.33342,1.33407,1.33287,1.33407,2717
1783329300,1.33406,1.33431,1.33370,1.33374,2854
1783330200,1.33374,1.33468,1.33374,1.33454,2459
1783331100,1.33454,1.33498,1.33430,1.33488,2081
1783332000,1.33488,1.33503,1.33369,1.33396,2490
1783332900,1.33396,1.33435,1.33365,1.33396,1963
1783333800,1.33397,1.33403,1.33324,1.33343,1855
1783334700,1.33342,1.33384,1.33306,1.33376,2068
1783335600,1.33376,1.33385,1.33314,1.33336,2632
1783336500,1.33336,1.33393,1.33323,1.33385,1971
1783337400,1.33385,1.33415,1.33379,1.33386,2176
1783338300,1.33385,1.33386,1.33315,1.33352,2274
1783339200,1.33352,1.33420,1.33323,1.33415,2711
1783340100,1.33415,1.33473,1.33397,1.33402,2111
1783341000,1.33401,1.33452,1.33391,1.33420,2050
1783341900,1.33420,1.33420,1.33383,1.33409,1992
1783342800,1.33409,1.33411,1.33362,1.33401,1908
1783343700,1.33402,1.33439,1.33372,1.33436,1619
1783344600,1.33436,1.33457,1.33413,1.33425,2090
1783345500,1.33425,1.33457,1.33402,1.33444,2464
1783346400,1.33444,1.33519,1.33444,1.33483,2242
1783347300,1.33483,1.33514,1.33453,1.33490,2304
1783348200,1.33490,1.33498,1.33401,1.33407,1831
1783349100,1.33407,1.33457,1.33375,1.33423,2494
1783350000,1.33424,1.33534,1.33411,1.33496,2495
1783350900,1.33496,1.33554,1.33494,1.33542,2091
1783351800,1.33541,1.33566,1.33476,1.33495,3305
1783352700,1.33495,1.33510,1.33424,1.33461,3162
1783353600,1.33459,1.33595,1.33433,1.33585,3068
1783354500,1.33585,1.33591,1.33542,1.33553,2774
1783355400,1.33553,1.33567,1.33472,1.33476,2711
1783356300,1.33474,1.33576,1.33472,1.33562,2559
1783357200,1.33562,1.33610,1.33543,1.33566,2953
1783358100,1.33567,1.33573,1.33518,1.33554,2294
1783359000,1.33555,1.33640,1.33553,1.33629,2105
1783359900,1.33629,1.33683,1.33625,1.33679,2302
1783360800,1.33679,1.33699,1.33658,1.33663,1973
1783361700,1.33663,1.33744,1.33653,1.33742,2029
1783362600,1.33742,1.33742,1.33707,1.33721,1848
1783363500,1.33721,1.33767,1.33712,1.33757,1858
1783364400,1.33757,1.33781,1.33750,1.33779,1717
1783365300,1.33779,1.33809,1.33767,1.33791,1342
1783366200,1.33791,1.33839,1.33782,1.33831,1173
1783367100,1.33831,1.33842,1.33815,1.33819,1596
1783368000,1.33819,1.33829,1.33810,1.33821,1130
1783368900,1.33821,1.33869,1.33821,1.33868,834
1783369800,1.33868,1.33923,1.33851,1.33914,1522
1783370700,1.33915,1.33971,1.33913,1.33944,1305
1783371600,1.33944,1.33973,1.33922,1.33933,1298
1783372500,1.33933,1.33935,1.33894,1.33902,1254
1783373400,1.33902,1.33924,1.33902,1.33912,994
1783374300,1.33912,1.33935,1.33898,1.33922,1487
1783375200,1.33922,1.33930,1.33900,1.33901,992
1783376100,1.33901,1.33917,1.33884,1.33912,527
1783377000,1.33912,1.33914,1.33885,1.33893,452
1783377900,1.33893,1.33900,1.33885,1.33895,384
1783378800,1.33882,1.33914,1.33873,1.33899,354
1783379700,1.33899,1.33946,1.33868,1.33902,695
1783380600,1.33901,1.33917,1.33861,1.33917,1513
1783381500,1.33918,1.33920,1.33854,1.33900,1567
1783382400,1.33923,1.33936,1.33904,1.33926,289
1783383300,1.33927,1.33928,1.33923,1.33924,120
1783384200,1.33924,1.33963,1.33923,1.33949,248
1783385100,1.33950,1.33965,1.33950,1.33965,186
1783386000,1.33964,1.34015,1.33964,1.33986,482
1783386900,1.33986,1.34007,1.33984,1.33986,446
1783387800,1.33985,1.33994,1.33970,1.33982,347
1783388700,1.33982,1.33985,1.33937,1.33942,874
1783389600,1.33940,1.33958,1.33930,1.33944,2826
1783390500,1.33944,1.33945,1.33910,1.33915,2054
1783391400,1.33915,1.33932,1.33885,1.33903,1715
1783392300,1.33903,1.33923,1.33879,1.33882,2086
1783393200,1.33883,1.33916,1.33880,1.33900,2419
1783394100,1.33900,1.33927,1.33883,1.33927,2246
1783395000,1.33927,1.33998,1.33911,1.33915,3120
1783395900,1.33915,1.34018,1.33915,1.33968,1947
1783396800,1.33968,1.33995,1.33962,1.33972,1907
1783397700,1.33973,1.33975,1.33935,1.33935,1464
1783398600,1.33934,1.33957,1.33920,1.33925,1218
1783399500,1.33925,1.33929,1.33911,1.33912,923
1783400400,1.33912,1.33947,1.33912,1.33934,1505
1783401300,1.33934,1.33970,1.33930,1.33934,1433
1783402200,1.33933,1.33945,1.33907,1.33918,1079
1783403100,1.33918,1.33925,1.33894,1.33901,1331
1783404000,1.33901,1.33924,1.33893,1.33913,1381
1783404900,1.33914,1.33934,1.33896,1.33903,1117
1783405800,1.33904,1.33933,1.33900,1.33915,1311
1783406700,1.33915,1.33932,1.33888,1.33890,1227
1783407600,1.33891,1.33901,1.33842,1.33850,1925
1783408500,1.33850,1.33855,1.33796,1.33815,2519
1783409400,1.33815,1.33854,1.33803,1.33806,2391
1783410300,1.33806,1.33851,1.33796,1.33846,1997
1783411200,1.33849,1.33868,1.33753,1.33774,2499
1783412100,1.33774,1.33814,1.33771,1.33784,2342
1783413000,1.33785,1.33836,1.33783,1.33817,1602
1783413900,1.33817,1.33835,1.33781,1.33805,1723
1783414800,1.33805,1.33809,1.33751,1.33788,2185
1783415700,1.33788,1.33859,1.33781,1.33795,2055
1783416600,1.33795,1.33850,1.33789,1.33814,1884
1783417500,1.33814,1.33837,1.33772,1.33775,2154
1783418400,1.33775,1.33869,1.33773,1.33852,2283
1783419300,1.33852,1.33910,1.33824,1.33895,2163
1783420200,1.33896,1.33931,1.33871,1.33875,2101
1783421100,1.33875,1.33939,1.33865,1.33917,2303
1783422000,1.33916,1.33926,1.33887,1.33893,2371
1783422900,1.33894,1.33913,1.33861,1.33881,1688
1783423800,1.33882,1.33894,1.33861,1.33872,1532
1783424700,1.33872,1.33877,1.33801,1.33802,1651
1783425600,1.33801,1.33803,1.33694,1.33794,1894
1783426500,1.33794,1.33835,1.33785,1.33825,1356
1783427400,1.33825,1.33848,1.33810,1.33830,1462
1783428300,1.33830,1.33865,1.33824,1.33849,1573
1783429200,1.33852,1.33890,1.33825,1.33864,1730
1783430100,1.33864,1.33943,1.33858,1.33888,1922
1783431000,1.33888,1.33898,1.33863,1.33866,1925
1783431900,1.33866,1.33904,1.33827,1.33882,2597
1783432800,1.33882,1.33909,1.33827,1.33879,2965
1783433700,1.33878,1.33905,1.33820,1.33888,2689
1783434600,1.33888,1.33926,1.33812,1.33818,2318
1783435500,1.33817,1.33855,1.33811,1.33855,2001
1783436400,1.33855,1.33864,1.33770,1.33807,2433
1783437300,1.33807,1.33864,1.33753,1.33782,2651
1783438200,1.33782,1.33868,1.33777,1.33828,3869
1783439100,1.33828,1.33837,1.33695,1.33706,3402
1783440000,1.33708,1.33746,1.33608,1.33656,4020
1783440900,1.33656,1.33718,1.33643,1.33716,2801
1783441800,1.33717,1.33780,1.33704,1.33778,2747
1783442700,1.33778,1.33858,1.33726,1.33792,3238
1783443600,1.33793,1.33808,1.33735,1.33748,3207
1783444500,1.33748,1.33777,1.33704,1.33776,2474
1783445400,1.33776,1.33784,1.33734,1.33734,2262
1783446300,1.33734,1.33759,1.33697,1.33706,2423
1783447200,1.33707,1.33752,1.33705,1.33711,2446
1783448100,1.33711,1.33718,1.33666,1.33670,2184
1783449000,1.33670,1.33686,1.33651,1.33679,1760
1783449900,1.33678,1.33717,1.33676,1.33712,1524
1783450800,1.33712,1.33737,1.33693,1.33702,1852
1783451700,1.33702,1.33725,1.33682,1.33713,1502
1783452600,1.33714,1.33735,1.33712,1.33733,1160
1783453500,1.33734,1.33759,1.33714,1.33742,1438
1783454400,1.33742,1.33749,1.33713,1.33731,1491
1783455300,1.33731,1.33762,1.33717,1.33735,1497
1783456200,1.33734,1.33746,1.33708,1.33728,1777
1783457100,1.33728,1.33735,1.33602,1.33634,3466
1783458000,1.33634,1.33646,1.33524,1.33525,2679
1783458900,1.33525,1.33569,1.33488,1.33555,3131
1783459800,1.33555,1.33615,1.33555,1.33595,2419
1783460700,1.33594,1.33629,1.33588,1.33614,2128
1783461600,1.33613,1.33626,1.33592,1.33595,1013
1783462500,1.33595,1.33601,1.33566,1.33593,710
1783463400,1.33593,1.33593,1.33556,1.33572,625
1783464300,1.33572,1.33595,1.33561,1.33590,683
1783465200,1.33534,1.33582,1.33531,1.33548,736
1783466100,1.33553,1.33580,1.33525,1.33577,1317
1783467000,1.33577,1.33597,1.33548,1.33594,743
1783467900,1.33595,1.33595,1.33500,1.33544,1350
1783468800,1.33537,1.33554,1.33503,1.33516,337
1783469700,1.33515,1.33526,1.33507,1.33508,332
1783470600,1.33507,1.33512,1.33492,1.33504,191
1783471500,1.33506,1.33529,1.33504,1.33528,478
1783472400,1.33528,1.33548,1.33506,1.33507,696
1783473300,1.33506,1.33537,1.33505,1.33527,413
1783474200,1.33526,1.33537,1.33515,1.33517,500
1783475100,1.33517,1.33518,1.33453,1.33466,1198
1783476000,1.33467,1.33498,1.33431,1.33487,3333
1783476900,1.33487,1.33504,1.33452,1.33485,3209
1783477800,1.33485,1.33539,1.33483,1.33525,2714
1783478700,1.33525,1.33553,1.33516,1.33526,2823
1783479600,1.33526,1.33548,1.33503,1.33534,3343
1783480500,1.33534,1.33541,1.33492,1.33495,3402
1783481400,1.33495,1.33497,1.33423,1.33439,3374
1783482300,1.33439,1.33513,1.33439,1.33494,2750
1783483200,1.33494,1.33525,1.33479,1.33501,3002
1783484100,1.33501,1.33552,1.33497,1.33537,3042
1783485000,1.33536,1.33550,1.33514,1.33535,2845
1783485900,1.33536,1.33545,1.33523,1.33529,1872
1783486800,1.33530,1.33587,1.33530,1.33583,2992
1783487700,1.33582,1.33593,1.33565,1.33571,2217
1783488600,1.33571,1.33575,1.33547,1.33566,2272
1783489500,1.33566,1.33566,1.33541,1.33549,1745
1783490400,1.33547,1.33550,1.33511,1.33524,1500
1783491300,1.33524,1.33536,1.33508,1.33522,2185
1783492200,1.33522,1.33548,1.33520,1.33533,2081
1783493100,1.33533,1.33546,1.33524,1.33535,1819
1783494000,1.33535,1.33586,1.33529,1.33534,2543
1783494900,1.33534,1.33562,1.33517,1.33527,2231
1783495800,1.33527,1.33588,1.33526,1.33577,2186
1783496700,1.33577,1.33589,1.33537,1.33566,2080
1783497600,1.33566,1.33619,1.33552,1.33573,2828
1783498500,1.33573,1.33660,1.33573,1.33640,3160
1783499400,1.33640,1.33661,1.33618,1.33634,3346
1783500300,1.33634,1.33655,1.33586,1.33653,2738
1783501200,1.33655,1.33659,1.33553,1.33591,3112
1783502100,1.33591,1.33682,1.33569,1.33664,2802
1783503000,1.33665,1.33700,1.33646,1.33674,2537
1783503900,1.33674,1.33701,1.33649,1.33652,2354
1783504800,1.33652,1.33704,1.33633,1.33657,2545
1783505700,1.33657,1.33688,1.33401,1.33507,6204
1783506600,1.33507,1.33530,1.33389,1.33456,4382
1783507500,1.33456,1.33520,1.33375,1.33397,4895
1783508400,1.33398,1.33446,1.33223,1.33227,5049
1783509300,1.33227,1.33384,1.33222,1.33354,4639
1783510200,1.33354,1.33457,1.33332,1.33448,4090
1783511100,1.33448,1.33488,1.33410,1.33419,3940
1783512000,1.33420,1.33467,1.33415,1.33435,2893
1783512900,1.33434,1.33515,1.33406,1.33496,3242
1783513800,1.33496,1.33570,1.33482,1.33560,2740
1783514700,1.33559,1.33569,1.33456,1.33458,2238
1783515600,1.33458,1.33471,1.33403,1.33409,2916
1783516500,1.33409,1.33437,1.33374,1.33397,2107
1783517400,1.33397,1.33479,1.33297,1.33427,4094
1783518300,1.33426,1.33442,1.33341,1.33358,4503
1783519200,1.33358,1.33495,1.33348,1.33475,4293
1783520100,1.33475,1.33534,1.33473,1.33528,3352
1783521000,1.33528,1.33546,1.33473,1.33529,2849
1783521900,1.33529,1.33567,1.33401,1.33411,3920
1783522800,1.33411,1.33520,1.33403,1.33490,3858
1783523700,1.33489,1.33639,1.33433,1.33608,3941
1783524600,1.33609,1.33769,1.33609,1.33728,5261
1783525500,1.33727,1.33779,1.33654,1.33710,4848
1783526400,1.33710,1.33756,1.33672,1.33678,4561
1783527300,1.33678,1.33755,1.33666,1.33695,4161
1783528200,1.33694,1.33726,1.33639,1.33688,4023
1783529100,1.33687,1.33729,1.33661,1.33722,3421
1783530000,1.33722,1.33757,1.33612,1.33616,3656
1783530900,1.33616,1.33659,1.33568,1.33638,4140
1783531800,1.33639,1.33650,1.33574,1.33607,3850
1783532700,1.33607,1.33643,1.33584,1.33605,3360
1783533600,1.33605,1.33665,1.33601,1.33648,3211
1783534500,1.33648,1.33737,1.33633,1.33721,3116
1783535400,1.33720,1.33849,1.33708,1.33843,4461
1783536300,1.33842,1.33860,1.33807,1.33849,2689
1783537200,1.33849,1.34043,1.33848,1.34003,3292
1783538100,1.34004,1.34105,1.33996,1.34060,3301
1783539000,1.34060,1.34068,1.34004,1.34006,3194
1783539900,1.34007,1.34021,1.33953,1.33954,2527
1783540800,1.33956,1.34055,1.33926,1.34049,3425
1783541700,1.34049,1.34059,1.34007,1.34030,2217
1783542600,1.34030,1.34051,1.33997,1.34050,2566
1783543500,1.34049,1.34061,1.33990,1.33997,2072
1783544400,1.33997,1.34059,1.33997,1.34042,1819
1783545300,1.34042,1.34061,1.34026,1.34053,1744
1783546200,1.34052,1.34073,1.34033,1.34037,2191
1783547100,1.34036,1.34038,1.33973,1.34023,2975
1783548000,1.34023,1.34041,1.33983,1.33984,1875
1783548900,1.33984,1.33987,1.33927,1.33928,1197
1783549800,1.33928,1.33928,1.33854,1.33878,1263
1783550700,1.33878,1.33902,1.33863,1.33888,749
1783551600,1.33957,1.33957,1.33884,1.33925,210
1783552500,1.33921,1.33979,1.33859,1.33936,482
1783553400,1.33936,1.33937,1.33858,1.33909,1438
1783554300,1.33912,1.33956,1.33897,1.33919,1484
1783555200,1.33894,1.33915,1.33882,1.33909,370
1783556100,1.33909,1.33912,1.33897,1.33898,209
1783557000,1.33897,1.33914,1.33897,1.33908,358
1783557900,1.33908,1.33916,1.33903,1.33916,265
1783558800,1.33916,1.33922,1.33902,1.33908,423
1783559700,1.33907,1.33909,1.33895,1.33909,553
1783560600,1.33908,1.33937,1.33905,1.33925,463
1783561500,1.33925,1.33946,1.33920,1.33938,804
1783562400,1.33937,1.34030,1.33937,1.34024,2452
1783563300,1.34024,1.34031,1.33994,1.34013,1831
1783564200,1.34013,1.34042,1.33978,1.33980,2061
1783565100,1.33979,1.33986,1.33947,1.33977,2220
1783566000,1.33977,1.33993,1.33915,1.33917,2536
1783566900,1.33917,1.33948,1.33887,1.33894,2094
1783567800,1.33893,1.33947,1.33866,1.33929,2351
1783568700,1.33929,1.33974,1.33914,1.33967,1851
1783569600,1.33967,1.34001,1.33961,1.33989,2129
1783570500,1.33988,1.34005,1.33982,1.33993,1664
1783571400,1.33993,1.33999,1.33941,1.33955,2112
1783572300,1.33955,1.33977,1.33940,1.33942,1618
1783573200,1.33942,1.33958,1.33938,1.33947,2129
1783574100,1.33946,1.33957,1.33904,1.33953,1511
1783575000,1.33954,1.34009,1.33953,1.33985,1994
1783575900,1.33985,1.33993,1.33955,1.33960,1584
1783576800,1.33960,1.33979,1.33946,1.33970,1614
1783577700,1.33970,1.33971,1.33939,1.33964,959
1783578600,1.33964,1.33985,1.33963,1.33973,1088
1783579500,1.33972,1.33998,1.33970,1.33990,849
1783580400,1.33990,1.34078,1.33987,1.34059,1963
1783581300,1.34058,1.34064,1.34017,1.34059,2104
1783582200,1.34059,1.34074,1.34019,1.34038,1974
1783583100,1.34037,1.34069,1.34037,1.34045,1944
1783584000,1.34045,1.34111,1.34045,1.34089,2354
1783584900,1.34088,1.34287,1.34082,1.34252,3299
1783585800,1.34251,1.34309,1.34214,1.34266,3153
1783586700,1.34266,1.34269,1.34206,1.34254,2086
1783587600,1.34254,1.34259,1.34166,1.34219,2924
1783588500,1.34219,1.34274,1.34204,1.34250,2003
1783589400,1.34251,1.34256,1.34185,1.34197,1947
1783590300,1.34197,1.34199,1.34115,1.34151,1914
1783591200,1.34151,1.34218,1.34126,1.34187,2403
1783592100,1.34187,1.34206,1.34145,1.34185,2348
1783593000,1.34185,1.34209,1.34155,1.34171,2181
1783593900,1.34171,1.34177,1.34105,1.34126,2613
1783594800,1.34125,1.34159,1.34085,1.34115,2075
1783595700,1.34115,1.34158,1.34104,1.34150,1421
1783596600,1.34150,1.34157,1.34068,1.34102,2038
1783597500,1.34102,1.34154,1.34087,1.34127,2064
1783598400,1.34126,1.34130,1.34061,1.34077,1652
1783599300,1.34077,1.34087,1.34036,1.34039,1601
1783600200,1.34039,1.34078,1.34020,1.34020,1353
1783601100,1.34020,1.34061,1.33936,1.33958,2524
1783602000,1.33958,1.33960,1.33898,1.33928,2475
1783602900,1.33927,1.33954,1.33855,1.33859,1342
1783603800,1.33858,1.33925,1.33845,1.33899,1948
1783604700,1.33899,1.33922,1.33869,1.33887,2336
1783605600,1.33887,1.33964,1.33881,1.33942,2947
1783606500,1.33946,1.33960,1.33904,1.33943,2085
1783607400,1.33944,1.33983,1.33891,1.33932,2340
1783608300,1.33932,1.33944,1.33808,1.33847,2518
1783609200,1.33845,1.33938,1.33845,1.33937,1805
1783610100,1.33937,1.34007,1.33936,1.33985,2095
1783611000,1.33986,1.34018,1.33929,1.33959,2813
1783611900,1.33958,1.34027,1.33923,1.34013,2291
1783612800,1.34013,1.34111,1.34010,1.34016,2967
1783613700,1.34016,1.34035,1.33956,1.34012,3145
1783614600,1.34012,1.34048,1.33960,1.33989,2902
1783615500,1.33989,1.33989,1.33877,1.33910,3383
1783616400,1.33911,1.33995,1.33870,1.33958,3031
1783617300,1.33958,1.33985,1.33911,1.33971,2426
1783618200,1.33971,1.34049,1.33955,1.34049,2243
1783619100,1.34049,1.34088,1.34020,1.34071,2482
1783620000,1.34071,1.34112,1.34057,1.34105,2472
1783620900,1.34106,1.34120,1.34023,1.34044,1739
1783621800,1.34044,1.34105,1.34028,1.34100,1797
1783622700,1.34100,1.34121,1.34094,1.34097,1476
1783623600,1.34097,1.34121,1.34079,1.34100,1482
1783624500,1.34100,1.34150,1.34091,1.34148,1480
1783625400,1.34148,1.34160,1.34119,1.34133,1139
1783626300,1.34134,1.34166,1.34133,1.34162,1465
1783627200,1.34162,1.34194,1.34157,1.34188,1797
1783628100,1.34189,1.34194,1.34121,1.34124,1718
1783629000,1.34126,1.34143,1.34107,1.34139,1294
1783629900,1.34139,1.34166,1.34135,1.34158,1577
1783630800,1.34159,1.34177,1.34127,1.34138,1390
1783631700,1.34138,1.34160,1.34103,1.34109,1329
1783632600,1.34109,1.34110,1.34057,1.34060,1555
1783633500,1.34055,1.34083,1.34049,1.34076,1270
1783634400,1.34074,1.34113,1.34071,1.34100,846
1783635300,1.34100,1.34110,1.34095,1.34096,428
1783636200,1.34096,1.34107,1.34091,1.34101,578
1783637100,1.34101,1.34101,1.34076,1.34088,389
1783638000,1.34059,1.34071,1.34035,1.34056,109
1783638900,1.34039,1.34070,1.34010,1.34012,286
1783639800,1.34011,1.34084,1.34009,1.34073,2276
1783640700,1.34075,1.34135,1.34013,1.34072,3923
1783641600,1.34075,1.34118,1.34070,1.34101,410
1783642500,1.34102,1.34122,1.34101,1.34116,388
1783643400,1.34116,1.34128,1.34113,1.34122,222
1783644300,1.34122,1.34131,1.34121,1.34121,213
1783645200,1.34121,1.34130,1.34120,1.34128,441
1783646100,1.34128,1.34128,1.34111,1.34113,315
1783647000,1.34113,1.34131,1.34111,1.34129,192
1783647900,1.34129,1.34136,1.34117,1.34136,364
1783648800,1.34137,1.34137,1.34091,1.34094,2438
1783649700,1.34093,1.34105,1.34086,1.34098,1628
1783650600,1.34098,1.34153,1.34088,1.34147,1809
1783651500,1.34147,1.34251,1.34146,1.34225,3222
1783652400,1.34225,1.34292,1.34196,1.34290,3229
1783653300,1.34289,1.34321,1.34259,1.34272,2980
1783654200,1.34272,1.34317,1.34261,1.34280,2928
1783655100,1.34280,1.34390,1.34268,1.34349,2860
1783656000,1.34350,1.34475,1.34340,1.34474,2994
1783656900,1.34474,1.34512,1.34458,1.34460,2340
1783657800,1.34460,1.34492,1.34428,1.34480,2118
1783658700,1.34480,1.34519,1.34471,1.34486,2825
1783659600,1.34485,1.34502,1.34456,1.34461,2407
1783660500,1.34461,1.34463,1.34427,1.34459,1947
1783661400,1.34459,1.34473,1.34440,1.34450,1734
1783662300,1.34451,1.34451,1.34375,1.34394,1608
1783663200,1.34394,1.34394,1.34358,1.34375,1511
1783664100,1.34375,1.34375,1.34325,1.34347,1560
1783665000,1.34347,1.34350,1.34299,1.34300,1488
1783665900,1.34300,1.34309,1.34276,1.34304,1350
1783666800,1.34305,1.34332,1.34296,1.34299,1660
1783667700,1.34298,1.34308,1.34260,1.34269,1567
1783668600,1.34268,1.34268,1.34218,1.34245,1614
1783669500,1.34245,1.34291,1.34245,1.34272,1611
1783670400,1.34271,1.34362,1.34269,1.34338,2153
1783671300,1.34337,1.34359,1.34277,1.34277,3050
1783672200,1.34278,1.34344,1.34271,1.34272,2775
1783673100,1.34272,1.34280,1.34241,1.34268,2285
1783674000,1.34269,1.34300,1.34236,1.34267,3220
1783674900,1.34267,1.34290,1.34236,1.34256,3293
1783675800,1.34255,1.34308,1.34237,1.34289,2473
1783676700,1.34288,1.34292,1.34205,1.34216,2631
1783677600,1.34217,1.34266,1.34175,1.34177,3662
1783678500,1.34176,1.34198,1.34126,1.34148,2153
1783679400,1.34149,1.34181,1.34109,1.34133,2746
1783680300,1.34133,1.34134,1.34086,1.34100,2146
1783681200,1.34100,1.34157,1.34092,1.34140,2284
1783682100,1.34140,1.34163,1.34125,1.34150,1764
1783683000,1.34152,1.34163,1.34119,1.34121,1635
1783683900,1.34121,1.34143,1.34095,1.34100,2362
1783684800,1.34101,1.34155,1.34099,1.34142,2408
1783685700,1.34142,1.34227,1.34139,1.34221,2233
1783686600,1.34221,1.34233,1.34179,1.34205,1644
1783687500,1.34205,1.34367,1.34178,1.34328,2390
1783688400,1.34328,1.34375,1.34280,1.34295,1466
1783689300,1.34296,1.34302,1.34217,1.34244,1828
1783690200,1.34245,1.34249,1.34176,1.34221,2580
1783691100,1.34221,1.34281,1.34215,1.34262,2044
1783692000,1.34263,1.34372,1.34196,1.34287,3352
1783692900,1.34288,1.34297,1.34227,1.34228,2839
1783693800,1.34227,1.34243,1.34164,1.34171,2853
1783694700,1.34171,1.34216,1.34142,1.34212,2711
1783695600,1.34211,1.34216,1.34111,1.34148,3315
1783696500,1.34148,1.34167,1.34106,1.34118,2516
1783697400,1.34118,1.34181,1.34102,1.34159,3575
1783698300,1.34160,1.34160,1.34043,1.34061,2612
1783699200,1.34061,1.34071,1.34010,1.34070,2716
1783700100,1.34070,1.34137,1.34047,1.34118,3669
1783701000,1.34117,1.34140,1.33921,1.34092,5423
1783701900,1.34092,1.34109,1.34030,1.34097,2989
1783702800,1.34097,1.34149,1.34077,1.34129,3101
1783703700,1.34130,1.34209,1.34128,1.34199,3214
1783704600,1.34199,1.34218,1.34169,1.34182,2458
1783705500,1.34182,1.34221,1.34169,1.34209,2403
1783706400,1.34208,1.34233,1.34188,1.34216,3173
1783707300,1.34216,1.34233,1.34152,1.34203,2643
1783708200,1.34203,1.34213,1.34175,1.34178,2022
1783709100,1.34178,1.34186,1.34110,1.34112,2322
1783710000,1.34112,1.34129,1.34044,1.34062,2382
1783710900,1.34062,1.34078,1.34007,1.34038,2139
1783711800,1.34037,1.34047,1.33995,1.34025,2199
1783712700,1.34025,1.34049,1.33993,1.34001,1962
1783713600,1.34001,1.34008,1.33984,1.33992,2207
1783714500,1.33992,1.34006,1.33972,1.33978,1713
1783715400,1.33977,1.33998,1.33929,1.33938,1541
1783716300,1.33938,1.33986,1.33938,1.33986,2166
1783717200,1.33985,1.33989,1.33948,1.33960,937
1783718100,1.33960,1.33978,1.33960,1.33972,1109
1783719000,1.33973,1.33986,1.33961,1.33965,1048
1783719900,1.33965,1.33996,1.33956,1.33984,986
1783720800,1.33984,1.34007,1.33973,1.33990,1314
1783721700,1.33990,1.34002,1.33976,1.33979,357
1783722600,1.33979,1.33979,1.33940,1.33954,709
1783723500,1.33954,1.34023,1.33951,1.34013,2351
1783897200,1.33885,1.33888,1.33885,1.33886,39
1783898100,1.33886,1.33889,1.33886,1.33888,37
1783899000,1.33887,1.33888,1.33860,1.33863,34
1783899900,1.33864,1.33868,1.33862,1.33862,31
1783900800,1.33862,1.33862,1.33694,1.33731,1166
1783901700,1.33731,1.33796,1.33716,1.33786,864
1783902600,1.33785,1.33797,1.33750,1.33752,592
1783903500,1.33752,1.33770,1.33742,1.33754,394
1783904400,1.33754,1.33763,1.33725,1.33762,799
1783905300,1.33762,1.33772,1.33751,1.33764,774
1783906200,1.33763,1.33796,1.33753,1.33783,805
1783907100,1.33783,1.33865,1.33783,1.33865,2418
1783908000,1.33867,1.33869,1.33826,1.33838,5052
1783908900,1.33837,1.33877,1.33790,1.33833,5300
1783909800,1.33834,1.33850,1.33771,1.33785,5592
1783910700,1.33785,1.33804,1.33755,1.33760,3957
1783911600,1.33761,1.33762,1.33701,1.33717,5380
1783912500,1.33718,1.33755,1.33668,1.33732,5235
1783913400,1.33732,1.33800,1.33723,1.33795,4576
1783914300,1.33795,1.33837,1.33784,1.33834,4330
1783915200,1.33834,1.33845,1.33762,1.33786,3863
1783916100,1.33786,1.33814,1.33774,1.33793,3484
1783917000,1.33793,1.33842,1.33779,1.33834,3119
1783917900,1.33832,1.33835,1.33768,1.33768,2838
1783918800,1.33768,1.33781,1.33711,1.33745,3799
1783919700,1.33745,1.33769,1.33739,1.33763,3090
1783920600,1.33764,1.33783,1.33757,1.33772,3139
1783921500,1.33773,1.33795,1.33763,1.33785,2425
1783922400,1.33785,1.33785,1.33752,1.33783,2113
1783923300,1.33783,1.33816,1.33771,1.33816,2550
1783924200,1.33816,1.33823,1.33796,1.33798,2206
1783925100,1.33798,1.33849,1.33796,1.33839,1740
1783926000,1.33838,1.33880,1.33833,1.33865,3034
1783926900,1.33865,1.33866,1.33790,1.33797,3017
1783927800,1.33797,1.33833,1.33775,1.33793,4259
1783928700,1.33793,1.33847,1.33781,1.33797,4265
1783929600,1.33796,1.33810,1.33776,1.33794,3308
1783930500,1.33794,1.33886,1.33792,1.33883,2862
1783931400,1.33883,1.33924,1.33846,1.33856,2597
1783932300,1.33856,1.33856,1.33744,1.33785,2674
1783933200,1.33785,1.33889,1.33776,1.33851,4575
1783934100,1.33851,1.33877,1.33823,1.33862,2819
1783935000,1.33862,1.33937,1.33788,1.33856,4301
1783935900,1.33856,1.33956,1.33846,1.33930,4372
1783936800,1.33932,1.34066,1.33927,1.34035,5289
1783937700,1.34036,1.34119,1.33984,1.33996,4113
1783938600,1.33996,1.34016,1.33972,1.33996,3201
1783939500,1.33996,1.34018,1.33942,1.33944,3186
1783940400,1.33943,1.33960,1.33910,1.33917,2988
1783941300,1.33917,1.33943,1.33851,1.33900,2489
1783942200,1.33899,1.33946,1.33873,1.33906,2830
1783943100,1.33906,1.33925,1.33872,1.33910,3050
1783944000,1.33910,1.33934,1.33885,1.33893,3188
1783944900,1.33893,1.33893,1.33817,1.33833,2866
1783945800,1.33834,1.33879,1.33823,1.33860,2576
1783946700,1.33861,1.33990,1.33856,1.33989,2824
1783947600,1.33989,1.34024,1.33924,1.33953,3328
1783948500,1.33953,1.33955,1.33854,1.33916,3140
1783949400,1.33914,1.33958,1.33898,1.33957,2719
1783950300,1.33957,1.33970,1.33922,1.33937,2623
1783951200,1.33937,1.33964,1.33833,1.33857,3129
1783952100,1.33857,1.33916,1.33848,1.33903,2946
1783953000,1.33902,1.33972,1.33887,1.33945,2481
1783953900,1.33945,1.33992,1.33902,1.33992,2838
1783954800,1.33991,1.34026,1.33914,1.33936,2651
1783955700,1.33936,1.33989,1.33925,1.33944,2440
1783956600,1.33943,1.33985,1.33854,1.33875,4620
1783957500,1.33875,1.33901,1.33836,1.33852,4723
1783958400,1.33851,1.33875,1.33778,1.33797,5111
1783959300,1.33797,1.33817,1.33637,1.33793,5752
1783960200,1.33792,1.33803,1.33680,1.33722,3905
1783961100,1.33722,1.33795,1.33669,1.33786,4534
1783962000,1.33786,1.33796,1.33719,1.33736,3818
1783962900,1.33736,1.33797,1.33705,1.33785,3909
1783963800,1.33787,1.33803,1.33754,1.33786,3328
1783964700,1.33786,1.33822,1.33749,1.33804,3768
1783965600,1.33804,1.33844,1.33785,1.33823,3353
1783966500,1.33824,1.33833,1.33689,1.33709,3461
1783967400,1.33709,1.33717,1.33575,1.33683,5351
1783968300,1.33683,1.33708,1.33577,1.33632,5228
1783969200,1.33636,1.33665,1.33597,1.33623,3442
1783970100,1.33622,1.33641,1.33594,1.33604,3122
1783971000,1.33604,1.33617,1.33569,1.33606,2786
1783971900,1.33605,1.33631,1.33574,1.33584,2512
1783972800,1.33585,1.33606,1.33556,1.33573,2708
1783973700,1.33573,1.33584,1.33547,1.33576,2919
1783974600,1.33577,1.33609,1.33566,1.33594,2254
1783975500,1.33594,1.33611,1.33582,1.33604,2607
1783976400,1.33605,1.33612,1.33525,1.33529,2986
1783977300,1.33529,1.33554,1.33520,1.33534,2403
1783978200,1.33534,1.33544,1.33516,1.33542,3028
1783979100,1.33542,1.33544,1.33517,1.33535,2271
1783980000,1.33535,1.33549,1.33491,1.33493,1373
1783980900,1.33493,1.33497,1.33425,1.33452,981
1783981800,1.33452,1.33469,1.33430,1.33463,637
1783982700,1.33463,1.33466,1.33444,1.33464,569
1783983600,1.33551,1.33575,1.33474,1.33559,104
1783984500,1.33559,1.33588,1.33472,1.33509,205
1783985400,1.33507,1.33515,1.33476,1.33501,635
1783986300,1.33501,1.33521,1.33479,1.33484,1460
1783987200,1.33480,1.33522,1.33471,1.33491,500
1783988100,1.33492,1.33519,1.33489,1.33509,432
1783989000,1.33512,1.33530,1.33503,1.33528,324
1783989900,1.33528,1.33529,1.33485,1.33488,434
1783990800,1.33488,1.33499,1.33475,1.33486,674
1783991700,1.33486,1.33492,1.33472,1.33478,682
1783992600,1.33479,1.33516,1.33474,1.33488,716
1783993500,1.33488,1.33506,1.33463,1.33497,1816
1783994400,1.33500,1.33533,1.33468,1.33514,5342
1783995300,1.33514,1.33516,1.33424,1.33446,5264
1783996200,1.33446,1.33549,1.33440,1.33544,4255
1783997100,1.33544,1.33575,1.33515,1.33516,4848
1783998000,1.33515,1.33544,1.33509,1.33522,4337
1783998900,1.33524,1.33577,1.33520,1.33522,3844
1783999800,1.33522,1.33544,1.33507,1.33537,3878
1784000700,1.33537,1.33571,1.33532,1.33547,2852
1784001600,1.33547,1.33584,1.33544,1.33575,3263
1784002500,1.33575,1.33597,1.33572,1.33592,2480
1784003400,1.33593,1.33602,1.33571,1.33585,2485
1784004300,1.33585,1.33594,1.33566,1.33568,2151
1784005200,1.33567,1.33595,1.33547,1.33573,2867
1784006100,1.33573,1.33593,1.33549,1.33590,3394
1784007000,1.33591,1.33643,1.33586,1.33611,3438
1784007900,1.33611,1.33628,1.33605,1.33606,2005
1784008800,1.33606,1.33627,1.33580,1.33599,2136
1784009700,1.33599,1.33624,1.33599,1.33600,1473
1784010600,1.33599,1.33620,1.33596,1.33607,2230
1784011500,1.33607,1.33613,1.33566,1.33593,2348
1784012400,1.33592,1.33627,1.33589,1.33617,1903
1784013300,1.33618,1.33670,1.33614,1.33657,1950
1784014200,1.33657,1.33700,1.33657,1.33683,2520
1784015100,1.33685,1.33686,1.33629,1.33631,2662
1784016000,1.33631,1.33650,1.33594,1.33597,3049
1784016900,1.33597,1.33605,1.33528,1.33536,2184
1784017800,1.33536,1.33617,1.33532,1.33569,3151
1784018700,1.33568,1.33583,1.33538,1.33564,2601
1784019600,1.33564,1.33605,1.33513,1.33525,3937
1784020500,1.33524,1.33611,1.33516,1.33594,3150
1784021400,1.33594,1.33622,1.33546,1.33606,3590
1784022300,1.33609,1.33647,1.33565,1.33575,4366
1784023200,1.33574,1.33607,1.33540,1.33581,4375
1784024100,1.33581,1.33620,1.33549,1.33615,3299
1784025000,1.33614,1.33747,1.33614,1.33745,3300
1784025900,1.33744,1.33765,1.33716,1.33748,2456
1784026800,1.33748,1.33810,1.33740,1.33806,3255
1784027700,1.33806,1.33806,1.33742,1.33777,2529
1784028600,1.33776,1.33805,1.33740,1.33742,3182
1784029500,1.33742,1.33839,1.33738,1.33795,3115
1784030400,1.33795,1.33826,1.33765,1.33769,2903
1784031300,1.33769,1.33800,1.33750,1.33767,2786
1784032200,1.33767,1.33787,1.33748,1.33772,2747
1784033100,1.33772,1.33776,1.33702,1.33728,2307
1784034000,1.33728,1.33733,1.33662,1.33719,3398
1784034900,1.33717,1.33778,1.33705,1.33759,2977
1784035800,1.33759,1.33806,1.33759,1.33796,2619
1784036700,1.33796,1.33873,1.33795,1.33843,3114
1784037600,1.33843,1.33871,1.33812,1.33815,4272
1784038500,1.33815,1.33896,1.33804,1.33881,3370
1784039400,1.33868,1.34437,1.33848,1.34335,9358
1784040300,1.34334,1.34379,1.34032,1.34094,6179
1784041200,1.34094,1.34194,1.33981,1.34028,5987
1784042100,1.34027,1.34123,1.33991,1.34021,5956
1784043000,1.34024,1.34152,1.34008,1.34140,5827
1784043900,1.34140,1.34189,1.34091,1.34159,4603
1784044800,1.34159,1.34232,1.34125,1.34161,4455
1784045700,1.34163,1.34168,1.33992,1.33995,5374
1784046600,1.33994,1.34205,1.33968,1.34099,5589
1784047500,1.34098,1.34126,1.34041,1.34052,4365
1784048400,1.34052,1.34139,1.34001,1.34074,4936
1784049300,1.34074,1.34078,1.33943,1.33979,3469
1784050200,1.33979,1.33994,1.33825,1.33873,4597
1784051100,1.33873,1.33919,1.33799,1.33828,4211
1784052000,1.33828,1.33841,1.33756,1.33829,4154
1784052900,1.33829,1.33875,1.33792,1.33864,3395
1784053800,1.33863,1.33920,1.33861,1.33868,2269
1784054700,1.33868,1.33909,1.33850,1.33889,2318
1784055600,1.33890,1.33909,1.33753,1.33753,2843
1784056500,1.33755,1.33774,1.33682,1.33770,3086
1784057400,1.33770,1.33805,1.33761,1.33801,1417
1784058300,1.33801,1.33839,1.33768,1.33772,2470
1784059200,1.33772,1.33828,1.33769,1.33824,2568
1784060100,1.33824,1.33842,1.33791,1.33805,2500
1784061000,1.33805,1.33830,1.33711,1.33749,3241
1784061900,1.33749,1.33824,1.33744,1.33820,2298
1784062800,1.33820,1.33854,1.33811,1.33847,1888
1784063700,1.33847,1.33874,1.33833,1.33868,2693
1784064600,1.33869,1.33874,1.33820,1.33872,3050
1784065500,1.33873,1.33914,1.33869,1.33880,2013
1784066400,1.33880,1.33898,1.33863,1.33886,1462
1784067300,1.33886,1.33891,1.33871,1.33874,519
1784068200,1.33874,1.33898,1.33874,1.33888,887
1784069100,1.33888,1.33922,1.33886,1.33912,828
1784070000,1.33853,1.33912,1.33829,1.33837,274
1784070900,1.33827,1.33939,1.33801,1.33890,427
1784071800,1.33890,1.33910,1.33884,1.33904,947
1784072700,1.33903,1.33905,1.33868,1.33883,1128
1784073600,1.33889,1.33920,1.33869,1.33904,367
1784074500,1.33904,1.33944,1.33892,1.33943,666
1784075400,1.33943,1.33945,1.33924,1.33925,459
1784076300,1.33924,1.33924,1.33894,1.33909,385
1784077200,1.33908,1.33934,1.33905,1.33931,780
1784078100,1.33931,1.33940,1.33921,1.33939,660
1784079000,1.33938,1.33963,1.33926,1.33961,1027
1784079900,1.33961,1.33966,1.33951,1.33966,638
1784080800,1.33966,1.33972,1.33945,1.33952,2465
1784081700,1.33952,1.34003,1.33952,1.33990,1891
1784082600,1.33989,1.33999,1.33946,1.33959,2183
1784083500,1.33959,1.34043,1.33956,1.34033,2589
1784084400,1.34032,1.34055,1.34012,1.34050,3266
1784085300,1.34050,1.34057,1.34011,1.34022,1211
1784086200,1.34022,1.34035,1.33992,1.34005,2278
1784087100,1.34005,1.34027,1.33997,1.34024,2425
1784088000,1.34024,1.34052,1.34009,1.34025,2014
1784088900,1.34025,1.34026,1.33999,1.34020,1784
1784089800,1.34021,1.34094,1.34013,1.34082,2058
1784090700,1.34082,1.34083,1.34058,1.34061,2086
1784091600,1.34061,1.34094,1.34031,1.34033,2560
1784092500,1.34034,1.34035,1.33985,1.34010,2317
1784093400,1.34010,1.34026,1.33993,1.33995,1722
1784094300,1.33995,1.34051,1.33994,1.34038,1439
1784095200,1.34038,1.34052,1.34022,1.34030,1521
1784096100,1.34030,1.34052,1.34025,1.34045,1438
1784097000,1.34045,1.34055,1.34029,1.34033,1248
1784097900,1.34033,1.34052,1.34022,1.34026,920
1784098800,1.34027,1.34040,1.34004,1.34033,2351
1784099700,1.34033,1.34056,1.34029,1.34043,1496
1784100600,1.34044,1.34120,1.34041,1.34118,1842
1784101500,1.34119,1.34144,1.34103,1.34103,1932
1784102400,1.34103,1.34171,1.34103,1.34171,2096
1784103300,1.34170,1.34201,1.34162,1.34173,1957
1784104200,1.34173,1.34177,1.34107,1.34155,2435
1784105100,1.34153,1.34194,1.34108,1.34152,3350
1784106000,1.34152,1.34201,1.34090,1.34160,3310
1784106900,1.34160,1.34166,1.34022,1.34082,2150
1784107800,1.34082,1.34118,1.34048,1.34057,2572
1784108700,1.34057,1.34059,1.34009,1.34021,1923
1784109600,1.34022,1.34073,1.33958,1.33959,2672
1784110500,1.33960,1.34001,1.33949,1.33999,2352
1784111400,1.33999,1.34015,1.33948,1.33954,2502
1784112300,1.33953,1.33966,1.33911,1.33965,2389
1784113200,1.33968,1.33990,1.33925,1.33955,2421
1784114100,1.33955,1.33971,1.33933,1.33933,1883
1784115000,1.33933,1.33941,1.33889,1.33918,2027
1784115900,1.33918,1.33940,1.33897,1.33904,2788
1784116800,1.33903,1.33911,1.33848,1.33859,2437
1784117700,1.33859,1.33898,1.33806,1.33821,2578
1784118600,1.33821,1.33882,1.33819,1.33878,2224
1784119500,1.33878,1.33998,1.33877,1.33998,1819
1784120400,1.33998,1.34019,1.33970,1.33980,2014
1784121300,1.33979,1.34001,1.33960,1.33982,1861
1784122200,1.33981,1.34039,1.33967,1.34032,2295
1784123100,1.34033,1.34151,1.34028,1.34102,3634
1784124000,1.34102,1.34134,1.34029,1.34087,2951
1784124900,1.34087,1.34133,1.34059,1.34095,2611
1784125800,1.34095,1.34220,1.34095,1.34215,4203
1784126700,1.34215,1.34302,1.34203,1.34283,2930
1784127600,1.34283,1.34364,1.34258,1.34274,3838
1784128500,1.34273,1.34330,1.34220,1.34244,2989
1784129400,1.34244,1.34334,1.34239,1.34306,3113
1784130300,1.34307,1.34498,1.34307,1.34412,3331
1784131200,1.34416,1.34450,1.34377,1.34428,3499
1784132100,1.34427,1.34475,1.34411,1.34452,3658
1784133000,1.34452,1.34667,1.34451,1.34666,4197
1784133900,1.34666,1.34823,1.34655,1.34785,4929
1784134800,1.34785,1.34818,1.34731,1.34732,3577
1784135700,1.34730,1.34890,1.34712,1.34880,3633
1784136600,1.34879,1.34914,1.34836,1.34903,3739
1784137500,1.34903,1.34980,1.34901,1.34957,2940
1784138400,1.34957,1.35002,1.34942,1.34955,2947
1784139300,1.34955,1.35119,1.34950,1.35119,3507
1784140200,1.35120,1.35140,1.35068,1.35092,3009
1784141100,1.35092,1.35284,1.35083,1.35260,3735
1784142000,1.35260,1.35419,1.35259,1.35333,3231
1784142900,1.35334,1.35362,1.35297,1.35325,2814
1784143800,1.35325,1.35450,1.35325,1.35442,3531
1784144700,1.35442,1.35489,1.35391,1.35473,2695
1784145600,1.35473,1.35541,1.35473,1.35510,2526
1784146500,1.35510,1.35582,1.35499,1.35540,2304
1784147400,1.35540,1.35561,1.35445,1.35448,2735
1784148300,1.35448,1.35453,1.35360,1.35364,2974
1784149200,1.35364,1.35447,1.35360,1.35423,2292
1784150100,1.35422,1.35431,1.35353,1.35372,2221
1784151000,1.35372,1.35378,1.35277,1.35300,3258
1784151900,1.35300,1.35353,1.35291,1.35348,2538
1784152800,1.35348,1.35372,1.35336,1.35354,952
1784153700,1.35354,1.35395,1.35351,1.35385,686
1784154600,1.35385,1.35386,1.35355,1.35359,1109
1784155500,1.35358,1.35393,1.35348,1.35392,860
1784156400,1.35367,1.35392,1.35359,1.35364,39
1784157300,1.35364,1.35373,1.35358,1.35359,606
1784158200,1.35358,1.35380,1.35353,1.35366,1262
1784159100,1.35367,1.35394,1.35314,1.35370,2388
1784160000,1.35390,1.35410,1.35389,1.35402,480
1784160900,1.35402,1.35421,1.35398,1.35421,184
1784161800,1.35421,1.35423,1.35406,1.35409,204
1784162700,1.35411,1.35412,1.35372,1.35381,477
1784163600,1.35381,1.35400,1.35371,1.35399,645
1784164500,1.35399,1.35415,1.35387,1.35411,650
1784165400,1.35410,1.35431,1.35397,1.35430,701
1784166300,1.35430,1.35436,1.35385,1.35388,887
1784167200,1.35388,1.35445,1.35377,1.35439,3309
1784168100,1.35439,1.35445,1.35379,1.35389,3022
1784169000,1.35388,1.35392,1.35310,1.35330,2675
1784169900,1.35329,1.35346,1.35275,1.35339,3985
1784170800,1.35339,1.35350,1.35311,1.35329,2715
1784171700,1.35329,1.35332,1.35277,1.35289,3621
1784172600,1.35290,1.35306,1.35266,1.35284,2996
1784173500,1.35283,1.35291,1.35259,1.35271,2376
1784174400,1.35271,1.35272,1.35211,1.35214,2116
1784175300,1.35215,1.35258,1.35197,1.35251,2615
1784176200,1.35250,1.35260,1.35212,1.35238,2754
1784177100,1.35239,1.35273,1.35218,1.35270,1815
1784178000,1.35270,1.35347,1.35258,1.35338,1679
1784178900,1.35338,1.35358,1.35330,1.35347,1651
1784179800,1.35347,1.35379,1.35343,1.35344,1766
1784180700,1.35345,1.35347,1.35311,1.35331,2002
1784181600,1.35331,1.35347,1.35315,1.35347,1977
1784182500,1.35346,1.35347,1.35307,1.35309,1645
1784183400,1.35309,1.35352,1.35309,1.35334,1726
1784184300,1.35333,1.35343,1.35319,1.35325,1763
1784185200,1.35325,1.35364,1.35325,1.35360,1687
1784186100,1.35360,1.35382,1.35359,1.35370,1432
1784187000,1.35369,1.35410,1.35331,1.35340,3306
1784187900,1.35340,1.35346,1.35271,1.35291,2821
1784188800,1.35292,1.35389,1.35281,1.35388,2843
1784189700,1.35387,1.35387,1.35329,1.35360,2824
1784190600,1.35360,1.35368,1.35327,1.35361,2338
1784191500,1.35362,1.35421,1.35327,1.35400,2734
1784192400,1.35400,1.35424,1.35358,1.35361,3241
1784193300,1.35361,1.35411,1.35308,1.35329,2353
1784194200,1.35329,1.35372,1.35326,1.35343,2146
1784195100,1.35343,1.35382,1.35332,1.35333,2869
1784196000,1.35334,1.35343,1.35218,1.35231,2778
1784196900,1.35231,1.35243,1.35206,1.35218,2410
1784197800,1.35219,1.35280,1.35210,1.35235,2385
1784198700,1.35235,1.35240,1.35189,1.35208,1949
1784199600,1.35208,1.35212,1.35151,1.35190,2200
1784200500,1.35190,1.35196,1.35103,1.35107,2071
1784201400,1.35108,1.35115,1.35058,1.35111,2176
1784202300,1.35111,1.35112,1.35074,1.35077,1834
1784203200,1.35077,1.35096,1.35059,1.35079,1930
1784204100,1.35079,1.35094,1.35035,1.35043,1995
1784205000,1.35043,1.35072,1.35027,1.35062,2219
1784205900,1.35062,1.35085,1.35029,1.35038,2140
1784206800,1.35038,1.35041,1.34973,1.35002,2507
1784207700,1.35002,1.35013,1.34946,1.34964,2776
1784208600,1.34964,1.35041,1.34963,1.35012,2664
1784209500,1.35012,1.35073,1.34937,1.35068,3567
1784210400,1.35070,1.35152,1.35050,1.35085,3841
1784211300,1.35087,1.35112,1.35029,1.35057,3119
1784212200,1.35057,1.35086,1.34989,1.35038,3447
1784213100,1.35038,1.35060,1.34972,1.34976,3351
1784214000,1.34976,1.35077,1.34964,1.35061,3721
1784214900,1.35061,1.35101,1.35029,1.35086,2916
1784215800,1.35086,1.35142,1.35052,1.35123,4130
1784216700,1.35123,1.35173,1.35075,1.35085,3635
1784217600,1.35085,1.35137,1.35036,1.35066,4025
1784218500,1.35066,1.35111,1.35044,1.35080,4577
1784219400,1.35080,1.35119,1.34994,1.35009,4447
1784220300,1.35011,1.35030,1.34873,1.34882,4393
1784221200,1.34881,1.34895,1.34802,1.34893,3160
1784222100,1.34894,1.34914,1.34812,1.34812,3115
1784223000,1.34812,1.34875,1.34803,1.34840,2803
1784223900,1.34840,1.34900,1.34810,1.34830,3022
1784224800,1.34830,1.34835,1.34743,1.34743,2627
1784225700,1.34743,1.34753,1.34669,1.34682,2661
1784226600,1.34683,1.34716,1.34663,1.34691,2025
1784227500,1.34691,1.34703,1.34653,1.34660,2063
1784228400,1.34660,1.34662,1.34597,1.34613,2476
1784229300,1.34614,1.34679,1.34611,1.34674,1772
1784230200,1.34674,1.34687,1.34654,1.34669,2382
1784231100,1.34671,1.34718,1.34663,1.34696,2213
1784232000,1.34696,1.34698,1.34649,1.34675,2731
1784232900,1.34674,1.34698,1.34672,1.34682,2620
1784233800,1.34681,1.34690,1.34667,1.34687,1654
1784234700,1.34687,1.34714,1.34675,1.34706,2183
1784235600,1.34705,1.34733,1.34683,1.34685,1892
1784236500,1.34684,1.34697,1.34669,1.34676,2000
1784237400,1.34676,1.34713,1.34670,1.34710,2336
1784238300,1.34711,1.34755,1.34706,1.34748,2696
1784239200,1.34747,1.34765,1.34737,1.34749,1136
1784240100,1.34749,1.34762,1.34744,1.34755,515
1784241000,1.34755,1.34787,1.34753,1.34782,935
1784241900,1.34782,1.34803,1.34782,1.34796,766
1784242800,1.34782,1.34814,1.34762,1.34795,55
1784243700,1.34802,1.34807,1.34768,1.34770,104
1784244600,1.34771,1.34778,1.34759,1.34764,226
1784245500,1.34769,1.34770,1.34752,1.34757,294
1784246400,1.34760,1.34774,1.34750,1.34762,271
1784247300,1.34763,1.34763,1.34751,1.34758,329
1784248200,1.34757,1.34760,1.34744,1.34745,201
1784249100,1.34745,1.34745,1.34730,1.34741,270
1784250000,1.34741,1.34755,1.34737,1.34755,435
1784250900,1.34755,1.34773,1.34751,1.34763,568
1784251800,1.34763,1.34775,1.34756,1.34764,607
1784252700,1.34764,1.34783,1.34753,1.34780,1320
1784253600,1.34780,1.34787,1.34738,1.34743,2574
1784254500,1.34743,1.34766,1.34710,1.34713,3041
1784255400,1.34713,1.34725,1.34697,1.34701,2403
1784256300,1.34701,1.34776,1.34701,1.34773,3301
1784257200,1.34773,1.34799,1.34754,1.34766,2718
1784258100,1.34766,1.34788,1.34745,1.34749,2715
1784259000,1.34749,1.34753,1.34702,1.34718,3078
1784259900,1.34718,1.34719,1.34640,1.34661,3370
1784260800,1.34661,1.34687,1.34660,1.34685,2922
1784261700,1.34685,1.34693,1.34659,1.34663,2231
1784262600,1.34663,1.34677,1.34632,1.34646,3060
1784263500,1.34646,1.34665,1.34632,1.34635,3196
1784264400,1.34635,1.34673,1.34630,1.34653,3103
1784265300,1.34652,1.34692,1.34652,1.34676,2514
1784266200,1.34676,1.34677,1.34622,1.34632,1904
1784267100,1.34632,1.34659,1.34626,1.34653,2649
1784268000,1.34653,1.34655,1.34633,1.34641,1833
1784268900,1.34641,1.34645,1.34596,1.34604,2223
1784269800,1.34604,1.34616,1.34586,1.34590,1731
1784270700,1.34591,1.34610,1.34572,1.34590,1569
1784271600,1.34590,1.34602,1.34576,1.34594,1424
1784272500,1.34593,1.34611,1.34579,1.34600,1712
1784273400,1.34600,1.34662,1.34600,1.34640,2880
1784274300,1.34641,1.34661,1.34623,1.34632,2360
1784275200,1.34630,1.34677,1.34593,1.34677,3095
1784276100,1.34676,1.34752,1.34673,1.34713,3082
1784277000,1.34713,1.34760,1.34707,1.34722,2616
1784277900,1.34722,1.34755,1.34700,1.34744,2978
1784278800,1.34742,1.34808,1.34700,1.34712,2589
1784279700,1.34712,1.34718,1.34625,1.34697,2493
1784280600,1.34697,1.34736,1.34637,1.34668,2711
1784281500,1.34668,1.34677,1.34571,1.34572,2518
1784282400,1.34572,1.34623,1.34518,1.34530,2848
1784283300,1.34530,1.34551,1.34487,1.34492,4065
1784284200,1.34492,1.34528,1.34449,1.34473,3384
1784285100,1.34473,1.34485,1.34420,1.34431,3135
1784286000,1.34432,1.34447,1.34372,1.34411,3019
1784286900,1.34410,1.34444,1.34357,1.34440,2745
1784287800,1.34440,1.34444,1.34372,1.34404,2526
1784288700,1.34404,1.34434,1.34392,1.34432,2191
1784289600,1.34432,1.34433,1.34355,1.34406,2774
1784290500,1.34404,1.34418,1.34341,1.34346,3001
1784291400,1.34346,1.34354,1.34311,1.34326,2759
1784292300,1.34326,1.34333,1.34261,1.34316,2743
1784293200,1.34316,1.34365,1.34278,1.34355,2947
1784294100,1.34355,1.34405,1.34340,1.34390,2630
1784295000,1.34390,1.34468,1.34382,1.34396,2458
1784295900,1.34396,1.34429,1.34371,1.34384,2495
1784296800,1.34383,1.34404,1.34352,1.34373,2868
1784297700,1.34372,1.34379,1.34314,1.34353,2299
1784298600,1.34353,1.34355,1.34283,1.34337,2705
1784299500,1.34337,1.34363,1.34293,1.34317,2708
1784300400,1.34317,1.34355,1.34282,1.34335,3636
1784301300,1.34336,1.34366,1.34296,1.34343,3263
1784302200,1.34343,1.34467,1.34329,1.34429,4739
1784303100,1.34429,1.34513,1.34409,1.34502,3938
1784304000,1.34502,1.34542,1.34466,1.34466,3643
1784304900,1.34466,1.34535,1.34453,1.34482,3060
1784305800,1.34482,1.34533,1.34470,1.34531,3630
1784306700,1.34531,1.34547,1.34431,1.34453,3691
1784307600,1.34453,1.34500,1.34445,1.34460,3255
1784308500,1.34461,1.34535,1.34461,1.34535,3143
1784309400,1.34537,1.34550,1.34462,1.34464,4086
1784310300,1.34463,1.34470,1.34421,1.34449,3374
1784311200,1.34452,1.34492,1.34378,1.34489,3664
1784312100,1.34489,1.34539,1.34485,1.34535,2908
1784313000,1.34535,1.34554,1.34504,1.34544,2616
1784313900,1.34544,1.34560,1.34519,1.34560,2770
1784314800,1.34560,1.34599,1.34549,1.34555,3099
1784315700,1.34553,1.34559,1.34521,1.34550,2411
1784316600,1.34551,1.34553,1.34513,1.34516,2134
1784317500,1.34516,1.34539,1.34514,1.34533,1930
1784318400,1.34533,1.34554,1.34515,1.34537,1746
1784319300,1.34537,1.34558,1.34531,1.34556,2666
1784320200,1.34556,1.34568,1.34531,1.34538,2232
1784321100,1.34537,1.34553,1.34525,1.34541,1899
1784322000,1.34541,1.34552,1.34525,1.34531,1452
1784322900,1.34531,1.34547,1.34510,1.34533,2015
1784323800,1.34533,1.34573,1.34515,1.34567,2040
1784324700,1.34567,1.34600,1.34552,1.34585,1913
1784325600,1.34585,1.34601,1.34563,1.34563,615
1784326500,1.34563,1.34564,1.34520,1.34526,518
1784327400,1.34526,1.34546,1.34526,1.34539,580
1784328300,1.34539,1.34559,1.34516,1.34523,2011
1784502000,1.34487,1.34489,1.34487,1.34488,4
1784502900,1.34487,1.34496,1.34408,1.34496,1285
1784503800,1.34497,1.34498,1.34470,1.34490,941
1784504700,1.34487,1.34493,1.34430,1.34450,1214
1784505600,1.34462,1.34463,1.34388,1.34446,514
1784506500,1.34446,1.34469,1.34411,1.34443,858
1784507400,1.34443,1.34474,1.34434,1.34453,559
1784508300,1.34453,1.34455,1.34439,1.34443,303
1784509200,1.34443,1.34447,1.34432,1.34432,732
1784510100,1.34432,1.34441,1.34413,1.34432,697
1784511000,1.34432,1.34455,1.34421,1.34453,817
1784511900,1.34453,1.34454,1.34423,1.34451,1370
1784512800,1.34451,1.34482,1.34431,1.34465,3197
1784513700,1.34466,1.34522,1.34465,1.34507,2426
1784514600,1.34507,1.34508,1.34478,1.34490,2249
1784515500,1.34489,1.34513,1.34480,1.34509,2312
1784516400,1.34509,1.34541,1.34486,1.34494,2902
1784517300,1.34494,1.34531,1.34490,1.34524,2868
1784518200,1.34524,1.34540,1.34490,1.34505,3373
1784519100,1.34505,1.34544,1.34495,1.34543,2338
1784520000,1.34542,1.34579,1.34532,1.34563,2584
1784520900,1.34564,1.34596,1.34561,1.34594,2195
1784521800,1.34593,1.34635,1.34583,1.34613,2254
1784522700,1.34613,1.34623,1.34588,1.34592,1772
1784523600,1.34592,1.34597,1.34579,1.34594,2196
1784524500,1.34594,1.34600,1.34585,1.34595,2172
1784525400,1.34595,1.34616,1.34586,1.34614,1869
1784526300,1.34614,1.34619,1.34604,1.34607,1525
1784527200,1.34607,1.34628,1.34606,1.34627,1262
1784528100,1.34627,1.34664,1.34627,1.34657,1087
1784529000,1.34658,1.34673,1.34650,1.34666,1370
1784529900,1.34666,1.34680,1.34660,1.34663,1616
1784530800,1.34664,1.34667,1.34636,1.34648,1848
1784531700,1.34648,1.34678,1.34646,1.34665,1570
1784532600,1.34665,1.34675,1.34656,1.34671,1429
1784533500,1.34670,1.34676,1.34654,1.34663,1478
1784534400,1.34663,1.34688,1.34609,1.34619,2056
1784535300,1.34619,1.34664,1.34605,1.34610,3281
1784536200,1.34610,1.34648,1.34584,1.34622,2675
1784537100,1.34620,1.34645,1.34575,1.34585,2335
1784538000,1.34585,1.34668,1.34576,1.34631,2998
1784538900,1.34630,1.34705,1.34609,1.34705,3058
1784539800,1.34704,1.34813,1.34696,1.34795,3409
1784540700,1.34795,1.34795,1.34741,1.34761,2735
1784541600,1.34762,1.34769,1.34731,1.34741,1793
1784542500,1.34741,1.34762,1.34661,1.34674,2200
1784543400,1.34674,1.34715,1.34662,1.34690,1544
1784544300,1.34691,1.34722,1.34674,1.34696,1821
1784545200,1.34696,1.34696,1.34598,1.34614,1937
1784546100,1.34613,1.34626,1.34576,1.34582,1746
1784547000,1.34581,1.34656,1.34581,1.34654,1789
1784547900,1.34654,1.34667,1.34601,1.34631,2475
1784548800,1.34632,1.34694,1.34591,1.34680,2749
1784549700,1.34679,1.34710,1.34661,1.34670,2193
1784550600,1.34670,1.34735,1.34660,1.34709,1984
1784551500,1.34709,1.34721,1.34674,1.34682,1916
1784552400,1.34682,1.34723,1.34653,1.34692,2621
1784553300,1.34692,1.34702,1.34662,1.34691,1997
1784554200,1.34691,1.34786,1.34683,1.34686,5103
1784555100,1.34686,1.34686,1.34613,1.34627,2571
1784556000,1.34626,1.34648,1.34556,1.34587,3471
1784556900,1.34586,1.34588,1.34518,1.34528,2460
1784557800,1.34527,1.34552,1.34484,1.34505,2283
1784558700,1.34505,1.34576,1.34505,1.34549,3086
1784559600,1.34549,1.34562,1.34522,1.34554,2805
1784560500,1.34554,1.34588,1.34532,1.34573,2543
1784561400,1.34576,1.34578,1.34482,1.34482,3153
1784562300,1.34482,1.34546,1.34449,1.34524,2493
1784563200,1.34524,1.34569,1.34470,1.34512,2325
1784564100,1.34513,1.34541,1.34480,1.34530,2646
1784565000,1.34528,1.34529,1.34411,1.34422,3125
1784565900,1.34421,1.34421,1.34335,1.34393,2911
1784566800,1.34393,1.34393,1.34197,1.34205,4294
1784567700,1.34205,1.34212,1.34138,1.34206,2736
1784568600,1.34207,1.34212,1.34147,1.34165,2462
1784569500,1.34165,1.34204,1.34142,1.34182,1894
1784570400,1.34181,1.34226,1.34139,1.34212,2362
1784571300,1.34212,1.34236,1.34165,1.34203,1927
1784572200,1.34203,1.34214,1.34127,1.34175,2199
1784573100,1.34175,1.34208,1.34148,1.34204,1893
1784574000,1.34204,1.34255,1.34190,1.34201,2407
1784574900,1.34201,1.34302,1.34192,1.34295,1729
1784575800,1.34295,1.34307,1.34262,1.34297,1478
1784576700,1.34297,1.34327,1.34289,1.34314,1917
1784577600,1.34314,1.34365,1.34313,1.34362,1768
1784578500,1.34362,1.34396,1.34354,1.34372,1970
1784579400,1.34372,1.34374,1.34334,1.34337,1630
1784580300,1.34337,1.34362,1.34320,1.34361,1774
1784581200,1.34361,1.34366,1.34323,1.34325,2059
1784582100,1.34325,1.34389,1.34318,1.34380,1886
1784583000,1.34380,1.34393,1.34369,1.34372,1470
1784583900,1.34372,1.34386,1.34340,1.34353,2071
1784584800,1.34352,1.34370,1.34311,1.34313,1112
1784585700,1.34313,1.34313,1.34290,1.34309,500
1784586600,1.34309,1.34317,1.34297,1.34297,518
1784587500,1.34297,1.34312,1.34295,1.34307,477
1784588400,1.34331,1.34352,1.34299,1.34329,49
1784589300,1.34321,1.34351,1.34231,1.34235,265
1784590200,1.34236,1.34271,1.34230,1.34252,482
1784591100,1.34253,1.34259,1.34233,1.34244,517
1784592000,1.34245,1.34253,1.34224,1.34242,569
1784592900,1.34243,1.34247,1.34228,1.34241,283
1784593800,1.34241,1.34246,1.34239,1.34242,165
1784594700,1.34242,1.34268,1.34241,1.34265,419
1784595600,1.34265,1.34286,1.34261,1.34279,455
1784596500,1.34279,1.34285,1.34276,1.34279,458
1784597400,1.34279,1.34293,1.34279,1.34281,387
1784598300,1.34281,1.34318,1.34279,1.34314,965
1784599200,1.34313,1.34335,1.34301,1.34310,3429
1784600100,1.34310,1.34313,1.34280,1.34285,2144
1784601000,1.34285,1.34321,1.34271,1.34319,2337
1784601900,1.34319,1.34352,1.34312,1.34314,2645
1784602800,1.34314,1.34345,1.34300,1.34327,2522
1784603700,1.34327,1.34369,1.34323,1.34346,3652
1784604600,1.34345,1.34368,1.34326,1.34362,2737
1784605500,1.34362,1.34371,1.34346,1.34350,2671
1784606400,1.34351,1.34384,1.34348,1.34364,2974
1784607300,1.34363,1.34383,1.34343,1.34343,1785
1784608200,1.34343,1.34373,1.34342,1.34349,2137
1784609100,1.34349,1.34349,1.34306,1.34313,2016
1784610000,1.34313,1.34327,1.34294,1.34313,1960
1784610900,1.34313,1.34347,1.34307,1.34345,2037
1784611800,1.34345,1.34368,1.34342,1.34365,1380
1784612700,1.34365,1.34397,1.34365,1.34366,1556
1784613600,1.34366,1.34385,1.34359,1.34372,1583
1784614500,1.34371,1.34382,1.34368,1.34370,1827
1784615400,1.34369,1.34399,1.34365,1.34396,1480
1784616300,1.34396,1.34408,1.34392,1.34403,1779
1784617200,1.34403,1.34432,1.34392,1.34392,2231
1784618100,1.34393,1.34409,1.34388,1.34406,1872
1784619000,1.34406,1.34466,1.34403,1.34462,2260
1784619900,1.34462,1.34463,1.34425,1.34427,2118
1784620800,1.34426,1.34501,1.34419,1.34483,1922
1784621700,1.34484,1.34508,1.34461,1.34475,2429
1784622600,1.34475,1.34515,1.34461,1.34513,2433
1784623500,1.34513,1.34530,1.34471,1.34479,2819
1784624400,1.34480,1.34557,1.34469,1.34488,2845
1784625300,1.34489,1.34495,1.34440,1.34442,2411
1784626200,1.34441,1.34445,1.34365,1.34376,2308
1784627100,1.34376,1.34414,1.34373,1.34407,2090
1784628000,1.34407,1.34464,1.34396,1.34457,2322
1784628900,1.34454,1.34484,1.34369,1.34370,2575
1784629800,1.34370,1.34370,1.34271,1.34331,1985
1784630700,1.34331,1.34340,1.34290,1.34291,1226
1784631600,1.34291,1.34299,1.34251,1.34277,1451
1784632500,1.34277,1.34302,1.34249,1.34249,1472
1784633400,1.34249,1.34336,1.34249,1.34282,1452
1784634300,1.34282,1.34314,1.34267,1.34272,1740
1784635200,1.34272,1.34340,1.34247,1.34312,2154
1784636100,1.34312,1.34315,1.34261,1.34280,1849
1784637000,1.34280,1.34301,1.34200,1.34214,1482
1784637900,1.34214,1.34220,1.34141,1.34169,1819
1784638800,1.34169,1.34209,1.34078,1.34099,2049
1784639700,1.34099,1.34115,1.34069,1.34091,1454
1784640600,1.34091,1.34146,1.34074,1.34112,1550
1784641500,1.34112,1.34125,1.34018,1.34053,1674
1784642400,1.34054,1.34071,1.33967,1.33981,2490
1784643300,1.33980,1.33991,1.33836,1.33848,2696
1784644200,1.33848,1.33922,1.33840,1.33877,2883
1784645100,1.33876,1.33925,1.33821,1.33889,3363
1784646000,1.33888,1.33925,1.33825,1.33923,2738
1784646900,1.33923,1.33951,1.33775,1.33792,2969
1784647800,1.33793,1.33803,1.33595,1.33642,4469
1784648700,1.33642,1.33853,1.33638,1.33815,4287
1784649600,1.33815,1.33993,1.33798,1.33990,3620
1784650500,1.33991,1.33991,1.33855,1.33870,3174
1784651400,1.33869,1.33902,1.33759,1.33805,2817
1784652300,1.33805,1.33810,1.33660,1.33713,3697
1784653200,1.33713,1.33755,1.33681,1.33742,2862
1784654100,1.33742,1.33818,1.33739,1.33775,2371
1784655000,1.33771,1.33800,1.33742,1.33757,2485
1784655900,1.33757,1.33768,1.33711,1.33730,2341
1784656800,1.33731,1.33746,1.33692,1.33707,2002
1784657700,1.33707,1.33743,1.33697,1.33727,1698
1784658600,1.33728,1.33834,1.33719,1.33827,1440
1784659500,1.33827,1.33842,1.33804,1.33826,1552
1784660400,1.33826,1.33852,1.33803,1.33830,1705
1784661300,1.33830,1.33865,1.33822,1.33864,1149
1784662200,1.33864,1.33871,1.33844,1.33862,965
1784663100,1.33861,1.33875,1.33846,1.33848,1378
1784664000,1.33848,1.33849,1.33760,1.33772,1941
1784664900,1.33771,1.33814,1.33749,1.33800,1556
1784665800,1.33800,1.33809,1.33750,1.33787,1468
1784666700,1.33787,1.33813,1.33777,1.33812,1270
1784667600,1.33812,1.33829,1.33792,1.33809,1846
1784668500,1.33809,1.33844,1.33809,1.33836,1608
1784669400,1.33836,1.33839,1.33802,1.33809,1507
1784670300,1.33810,1.33848,1.33796,1.33804,1943
1784671200,1.33804,1.33808,1.33784,1.33786,1347
1784672100,1.33786,1.33796,1.33766,1.33789,547
1784673000,1.33789,1.33793,1.33778,1.33779,545
1784673900,1.33779,1.33786,1.33739,1.33747,588
1784674800,1.33748,1.33821,1.33745,1.33769,93
1784675700,1.33769,1.33781,1.33721,1.33777,220
1784676600,1.33777,1.33803,1.33751,1.33791,1864
1784677500,1.33791,1.33804,1.33762,1.33780,3542
1784678400,1.33763,1.33775,1.33757,1.33758,546
1784679300,1.33758,1.33777,1.33754,1.33771,321
1784680200,1.33771,1.33774,1.33763,1.33767,279
1784681100,1.33767,1.33768,1.33742,1.33742,224
1784682000,1.33742,1.33752,1.33737,1.33748,327
1784682900,1.33748,1.33752,1.33738,1.33742,369
1784683800,1.33743,1.33759,1.33743,1.33756,485
1784684700,1.33756,1.33789,1.33751,1.33788,857
1784685600,1.33788,1.33824,1.33778,1.33823,2468
1784686500,1.33823,1.33868,1.33816,1.33867,2447
1784687400,1.33868,1.33872,1.33810,1.33819,2144
1784688300,1.33819,1.33861,1.33810,1.33851,2420
1784689200,1.33851,1.33881,1.33847,1.33870,2551
1784690100,1.33871,1.33875,1.33829,1.33841,2703
1784691000,1.33840,1.33841,1.33796,1.33822,2295
1784691900,1.33822,1.33844,1.33821,1.33834,2027
1784692800,1.33834,1.33850,1.33807,1.33840,2060
1784693700,1.33840,1.33900,1.33834,1.33879,2107
1784694600,1.33880,1.33887,1.33853,1.33863,2328
1784695500,1.33863,1.33874,1.33847,1.33853,2068
1784696400,1.33853,1.33867,1.33816,1.33829,2209
1784697300,1.33829,1.33872,1.33828,1.33871,1661
1784698200,1.33871,1.33873,1.33835,1.33838,1974
1784699100,1.33838,1.33850,1.33823,1.33830,1780
1784700000,1.33830,1.33833,1.33807,1.33819,1982
1784700900,1.33819,1.33832,1.33810,1.33828,1650
1784701800,1.33827,1.33853,1.33824,1.33850,1374
1784702700,1.33850,1.33850,1.33826,1.33839,1168
1784703600,1.33840,1.33860,1.33836,1.33846,1921
1784704500,1.33846,1.33867,1.33834,1.33835,1650
1784705400,1.33835,1.33838,1.33809,1.33817,2354
1784706300,1.33817,1.33840,1.33794,1.33803,2491
1784707200,1.33802,1.33911,1.33775,1.33840,2523
1784708100,1.33840,1.33842,1.33703,1.33710,3026
1784709000,1.33710,1.33755,1.33694,1.33747,1929
1784709900,1.33746,1.33798,1.33730,1.33797,2309
1784710800,1.33802,1.33857,1.33764,1.33847,3424
1784711700,1.33846,1.33908,1.33822,1.33869,3040
1784712600,1.33869,1.33954,1.33767,1.33795,3807
1784713500,1.33795,1.33848,1.33756,1.33823,2502
1784714400,1.33824,1.33837,1.33744,1.33747,2757
1784715300,1.33747,1.33803,1.33733,1.33776,2335
1784716200,1.33776,1.33840,1.33772,1.33808,2977
1784717100,1.33808,1.33810,1.33715,1.33737,2326
1784718000,1.33732,1.33750,1.33682,1.33690,2312
1784718900,1.33690,1.33722,1.33673,1.33701,2110
1784719800,1.33701,1.33742,1.33688,1.33709,2115
1784720700,1.33709,1.33722,1.33666,1.33695,2458
1784721600,1.33694,1.33725,1.33664,1.33710,2667
1784722500,1.33710,1.33747,1.33689,1.33691,2407
1784723400,1.33689,1.33700,1.33658,1.33673,2082
1784724300,1.33674,1.33731,1.33662,1.33686,2130
1784725200,1.33686,1.33729,1.33684,1.33690,2721
1784726100,1.33691,1.33706,1.33636,1.33660,2477
1784727000,1.33659,1.33696,1.33636,1.33676,2871
1784727900,1.33676,1.33703,1.33654,1.33673,2778
1784728800,1.33675,1.33705,1.33656,1.33705,2542
1784729700,1.33704,1.33706,1.33657,1.33684,2124
1784730600,1.33684,1.33727,1.33657,1.33677,2170
1784731500,1.33677,1.33680,1.33546,1.33591,2892
1784732400,1.33591,1.33677,1.33590,1.33656,2449
1784733300,1.33655,1.33799,1.33642,1.33767,2355
1784734200,1.33767,1.33897,1.33767,1.33866,3675
1784735100,1.33866,1.33884,1.33814,1.33867,3357
1784736000,1.33867,1.33907,1.33823,1.33888,3340
1784736900,1.33887,1.33908,1.33802,1.33823,3142
1784737800,1.33823,1.33845,1.33782,1.33792,2980
1784738700,1.33792,1.33811,1.33721,1.33741,3165
1784739600,1.33741,1.33793,1.33725,1.33763,2304
1784740500,1.33763,1.33793,1.33723,1.33783,1925
1784741400,1.33783,1.33788,1.33713,1.33755,3128
1784742300,1.33755,1.33806,1.33735,1.33763,2433
1784743200,1.33762,1.33764,1.33679,1.33687,2265
1784744100,1.33687,1.33711,1.33655,1.33710,2090
1784745000,1.33709,1.33732,1.33675,1.33705,1704
1784745900,1.33705,1.33741,1.33687,1.33731,1741
1784746800,1.33730,1.33743,1.33708,1.33710,1622
1784747700,1.33710,1.33738,1.33706,1.33730,1680
1784748600,1.33729,1.33729,1.33687,1.33709,1180
1784749500,1.33709,1.33734,1.33698,1.33715,1248
1784750400,1.33715,1.33728,1.33689,1.33697,1419
1784751300,1.33697,1.33730,1.33696,1.33727,1368
1784752200,1.33728,1.33731,1.33707,1.33726,1314
1784753100,1.33726,1.33757,1.33726,1.33739,1250
1784754000,1.33739,1.33748,1.33713,1.33714,1055
1784754900,1.33714,1.33732,1.33708,1.33725,873
1784755800,1.33725,1.33731,1.33713,1.33727,983
1784756700,1.33727,1.33740,1.33707,1.33736,1476
1784757600,1.33736,1.33772,1.33731,1.33763,1427
1784758500,1.33763,1.33767,1.33756,1.33761,574
1784759400,1.33761,1.33763,1.33742,1.33758,718
1784760300,1.33758,1.33762,1.33747,1.33754,687
1784761200,1.33781,1.33790,1.33756,1.33783,48
1784762100,1.33783,1.33811,1.33752,1.33760,642
1784763000,1.33759,1.33765,1.33726,1.33729,562
1784763900,1.33727,1.33761,1.33723,1.33747,1266
1784764800,1.33730,1.33731,1.33691,1.33692,242
1784765700,1.33692,1.33703,1.33685,1.33694,314
1784766600,1.33694,1.33701,1.33674,1.33683,374
1784767500,1.33683,1.33705,1.33681,1.33704,517
1784768400,1.33704,1.33728,1.33704,1.33726,643
1784769300,1.33726,1.33735,1.33723,1.33726,520
1784770200,1.33726,1.33746,1.33724,1.33737,554
1784771100,1.33736,1.33759,1.33731,1.33750,941
1784772000,1.33751,1.33777,1.33735,1.33742,2869
1784772900,1.33742,1.33770,1.33732,1.33748,2075
1784773800,1.33746,1.33772,1.33745,1.33769,1688
1784774700,1.33765,1.33818,1.33740,1.33812,2120
1784775600,1.33812,1.33840,1.33810,1.33814,3256
1784776500,1.33814,1.33821,1.33800,1.33806,2386
1784777400,1.33806,1.33863,1.33803,1.33829,3786
1784778300,1.33829,1.33833,1.33803,1.33816,3245
1784779200,1.33816,1.33856,1.33814,1.33843,2242
1784780100,1.33843,1.33858,1.33832,1.33839,2257
1784781000,1.33839,1.33881,1.33837,1.33877,2660
1784781900,1.33876,1.33903,1.33871,1.33896,1847
1784782800,1.33895,1.33915,1.33843,1.33843,1813
1784783700,1.33844,1.33903,1.33834,1.33899,2181
1784784600,1.33899,1.33908,1.33890,1.33905,1741
1784785500,1.33905,1.33913,1.33883,1.33887,2218
1784786400,1.33887,1.33934,1.33880,1.33924,2407
1784787300,1.33923,1.33925,1.33870,1.33903,2020
1784788200,1.33903,1.33912,1.33879,1.33881,1790
1784789100,1.33881,1.33894,1.33846,1.33870,2003
1784790000,1.33869,1.33882,1.33854,1.33856,2227
1784790900,1.33855,1.33856,1.33822,1.33853,2103
1784791800,1.33852,1.33875,1.33849,1.33866,1875
1784792700,1.33866,1.33881,1.33858,1.33859,1578
1784793600,1.33859,1.33911,1.33851,1.33894,2711
1784794500,1.33894,1.33904,1.33859,1.33875,3145
1784795400,1.33875,1.33875,1.33754,1.33800,2083
1784796300,1.33800,1.33814,1.33756,1.33771,2254
1784797200,1.33772,1.33777,1.33717,1.33763,3584
1784798100,1.33763,1.33802,1.33743,1.33765,2154
1784799000,1.33765,1.33792,1.33711,1.33725,2212
1784799900,1.33725,1.33736,1.33669,1.33736,3217
1784800800,1.33737,1.33766,1.33707,1.33724,2383
1784801700,1.33725,1.33727,1.33653,1.33667,2403
1784802600,1.33665,1.33682,1.33609,1.33639,2704
1784803500,1.33639,1.33703,1.33637,1.33686,2205
1784804400,1.33686,1.33744,1.33673,1.33674,2125
1784805300,1.33674,1.33715,1.33667,1.33675,1962
1784806200,1.33676,1.33776,1.33661,1.33762,2286
1784807100,1.33762,1.33767,1.33707,1.33725,2426
1784808000,1.33723,1.33735,1.33675,1.33706,3254
1784808900,1.33706,1.33716,1.33667,1.33687,2356
1784809800,1.33687,1.33713,1.33648,1.33658,2809
1784810700,1.33658,1.33713,1.33611,1.33677,3054
1784811600,1.33676,1.33690,1.33636,1.33671,2515
1784812500,1.33671,1.33675,1.33560,1.33589,2797
1784813400,1.33589,1.33590,1.33401,1.33461,4236
1784814300,1.33461,1.33567,1.33461,1.33556,3519
1784815200,1.33555,1.33561,1.33487,1.33536,2643
1784816100,1.33539,1.33544,1.33401,1.33466,3421
1784817000,1.33462,1.33473,1.33368,1.33395,2934
1784817900,1.33395,1.33437,1.33349,1.33425,4131
1784818800,1.33425,1.33429,1.33269,1.33282,4510
1784819700,1.33282,1.33364,1.33276,1.33357,4279
1784820600,1.33357,1.33449,1.33344,1.33365,5377
1784821500,1.33364,1.33400,1.33271,1.33284,4366
1784822400,1.33284,1.33315,1.33216,1.33283,5018
1784823300,1.33283,1.33298,1.33202,1.33266,4647
1784824200,1.33266,1.33297,1.33182,1.33182,3677
1784825100,1.33181,1.33208,1.33125,1.33199,4242
1784826000,1.33199,1.33244,1.33149,1.33186,4341
1784826900,1.33185,1.33204,1.33066,1.33075,4704
1784827800,1.33075,1.33135,1.32989,1.33087,4411
1784828700,1.33087,1.33119,1.33059,1.33105,3450
1784829600,1.33105,1.33206,1.33101,1.33195,2828
1784830500,1.33195,1.33208,1.33131,1.33202,3097
1784831400,1.33203,1.33240,1.33161,1.33235,2470
1784832300,1.33235,1.33257,1.33231,1.33237,2237
1784833200,1.33237,1.33248,1.33195,1.33197,1975
1784834100,1.33197,1.33229,1.33195,1.33200,1823
1784835000,1.33198,1.33204,1.33163,1.33166,2675
1784835900,1.33167,1.33192,1.33133,1.33136,2324
1784836800,1.33136,1.33184,1.33132,1.33158,1715
1784837700,1.33158,1.33175,1.33134,1.33169,2511
1784838600,1.33169,1.33186,1.33138,1.33146,2244
1784839500,1.33145,1.33169,1.33137,1.33165,1508
1784840400,1.33165,1.33193,1.33125,1.33126,963
1784841300,1.33125,1.33164,1.33116,1.33164,1626
1784842200,1.33164,1.33197,1.33147,1.33147,1594
1784843100,1.33148,1.33185,1.33142,1.33172,1890
1784844000,1.33171,1.33194,1.33168,1.33172,814
1784844900,1.33170,1.33171,1.33152,1.33167,616
1784845800,1.33167,1.33176,1.33152,1.33158,394
1784846700,1.33158,1.33164,1.33143,1.33144,566
1784847600,1.33172,1.33215,1.33078,1.33152,145
1784848500,1.33152,1.33201,1.33150,1.33170,173
1784849400,1.33170,1.33188,1.33126,1.33138,636
1784850300,1.33140,1.33169,1.33126,1.33159,1101
1784851200,1.33154,1.33159,1.33142,1.33144,256
1784852100,1.33144,1.33155,1.33133,1.33137,159
1784853000,1.33137,1.33147,1.33133,1.33146,368
1784853900,1.33146,1.33161,1.33145,1.33159,219
1784854800,1.33159,1.33162,1.33139,1.33140,414
1784855700,1.33140,1.33156,1.33140,1.33154,430
1784856600,1.33154,1.33162,1.33122,1.33134,550
1784857500,1.33134,1.33154,1.33113,1.33123,1567
1784858400,1.33124,1.33174,1.33111,1.33155,3539
1784859300,1.33154,1.33178,1.33147,1.33167,3193
1784860200,1.33167,1.33173,1.33144,1.33147,2363
1784861100,1.33147,1.33245,1.33140,1.33245,2522
1784862000,1.33245,1.33268,1.33224,1.33235,2853
1784862900,1.33235,1.33246,1.33201,1.33203,2309
1784863800,1.33202,1.33258,1.33195,1.33256,2655
1784864700,1.33255,1.33256,1.33204,1.33209,1973
1784865600,1.33209,1.33218,1.33181,1.33205,2329
1784866500,1.33205,1.33210,1.33182,1.33195,2089
1784867400,1.33195,1.33226,1.33185,1.33186,1974
1784868300,1.33184,1.33187,1.33141,1.33143,2006
1784869200,1.33142,1.33147,1.33111,1.33122,1619
1784870100,1.33122,1.33132,1.33111,1.33116,1899
1784871000,1.33116,1.33151,1.33113,1.33144,1819
1784871900,1.33144,1.33152,1.33132,1.33144,1310
1784872800,1.33144,1.33150,1.33133,1.33143,1524
1784873700,1.33143,1.33151,1.33122,1.33123,1450
1784874600,1.33123,1.33129,1.33090,1.33090,1084
1784875500,1.33090,1.33106,1.33065,1.33105,1432
1784876400,1.33105,1.33132,1.33095,1.33120,1745
1784877300,1.33121,1.33150,1.33114,1.33142,1517
1784878200,1.33142,1.33166,1.33142,1.33145,1802
1784879100,1.33146,1.33156,1.33085,1.33085,1606
1784880000,1.33083,1.33133,1.33083,1.33123,1844
1784880900,1.33123,1.33231,1.33120,1.33208,2229
1784881800,1.33208,1.33247,1.33187,1.33207,1992
1784882700,1.33209,1.33259,1.33190,1.33259,2592
1784883600,1.33260,1.33386,1.33227,1.33375,2555
1784884500,1.33383,1.33416,1.33312,1.33400,2013
1784885400,1.33400,1.33444,1.33312,1.33324,2570
1784886300,1.33324,1.33378,1.33301,1.33356,2018
1784887200,1.33359,1.33371,1.33304,1.33361,2385
1784888100,1.33361,1.33361,1.33274,1.33324,2260
1784889000,1.33321,1.33353,1.33261,1.33276,2080
1784889900,1.33276,1.33279,1.33201,1.33213,2469
1784890800,1.33213,1.33222,1.33150,1.33153,1986
1784891700,1.33153,1.33193,1.33129,1.33188,1900
1784892600,1.33188,1.33222,1.33172,1.33190,1715
1784893500,1.33190,1.33203,1.33139,1.33192,1914
1784894400,1.33192,1.33197,1.33133,1.33162,2483
1784895300,1.33163,1.33288,1.33158,1.33254,2453
1784896200,1.33254,1.33286,1.33241,1.33247,1723
1784897100,1.33247,1.33265,1.33192,1.33221,2282
1784898000,1.33221,1.33280,1.33201,1.33279,2365
1784898900,1.33279,1.33280,1.33241,1.33248,1592
1784899800,1.33248,1.33254,1.33200,1.33218,2192
1784900700,1.33218,1.33251,1.33142,1.33231,3195
1784901600,1.33231,1.33257,1.33177,1.33244,2665
1784902500,1.33244,1.33245,1.33141,1.33161,2283
1784903400,1.33161,1.33172,1.33071,1.33089,2483
1784904300,1.33090,1.33132,1.33058,1.33101,2371
1784905200,1.33100,1.33144,1.33059,1.33121,2499
1784906100,1.33121,1.33184,1.33109,1.33184,2530
1784907000,1.33184,1.33204,1.33134,1.33191,3731
1784907900,1.33190,1.33269,1.33167,1.33256,2970
1784908800,1.33256,1.33296,1.33198,1.33252,3529
1784909700,1.33252,1.33315,1.33210,1.33260,3228
1784910600,1.33260,1.33290,1.33240,1.33251,2421
1784911500,1.33251,1.33346,1.33239,1.33266,3569
1784912400,1.33266,1.33456,1.33243,1.33432,4374
1784913300,1.33432,1.33491,1.33390,1.33428,3741
1784914200,1.33429,1.33451,1.33380,1.33400,2766
1784915100,1.33400,1.33441,1.33392,1.33418,2055
1784916000,1.33418,1.33447,1.33398,1.33438,1630
1784916900,1.33439,1.33454,1.33401,1.33403,1531
1784917800,1.33403,1.33412,1.33359,1.33360,1751
1784918700,1.33360,1.33361,1.33313,1.33326,1555
1784919600,1.33326,1.33328,1.33238,1.33256,2142
1784920500,1.33255,1.33262,1.33219,1.33262,1540
1784921400,1.33262,1.33274,1.33217,1.33236,1187
1784922300,1.33237,1.33262,1.33218,1.33252,1042
1784923200,1.33252,1.33285,1.33247,1.33282,1401
1784924100,1.33282,1.33294,1.33258,1.33261,1357
1784925000,1.33261,1.33273,1.33241,1.33252,1847
1784925900,1.33252,1.33284,1.33252,1.33255,1071
1784926800,1.33258,1.33275,1.33250,1.33255,1312
1784927700,1.33255,1.33262,1.33222,1.33233,1066
1784928600,1.33233,1.33267,1.33230,1.33242,1511
1784929500,1.33242,1.33245,1.33215,1.33215,932
1784930400,1.33215,1.33225,1.33206,1.33209,605
1784931300,1.33208,1.33212,1.33195,1.33196,256
1784932200,1.33196,1.33197,1.33168,1.33183,394
1784933100,1.33183,1.33252,1.33180,1.33243,1783
1785106800,1.33478,1.33478,1.33335,1.33366,31
1785107700,1.33362,1.33393,1.33352,1.33382,114
1785108600,1.33390,1.33394,1.33329,1.33370,338
1785109500,1.33366,1.33431,1.33363,1.33414,349
1785110400,1.33464,1.33566,1.33460,1.33471,901
1785111300,1.33470,1.33492,1.33440,1.33471,910
1785112200,1.33471,1.33474,1.33440,1.33456,468
1785113100,1.33456,1.33460,1.33419,1.33431,383
1785114000,1.33431,1.33458,1.33424,1.33444,717
1785114900,1.33444,1.33453,1.33429,1.33444,524
1785115800,1.33444,1.33492,1.33443,1.33483,646
1785116700,1.33483,1.33519,1.33470,1.33508,1813
1785117600,1.33508,1.33586,1.33496,1.33581,4336
1785118500,1.33581,1.33618,1.33548,1.33607,3769
1785119400,1.33608,1.33631,1.33568,1.33577,3455
1785120300,1.33577,1.33584,1.33504,1.33511,2766
1785121200,1.33511,1.33566,1.33510,1.33543,3619
1785122100,1.33543,1.33569,1.33533,1.33542,3354
1785123000,1.33543,1.33577,1.33520,1.33555,3410
1785123900,1.33554,1.33634,1.33554,1.33634,2843
1785124800,1.33635,1.33637,1.33594,1.33595,2570
1785125700,1.33595,1.33605,1.33564,1.33596,1962
1785126600,1.33597,1.33600,1.33561,1.33571,1919
1785127500,1.33571,1.33577,1.33548,1.33550,1687
1785128400,1.33550,1.33567,1.33528,1.33533,2974
1785129300,1.33533,1.33550,1.33525,1.33528,1549
1785130200,1.33529,1.33529,1.33500,1.33517,2416
1785131100,1.33517,1.33530,1.33509,1.33527,1632
1785132000,1.33528,1.33548,1.33524,1.33540,1773
1785132900,1.33540,1.33549,1.33500,1.33508,1754
1785133800,1.33508,1.33543,1.33507,1.33523,1927
1785134700,1.33523,1.33530,1.33507,1.33509,1589
1785135600,1.33510,1.33560,1.33499,1.33558,1165
1785136500,1.33559,1.33559,1.33523,1.33541,1997
1785137400,1.33541,1.33551,1.33520,1.33528,2218
1785138300,1.33529,1.33560,1.33520,1.33528,1627
1785139200,1.33527,1.33588,1.33516,1.33560,2625
1785140100,1.33560,1.33588,1.33517,1.33582,2527
1785141000,1.33582,1.33612,1.33545,1.33582,2474
1785141900,1.33582,1.33594,1.33480,1.33496,2289
1785142800,1.33496,1.33525,1.33408,1.33481,3390
1785143700,1.33481,1.33497,1.33412,1.33473,3153
1785144600,1.33474,1.33475,1.33401,1.33422,3274
1785145500,1.33422,1.33429,1.33343,1.33348,3354
1785146400,1.33343,1.33382,1.33322,1.33331,2936
1785147300,1.33331,1.33349,1.33308,1.33338,2105
1785148200,1.33338,1.33393,1.33319,1.33359,1834
1785149100,1.33359,1.33402,1.33344,1.33378,1752
1785150000,1.33378,1.33410,1.33318,1.33330,2139
1785150900,1.33330,1.33342,1.33307,1.33313,2247
1785151800,1.33312,1.33352,1.33300,1.33339,2092
1785152700,1.33340,1.33347,1.33300,1.33309,1969
1785153600,1.33309,1.33365,1.33276,1.33301,2880
1785154500,1.33301,1.33336,1.33286,1.33287,2238
1785155400,1.33288,1.33329,1.33276,1.33309,2174
1785156300,1.33308,1.33309,1.33167,1.33188,2734
1785157200,1.33188,1.33214,1.33103,1.33132,2586
1785158100,1.33132,1.33193,1.33125,1.33141,1770
1785159000,1.33141,1.33202,1.33097,1.33160,2779
1785159900,1.33160,1.33169,1.33118,1.33140,2158
1785160800,1.33141,1.33180,1.33083,1.33090,2742
1785161700,1.33090,1.33150,1.33076,1.33131,1883
1785162600,1.33131,1.33140,1.33045,1.33098,2075
1785163500,1.33098,1.33174,1.33088,1.33137,2854
1785164400,1.33137,1.33169,1.33089,1.33152,3122
1785165300,1.33153,1.33154,1.33116,1.33139,2660
1785166200,1.33142,1.33212,1.33141,1.33167,3748
1785167100,1.33167,1.33187,1.33084,1.33107,3942
1785168000,1.33107,1.33173,1.33059,1.33169,4088
1785168900,1.33169,1.33171,1.33059,1.33060,3524
1785169800,1.33061,1.33111,1.33049,1.33051,3914
1785170700,1.33051,1.33090,1.32993,1.33026,3245
1785171600,1.33027,1.33056,1.32994,1.33032,3603
1785172500,1.33032,1.33071,1.33025,1.33057,3241
1785173400,1.33057,1.33059,1.33017,1.33040,2733
1785174300,1.33040,1.33066,1.33005,1.33019,2389
1785175200,1.33019,1.33043,1.32997,1.33015,2641
1785176100,1.33015,1.33141,1.33008,1.33105,3180
1785177000,1.33105,1.33116,1.33067,1.33069,2588
1785177900,1.33069,1.33070,1.33016,1.33033,2537
1785178800,1.33033,1.33035,1.32859,1.32918,3281
1785179700,1.32918,1.32920,1.32848,1.32856,1833
1785180600,1.32856,1.32899,1.32844,1.32859,2054
1785181500,1.32859,1.32918,1.32855,1.32912,1445
1785182400,1.32913,1.32924,1.32900,1.32916,1616
1785183300,1.32918,1.32918,1.32881,1.32897,1834
1785184200,1.32898,1.32939,1.32880,1.32898,2183
1785185100,1.32898,1.32921,1.32869,1.32882,2154
1785186000,1.32882,1.32913,1.32882,1.32892,1253
1785186900,1.32892,1.32930,1.32892,1.32929,979
1785187800,1.32929,1.32966,1.32925,1.32950,1209
1785188700,1.32950,1.32959,1.32918,1.32919,1308
1785189600,1.32919,1.32929,1.32900,1.32918,795
1785190500,1.32918,1.32920,1.32898,1.32900,347
1785191400,1.32900,1.32900,1.32865,1.32870,733
1785192300,1.32870,1.32889,1.32861,1.32884,447
1785193200,1.32989,1.32991,1.32836,1.32951,273
1785194100,1.32952,1.33012,1.32927,1.32952,375
1785195000,1.32998,1.32998,1.32914,1.32955,2294
1785195900,1.32956,1.32959,1.32916,1.32924,1336
1785196800,1.32902,1.32917,1.32877,1.32897,581
1785197700,1.32896,1.32902,1.32891,1.32893,289
1785198600,1.32892,1.32902,1.32889,1.32890,266
1785199500,1.32890,1.32893,1.32879,1.32889,186
1785200400,1.32889,1.32898,1.32870,1.32890,524
1785201300,1.32890,1.32901,1.32888,1.32901,252
1785202200,1.32900,1.32903,1.32892,1.32901,373
1785203100,1.32901,1.32905,1.32872,1.32900,810
1785204000,1.32900,1.32907,1.32860,1.32878,3193
1785204900,1.32878,1.32931,1.32874,1.32923,2784
1785205800,1.32923,1.32938,1.32908,1.32915,1694
1785206700,1.32915,1.32933,1.32885,1.32931,2155
1785207600,1.32931,1.32983,1.32926,1.32930,2153
1785208500,1.32930,1.32952,1.32915,1.32948,2367
1785209400,1.32948,1.32957,1.32919,1.32930,2253
1785210300,1.32929,1.32936,1.32898,1.32923,1882
1785211200,1.32923,1.32961,1.32910,1.32949,1662
1785212100,1.32949,1.32962,1.32928,1.32931,1257
1785213000,1.32931,1.32948,1.32924,1.32946,1421
1785213900,1.32946,1.33010,1.32934,1.32983,2420
1785214800,1.32982,1.32996,1.32952,1.32974,1786
1785215700,1.32974,1.33014,1.32970,1.33009,1660
1785216600,1.33009,1.33044,1.33000,1.33010,2305
1785217500,1.33010,1.33010,1.32972,1.32981,1758
1785218400,1.32981,1.32981,1.32928,1.32933,2383
1785219300,1.32933,1.32961,1.32928,1.32947,2055
1785220200,1.32947,1.32950,1.32932,1.32947,1321
1785221100,1.32946,1.32962,1.32925,1.32941,1196
1785222000,1.32941,1.32951,1.32872,1.32878,2172
1785222900,1.32877,1.32906,1.32865,1.32906,2281
1785223800,1.32906,1.32910,1.32857,1.32893,2626
1785224700,1.32894,1.32895,1.32859,1.32879,2070
1785225600,1.32877,1.32902,1.32860,1.32899,2368
1785226500,1.32899,1.32960,1.32896,1.32959,2518
1785227400,1.32960,1.32971,1.32919,1.32949,1897
1785228300,1.32949,1.33016,1.32924,1.32986,1841
1785229200,1.32986,1.33021,1.32937,1.33019,2058
1785230100,1.33019,1.33048,1.33013,1.33031,1814
1785231000,1.33030,1.33051,1.32972,1.32981,1501
1785231900,1.32981,1.32982,1.32917,1.32918,2074
1785232800,1.32918,1.33024,1.32918,1.32992,2312
1785233700,1.32991,1.33053,1.32990,1.33011,2049
1785234600,1.33016,1.33019,1.32965,1.33001,1993
1785235500,1.33002,1.33032,1.32988,1.33027,2065
1785236400,1.33027,1.33032,1.32928,1.32943,1896
1785237300,1.32943,1.32958,1.32921,1.32930,1624
1785238200,1.32929,1.32933,1.32880,1.32883,1922
1785239100,1.32884,1.32891,1.32799,1.32801,2070
1785240000,1.32799,1.32799,1.32737,1.32771,1813
1785240900,1.32771,1.32802,1.32735,1.32780,1378
1785241800,1.32779,1.32819,1.32767,1.32771,2777
1785242700,1.32772,1.32827,1.32748,1.32797,2116
1785243600,1.32797,1.32815,1.32746,1.32758,2252
1785244500,1.32758,1.32829,1.32756,1.32807,2781
1785245400,1.32807,1.32837,1.32799,1.32801,2073
1785246300,1.32801,1.32817,1.32746,1.32794,3147
1785247200,1.32794,1.32869,1.32791,1.32857,2677
1785248100,1.32857,1.32900,1.32845,1.32851,1925
1785249000,1.32851,1.32947,1.32835,1.32938,2118
1785249900,1.32938,1.32993,1.32937,1.32978,2004
1785250800,1.32978,1.33031,1.32956,1.32965,1726
1785251700,1.32968,1.33000,1.32945,1.32964,2591
1785252600,1.32964,1.32991,1.32942,1.32969,2674
1785253500,1.32970,1.33032,1.32955,1.33005,2987
1785254400,1.33010,1.33020,1.32949,1.32952,2754
1785255300,1.32952,1.32962,1.32918,1.32959,2875
1785256200,1.32958,1.32989,1.32920,1.32934,2783
1785257100,1.32934,1.32947,1.32857,1.32915,4161
1785258000,1.32915,1.33054,1.32886,1.33022,4425
1785258900,1.33022,1.33073,1.33007,1.33041,4152
1785259800,1.33042,1.33105,1.33026,1.33098,3100
1785260700,1.33098,1.33112,1.33051,1.33093,2693
1785261600,1.33093,1.33112,1.33062,1.33070,2968
1785262500,1.33070,1.33091,1.33050,1.33080,2351
1785263400,1.33080,1.33103,1.33046,1.33050,2366
1785264300,1.33048,1.33060,1.33008,1.33013,2023
1785265200,1.33013,1.33050,1.32984,1.33000,2528
1785266100,1.33000,1.33058,1.32988,1.32997,2337
1785267000,1.32997,1.33002,1.32955,1.32960,1501
1785267900,1.32960,1.32963,1.32909,1.32917,1880
1785268800,1.32917,1.32932,1.32888,1.32906,1728
1785269700,1.32906,1.32921,1.32866,1.32879,1616
1785270600,1.32879,1.32912,1.32878,1.32907,1402
1785271500,1.32907,1.32909,1.32879,1.32888,1490
1785272400,1.32888,1.32929,1.32883,1.32911,985
1785273300,1.32911,1.32950,1.32906,1.32908,1032
1785274200,1.32909,1.32925,1.32906,1.32919,1442
1785275100,1.32919,1.32953,1.32878,1.32879,1720
1785276000,1.32879,1.32910,1.32875,1.32910,1349
1785276900,1.32910,1.32917,1.32869,1.32883,544
1785277800,1.32883,1.32889,1.32868,1.32888,636
1785278700,1.32888,1.32910,1.32868,1.32895,734
1785279600,1.32915,1.32919,1.32865,1.32909,129
1785280500,1.32908,1.32957,1.32906,1.32920,612
1785281400,1.32920,1.32941,1.32912,1.32919,725
1785282300,1.32919,1.32935,1.32891,1.32891,797
1785283200,1.32884,1.32911,1.32881,1.32882,709
1785284100,1.32884,1.32890,1.32835,1.32848,568
1785285000,1.32848,1.32859,1.32833,1.32839,654
1785285900,1.32839,1.32850,1.32834,1.32849,635
1785286800,1.32849,1.32849,1.32808,1.32839,1217
1785287700,1.32839,1.32851,1.32829,1.32850,1046
1785288600,1.32850,1.32869,1.32836,1.32868,754
1785289500,1.32869,1.32872,1.32846,1.32871,1637
1785290400,1.32871,1.32880,1.32831,1.32851,2662
1785291300,1.32850,1.32930,1.32849,1.32913,2804
1785292200,1.32913,1.32924,1.32900,1.32920,2361
1785293100,1.32920,1.32945,1.32891,1.32925,2264
1785294000,1.32925,1.32940,1.32873,1.32879,2961
1785294900,1.32879,1.32928,1.32869,1.32888,2840
1785295800,1.32888,1.32888,1.32817,1.32828,4175
1785296700,1.32828,1.32892,1.32822,1.32886,2847
1785297600,1.32884,1.32939,1.32876,1.32923,2671
1785298500,1.32923,1.32981,1.32923,1.32949,2978
1785299400,1.32950,1.32979,1.32945,1.32963,2260
1785300300,1.32963,1.32964,1.32929,1.32942,1527
1785301200,1.32939,1.32968,1.32938,1.32952,1731
1785302100,1.32953,1.32987,1.32952,1.32974,1998
1785303000,1.32975,1.32984,1.32963,1.32977,1676
1785303900,1.32977,1.32993,1.32941,1.32952,2057
1785304800,1.32952,1.32991,1.32944,1.32984,2009
1785305700,1.32983,1.33000,1.32967,1.32973,1741
1785306600,1.32973,1.33015,1.32965,1.32998,2168
1785307500,1.32999,1.33009,1.32956,1.32977,2242
1785308400,1.32979,1.33013,1.32977,1.33010,2324
1785309300,1.33010,1.33012,1.32982,1.32982,2034
1785310200,1.32983,1.32998,1.32966,1.32994,1527
1785311100,1.32994,1.33019,1.32985,1.32990,1780
1785312000,1.32990,1.33035,1.32973,1.33024,2372
1785312900,1.33024,1.33043,1.32948,1.32964,2547
1785313800,1.32964,1.32994,1.32949,1.32992,2164
1785314700,1.32992,1.32993,1.32951,1.32973,2147
1785315600,1.32973,1.33012,1.32951,1.32969,2533
1785316500,1.32969,1.33033,1.32968,1.33023,1916
1785317400,1.33023,1.33073,1.33000,1.33032,1950
1785318300,1.33031,1.33032,1.32995,1.33022,1940
1785319200,1.33022,1.33050,1.32969,1.32969,2015
1785320100,1.32969,1.33043,1.32969,1.33021,1993
1785321000,1.33021,1.33063,1.32985,1.33061,1561
1785321900,1.33061,1.33092,1.33053,1.33059,1761
1785322800,1.33059,1.33060,1.33021,1.33048,2255
1785323700,1.33048,1.33053,1.33015,1.33039,1808
1785324600,1.33039,1.33039,1.32954,1.33020,2134
1785325500,1.33019,1.33022,1.32970,1.32970,1860
1785326400,1.32970,1.32972,1.32912,1.32922,2513
1785327300,1.32922,1.32941,1.32889,1.32907,1963
1785328200,1.32907,1.32941,1.32899,1.32941,2284
1785329100,1.32941,1.32942,1.32886,1.32910,1699
1785330000,1.32910,1.32951,1.32901,1.32949,1802
1785330900,1.32949,1.32973,1.32920,1.32972,1453
1785331800,1.32973,1.32979,1.32917,1.32936,1832
1785332700,1.32936,1.32957,1.32899,1.32928,2290
1785333600,1.32928,1.32941,1.32840,1.32858,2515
1785334500,1.32858,1.32860,1.32789,1.32838,3443
1785335400,1.32838,1.32880,1.32807,1.32866,2232
1785336300,1.32866,1.32878,1.32812,1.32840,1808
1785337200,1.32840,1.32858,1.32808,1.32836,2135
1785338100,1.32835,1.32891,1.32814,1.32881,2145
1785339000,1.32881,1.32924,1.32826,1.32888,3022
1785339900,1.32889,1.32943,1.32876,1.32942,2578
1785340800,1.32946,1.32967,1.32909,1.32920,2648
1785341700,1.32920,1.32991,1.32880,1.32980,2451
1785342600,1.32980,1.33044,1.32944,1.32986,2497
1785343500,1.32986,1.32990,1.32818,1.32870,4226
1785344400,1.32870,1.32931,1.32841,1.32897,3277
1785345300,1.32897,1.32930,1.32820,1.32849,3144
1785346200,1.32849,1.32902,1.32843,1.32879,3082
1785347100,1.32879,1.32893,1.32849,1.32865,2118
1785348000,1.32867,1.32879,1.32811,1.32814,2228
1785348900,1.32813,1.32860,1.32804,1.32850,2025
1785349800,1.32851,1.32853,1.32799,1.32829,1944
1785350700,1.32829,1.32893,1.32822,1.32889,1618
1785351600,1.32890,1.32957,1.32879,1.32953,2238
1785352500,1.32953,1.33002,1.32940,1.32981,2071
1785353400,1.32981,1.33055,1.32970,1.33042,2418
1785354300,1.33043,1.33068,1.32999,1.33022,1884
1785355200,1.33053,1.33459,1.32886,1.33383,8064
1785356100,1.33384,1.33404,1.33235,1.33312,4773
1785357000,1.33312,1.33478,1.33129,1.33468,7999
1785357900,1.33468,1.33662,1.33450,1.33653,7652
1785358800,1.33653,1.33707,1.33556,1.33703,6636
1785359700,1.33703,1.33874,1.33576,1.33593,6508
1785360600,1.33593,1.33618,1.33499,1.33574,6940
1785361500,1.33574,1.33597,1.33462,1.33464,5495
1785362400,1.33464,1.33512,1.33429,1.33469,3871
1785363300,1.33469,1.33500,1.33441,1.33464,1501
1785364200,1.33462,1.33629,1.33452,1.33624,1761
1785365100,1.33625,1.33690,1.33610,1.33683,2499
1785366000,1.33748,1.33748,1.33611,1.33637,90
1785366900,1.33636,1.33701,1.33593,1.33652,1477
1785367800,1.33650,1.33694,1.33605,1.33649,1431
1785368700,1.33648,1.33694,1.33607,1.33640,4349
1785369600,1.33658,1.33704,1.33656,1.33681,3040
1785370500,1.33681,1.33683,1.33670,1.33673,384
1785371400,1.33673,1.33691,1.33673,1.33685,555
1785372300,1.33683,1.33695,1.33675,1.33694,364
1785373200,1.33694,1.33756,1.33693,1.33697,1346
1785374100,1.33696,1.33698,1.33660,1.33663,904
1785375000,1.33665,1.33676,1.33649,1.33656,857
1785375900,1.33656,1.33693,1.33642,1.33670,1627
1785376800,1.33670,1.33685,1.33625,1.33662,3755
1785377700,1.33663,1.33673,1.33534,1.33547,4437
1785378600,1.33548,1.33573,1.33530,1.33544,2809
1785379500,1.33544,1.33561,1.33535,1.33553,3546
1785380400,1.33553,1.33593,1.33552,1.33575,3435
1785381300,1.33575,1.33576,1.33523,1.33544,2841
1785382200,1.33544,1.33587,1.33533,1.33544,2459
1785383100,1.33544,1.33572,1.33513,1.33524,1859
1785384000,1.33523,1.33563,1.33519,1.33524,2290
1785384900,1.33524,1.33527,1.33490,1.33495,1748
1785385800,1.33495,1.33518,1.33492,1.33505,1980
1785386700,1.33506,1.33526,1.33489,1.33489,1786
1785387600,1.33489,1.33504,1.33445,1.33455,2332
1785388500,1.33455,1.33460,1.33418,1.33447,2472
1785389400,1.33448,1.33481,1.33437,1.33473,2712
1785390300,1.33472,1.33481,1.33451,1.33454,2161
1785391200,1.33454,1.33479,1.33441,1.33474,1841
1785392100,1.33475,1.33484,1.33469,1.33482,1731
1785393000,1.33482,1.33494,1.33460,1.33461,1475
1785393900,1.33462,1.33475,1.33437,1.33443,1694
1785394800,1.33443,1.33486,1.33431,1.33472,2754
1785395700,1.33473,1.33565,1.33469,1.33555,1879
1785396600,1.33554,1.33559,1.33515,1.33546,2180
1785397500,1.33546,1.33571,1.33466,1.33492,2540
1785398400,1.33491,1.33522,1.33344,1.33363,3263
1785399300,1.33363,1.33397,1.33350,1.33362,2703
1785400200,1.33362,1.33405,1.33330,1.33377,2452
1785401100,1.33378,1.33455,1.33373,1.33421,2327
1785402000,1.33421,1.33510,1.33415,1.33454,4635
1785402900,1.33454,1.33499,1.33388,1.33393,2999
1785403800,1.33393,1.33440,1.33364,1.33415,3035
1785404700,1.33416,1.33440,1.33372,1.33382,2365
1785405600,1.33382,1.33512,1.33380,1.33493,3135
1785406500,1.33493,1.33574,1.33487,1.33569,3418
1785407400,1.33568,1.33616,1.33518,1.33590,3136
1785408300,1.33590,1.33622,1.33542,1.33560,2783
1785409200,1.33560,1.33715,1.33557,1.33713,2898
1785410100,1.33713,1.33763,1.33703,1.33733,2960
1785411000,1.33733,1.33804,1.33714,1.33794,2903
1785411900,1.33793,1.33842,1.33762,1.33808,3108
1785412800,1.33808,1.33886,1.33761,1.33873,4027
1785413700,1.33874,1.33960,1.33766,1.33822,4813
1785414600,1.33824,1.34022,1.33817,1.33986,3682
1785415500,1.33986,1.34071,1.33896,1.33907,3756
1785416400,1.33908,1.34020,1.33818,1.33827,4170
1785417300,1.33827,1.33846,1.33738,1.33766,3145
1785418200,1.33766,1.33803,1.33732,1.33736,2726
1785419100,1.33734,1.33881,1.33732,1.33880,2392
1785420000,1.33880,1.33950,1.33875,1.33925,3830
1785420900,1.33924,1.33948,1.33829,1.33886,3351
1785421800,1.33875,1.33956,1.33750,1.33874,5276
1785422700,1.33873,1.33875,1.33672,1.33713,6285
1785423600,1.33716,1.33801,1.33679,1.33706,6289
1785424500,1.33706,1.33763,1.33671,1.33721,4767
1785425400,1.33721,1.34175,1.33690,1.34146,10071
1785426300,1.34146,1.34283,1.34008,1.34281,9299
1785427200,1.34281,1.34481,1.34265,1.34446,9893
1785428100,1.34446,1.34471,1.34284,1.34311,9438
1785429000,1.34311,1.34368,1.34235,1.34316,6121
1785429900,1.34316,1.34343,1.34240,1.34249,5174
1785430800,1.34249,1.34342,1.34216,1.34313,5125
1785431700,1.34313,1.34435,1.34310,1.34429,4279
1785432600,1.34430,1.34579,1.34396,1.34571,3471
1785433500,1.34571,1.34631,1.34552,1.34591,2907
1785434400,1.34591,1.34667,1.34591,1.34646,4645
1785435300,1.34647,1.34702,1.34632,1.34668,2888
1785436200,1.34668,1.34706,1.34610,1.34610,3048
1785437100,1.34610,1.34648,1.34571,1.34647,2202
1785438000,1.34647,1.34670,1.34610,1.34612,2785
1785438900,1.34612,1.34621,1.34579,1.34583,2267
1785439800,1.34582,1.34704,1.34545,1.34704,5147
1785440700,1.34704,1.34734,1.34664,1.34721,3125
1785441600,1.34721,1.34741,1.34672,1.34729,2335
1785442500,1.34729,1.34729,1.34661,1.34696,2220
1785443400,1.34696,1.34727,1.34679,1.34702,1901
1785444300,1.34702,1.34761,1.34702,1.34761,1838
1785445200,1.34761,1.34768,1.34700,1.34703,2101
1785446100,1.34703,1.34756,1.34689,1.34720,1851
1785447000,1.34720,1.34728,1.34701,1.34719,1825
1785447900,1.34719,1.34734,1.34668,1.34701,2071
1785448800,1.34701,1.34730,1.34682,1.34708,1561
1785449700,1.34708,1.34711,1.34653,1.34655,932
1785450600,1.34657,1.34704,1.34648,1.34672,972
1785451500,1.34672,1.34679,1.34639,1.34643,867
1785452400,1.34683,1.34687,1.34627,1.34636,109
1785453300,1.34636,1.34654,1.34625,1.34649,186
1785454200,1.34649,1.34650,1.34622,1.34646,521
1785455100,1.34647,1.34653,1.34627,1.34638,267
1785456000,1.34649,1.34690,1.34649,1.34660,705
1785456900,1.34660,1.34675,1.34650,1.34664,443
1785457800,1.34660,1.34711,1.34654,1.34688,591
1785458700,1.34688,1.34689,1.34658,1.34672,424
1785459600,1.34672,1.34694,1.34625,1.34637,1006
1785460500,1.34636,1.34658,1.34616,1.34618,1014
1785461400,1.34618,1.34630,1.34592,1.34617,1289
1785462300,1.34617,1.34642,1.34605,1.34606,1387
1785463200,1.34609,1.34633,1.34573,1.34606,4071
1785464100,1.34606,1.34650,1.34581,1.34616,3007
1785465000,1.34616,1.34627,1.34539,1.34560,2610
1785465900,1.34559,1.34609,1.34531,1.34585,3201
1785466800,1.34585,1.34629,1.34561,1.34579,3683
1785467700,1.34579,1.34583,1.34543,1.34565,3004
1785468600,1.34566,1.34605,1.34515,1.34519,3346
1785469500,1.34519,1.34529,1.34482,1.34509,2739
1785470400,1.34509,1.34599,1.34502,1.34581,2961
1785471300,1.34579,1.34588,1.34540,1.34556,2955
1785472200,1.34555,1.34574,1.34518,1.34531,2264
1785473100,1.34531,1.34532,1.34496,1.34508,2580
1785474000,1.34508,1.34522,1.34458,1.34471,2680
1785474900,1.34472,1.34495,1.34452,1.34463,2512
1785475800,1.34463,1.34492,1.34458,1.34481,2512
1785476700,1.34481,1.34516,1.34479,1.34514,2496
1785477600,1.34513,1.34525,1.34490,1.34501,2650
1785478500,1.34502,1.34509,1.34481,1.34482,2452
1785479400,1.34481,1.34487,1.34439,1.34441,2891
1785480300,1.34441,1.34462,1.34421,1.34457,2127
1785481200,1.34458,1.34494,1.34448,1.34462,2979
1785482100,1.34462,1.34473,1.34430,1.34434,2443
1785483000,1.34434,1.34470,1.34422,1.34431,2916
1785483900,1.34430,1.34451,1.34404,1.34429,2503
1785484800,1.34430,1.34547,1.34429,1.34541,3128
1785485700,1.34540,1.34611,1.34510,1.34600,2814
1785486600,1.34600,1.34600,1.34457,1.34495,3876
1785487500,1.34494,1.34616,1.34494,1.34514,5138
1785488400,1.34514,1.34554,1.34501,1.34550,3872
1785489300,1.34550,1.34552,1.34450,1.34512,3636
1785490200,1.34513,1.34521,1.34459,1.34513,2575
1785491100,1.34513,1.34626,1.34504,1.34524,3172
1785492000,1.34525,1.34530,1.34400,1.34426,3348
1785492900,1.34426,1.34469,1.34366,1.34373,2855
1785493800,1.34374,1.34454,1.34352,1.34446,2853
1785494700,1.34446,1.34645,1.34441,1.34594,4263
1785495600,1.34592,1.34681,1.34560,1.34579,5591
1785496500,1.34580,1.34623,1.34534,1.34542,3764
1785497400,1.34542,1.34571,1.34461,1.34464,3850
1785498300,1.34459,1.34541,1.34459,1.34501,2680
1785499200,1.34501,1.34524,1.34445,1.34483,2286
1785500100,1.34485,1.34500,1.34432,1.34459,2055
1785501000,1.34458,1.34494,1.34449,1.34476,2682
1785501900,1.34476,1.34490,1.34438,1.34444,2217
1785502800,1.34443,1.34445,1.34368,1.34408,2723
1785503700,1.34408,1.34409,1.34336,1.34337,3356
1785504600,1.34337,1.34346,1.34226,1.34239,2575
1785505500,1.34239,1.34254,1.34176,1.34181,2628
1785506400,1.34181,1.34231,1.34155,1.34210,2885
1785507300,1.34209,1.34223,1.34181,1.34187,2231
1785508200,1.34187,1.34222,1.34148,1.34198,2737
1785509100,1.34198,1.34280,1.34198,1.34208,2721
1785510000,1.34208,1.34241,1.34142,1.34148,2708
1785510900,1.34149,1.34333,1.34097,1.34309,6036
1785511800,1.34309,1.34325,1.34002,1.34120,7486
1785512700,1.34120,1.34212,1.34059,1.34085,5508
1785513600,1.34084,1.34173,1.34025,1.34173,6303
1785514500,1.34172,1.34237,1.34127,1.34229,5284
1785515400,1.34229,1.34459,1.34228,1.34454,3936
1785516300,1.34454,1.34609,1.34396,1.34565,6118
1785517200,1.34564,1.34661,1.34538,1.34634,5484
1785518100,1.34635,1.34686,1.34578,1.34616,3688
1785519000,1.34617,1.34686,1.34587,1.34650,4034
1785519900,1.34650,1.34728,1.34626,1.34679,3566
1785520800,1.34679,1.34710,1.34638,1.34681,3386
1785521700,1.34681,1.34700,1.34617,1.34630,3506
1785522600,1.34630,1.34679,1.34627,1.34641,2190
1785523500,1.34641,1.34686,1.34640,1.34647,2296
1785524400,1.34649,1.34744,1.34647,1.34724,2475
1785525300,1.34722,1.34777,1.34690,1.34771,3729
1785526200,1.34772,1.34849,1.34769,1.34842,4711
1785527100,1.34842,1.34881,1.34747,1.34837,5494
1785528000,1.34837,1.34882,1.34755,1.34761,4521
1785528900,1.34761,1.34804,1.34748,1.34785,2768
1785529800,1.34785,1.34798,1.34759,1.34771,2084
1785530700,1.34771,1.34832,1.34749,1.34827,2566
