time,open,high,low,close,tick_volume
1756684800,1.34928,1.34997,1.34917,1.34950,41
1756685700,1.34949,1.35028,1.34949,1.35007,44
1756686600,1.35007,1.35035,1.35006,1.35030,83
1756687500,1.35030,1.35030,1.34981,1.35008,155
1756688400,1.35005,1.35072,1.34996,1.35061,259
1756689300,1.35061,1.35066,1.35048,1.35053,89
1756690200,1.35052,1.35052,1.35042,1.35042,80
1756691100,1.35041,1.35044,1.35017,1.35029,65
1756692000,1.35028,1.35049,1.35021,1.35031,83
1756692900,1.35032,1.35051,1.35022,1.35023,61
1756693800,1.35022,1.35040,1.35019,1.35021,76
1756694700,1.35022,1.35040,1.35001,1.35032,140
1756695600,1.35031,1.35091,1.35024,1.35083,441
1756696500,1.35084,1.35111,1.35080,1.35111,322
1756697400,1.35110,1.35176,1.35105,1.35166,391
1756698300,1.35168,1.35195,1.35166,1.35184,307
1756699200,1.35183,1.35192,1.35104,1.35119,397
1756700100,1.35120,1.35125,1.35084,1.35093,464
1756701000,1.35091,1.35091,1.35054,1.35078,531
1756701900,1.35079,1.35142,1.35078,1.35121,595
1756702800,1.35123,1.35203,1.35122,1.35170,576
1756703700,1.35171,1.35224,1.35164,1.35219,511
1756704600,1.35220,1.35234,1.35192,1.35202,593
1756705500,1.35203,1.35288,1.35180,1.35268,455
1756706400,1.35270,1.35292,1.35234,1.35263,382
1756707300,1.35264,1.35264,1.35215,1.35232,288
1756708200,1.35231,1.35256,1.35214,1.35234,398
1756709100,1.35235,1.35245,1.35198,1.35231,345
1756710000,1.35230,1.35234,1.35200,1.35204,202
1756710900,1.35205,1.35219,1.35184,1.35191,224
1756711800,1.35190,1.35202,1.35169,1.35199,356
1756712700,1.35198,1.35210,1.35179,1.35181,195
1756713600,1.35180,1.35223,1.35172,1.35213,314
1756714500,1.35214,1.35239,1.35211,1.35235,260
1756715400,1.35234,1.35276,1.35210,1.35250,342
1756716300,1.35251,1.35261,1.35231,1.35251,428
1756717200,1.35250,1.35326,1.35234,1.35257,916
1756718100,1.35260,1.35298,1.35228,1.35298,457
1756719000,1.35300,1.35405,1.35298,1.35388,912
1756719900,1.35385,1.35399,1.35296,1.35317,590
1756720800,1.35319,1.35362,1.35215,1.35230,903
1756721700,1.35232,1.35246,1.35202,1.35236,692
1756722600,1.35237,1.35237,1.35152,1.35230,602
1756723500,1.35231,1.35313,1.35230,1.35302,819
1756724400,1.35301,1.35341,1.35244,1.35290,827
1756725300,1.35293,1.35312,1.35268,1.35271,646
1756726200,1.35270,1.35344,1.35266,1.35333,658
1756727100,1.35334,1.35376,1.35331,1.35353,608
1756728000,1.35352,1.35371,1.35278,1.35282,651
1756728900,1.35283,1.35314,1.35239,1.35311,476
1756729800,1.35312,1.35331,1.35287,1.35325,399
1756730700,1.35326,1.35342,1.35299,1.35304,409
1756731600,1.35303,1.35314,1.35265,1.35277,284
1756732500,1.35278,1.35323,1.35266,1.35315,303
1756733400,1.35316,1.35346,1.35257,1.35257,304
1756734300,1.35256,1.35265,1.35234,1.35241,282
1756735200,1.35242,1.35309,1.35242,1.35288,406
1756736100,1.35286,1.35329,1.35276,1.35322,274
1756737000,1.35321,1.35329,1.35266,1.35267,383
1756737900,1.35266,1.35277,1.35227,1.35241,473
1756738800,1.35240,1.35270,1.35240,1.35247,355
1756739700,1.35248,1.35288,1.35241,1.35278,423
1756740600,1.35276,1.35314,1.35247,1.35281,392
1756741500,1.35282,1.35337,1.35274,1.35329,456
1756742400,1.35331,1.35447,1.35312,1.35445,591
1756743300,1.35444,1.35447,1.35371,1.35371,491
1756744200,1.35370,1.35415,1.35369,1.35391,487
1756745100,1.35390,1.35399,1.35355,1.35371,429
1756746000,1.35370,1.35436,1.35349,1.35406,528
1756746900,1.35405,1.35429,1.35380,1.35426,402
1756747800,1.35425,1.35475,1.35411,1.35433,391
1756748700,1.35434,1.35498,1.35359,1.35475,861
1756749600,1.35474,1.35489,1.35402,1.35432,640
1756750500,1.35433,1.35483,1.35381,1.35483,351
1756751400,1.35482,1.35492,1.35421,1.35429,363
1756752300,1.35430,1.35457,1.35416,1.35416,266
1756753200,1.35415,1.35435,1.35398,1.35430,295
1756754100,1.35429,1.35455,1.35420,1.35443,292
1756755000,1.35442,1.35455,1.35424,1.35434,222
1756755900,1.35433,1.35449,1.35416,1.35422,142
1756756800,1.35420,1.35428,1.35409,1.35412,120
1756757700,1.35411,1.35416,1.35403,1.35411,52
1756758600,1.35410,1.35423,1.35410,1.35412,75
1756759500,1.35411,1.35431,1.35409,1.35425,67
1756760400,1.35424,1.35425,1.35416,1.35417,69
1756761300,1.35418,1.35428,1.35409,1.35424,69
1756762200,1.35425,1.35437,1.35423,1.35434,93
1756763100,1.35432,1.35441,1.35424,1.35438,90
1756764000,1.35440,1.35452,1.35436,1.35450,71
1756764900,1.35451,1.35469,1.35444,1.35469,74
1756765800,1.35471,1.35483,1.35464,1.35483,49
1756766700,1.35484,1.35491,1.35473,1.35485,89
1756767600,1.35484,1.35497,1.35482,1.35493,46
1756768500,1.35494,1.35499,1.35488,1.35495,37
1756769400,1.35494,1.35497,1.35485,1.35490,44
1756770300,1.35490,1.35490,1.35469,1.35470,47
1756771200,1.35440,1.35442,1.35384,1.35389,30
1756772100,1.35389,1.35400,1.35384,1.35391,67
1756773000,1.35391,1.35404,1.35385,1.35403,119
1756773900,1.35403,1.35418,1.35381,1.35384,170
1756774800,1.35386,1.35478,1.35386,1.35477,108
1756775700,1.35477,1.35481,1.35456,1.35456,51
1756776600,1.35456,1.35462,1.35445,1.35461,39
1756777500,1.35461,1.35468,1.35438,1.35447,73
1756778400,1.35447,1.35456,1.35442,1.35443,54
1756779300,1.35444,1.35467,1.35443,1.35462,66
1756780200,1.35461,1.35471,1.35458,1.35466,51
1756781100,1.35468,1.35491,1.35464,1.35464,144
1756782000,1.35463,1.35482,1.35385,1.35394,394
1756782900,1.35393,1.35409,1.35378,1.35400,350
1756783800,1.35399,1.35410,1.35356,1.35374,281
1756784700,1.35376,1.35402,1.35353,1.35376,375
1756785600,1.35375,1.35397,1.35341,1.35378,323
1756786500,1.35376,1.35416,1.35362,1.35394,283
1756787400,1.35395,1.35413,1.35331,1.35358,659
1756788300,1.35359,1.35390,1.35348,1.35364,409
1756789200,1.35362,1.35363,1.35261,1.35261,547
1756790100,1.35262,1.35273,1.35238,1.35259,504
1756791000,1.35257,1.35302,1.35243,1.35301,362
1756791900,1.35299,1.35300,1.35261,1.35291,272
1756792800,1.35290,1.35302,1.35274,1.35276,332
1756793700,1.35277,1.35297,1.35268,1.35285,223
1756794600,1.35284,1.35284,1.35242,1.35255,252
1756795500,1.35254,1.35264,1.35245,1.35260,187
1756796400,1.35262,1.35266,1.35232,1.35233,157
1756797300,1.35234,1.35299,1.35231,1.35282,183
1756798200,1.35280,1.35292,1.35254,1.35287,254
1756799100,1.35285,1.35300,1.35268,1.35275,157
1756800000,1.35274,1.35309,1.35272,1.35283,180
1756800900,1.35282,1.35285,1.35214,1.35214,235
1756801800,1.35213,1.35265,1.35209,1.35234,369
1756802700,1.35236,1.35238,1.35204,1.35211,301
1756803600,1.35212,1.35273,1.35212,1.35253,473
1756804500,1.35254,1.35263,1.35214,1.35227,374
1756805400,1.35225,1.35336,1.35223,1.35256,406
1756806300,1.35255,1.35313,1.35244,1.35313,405
1756807200,1.35312,1.35331,1.34631,1.34640,1545
1756808100,1.34639,1.34795,1.34434,1.34435,2210
1756809000,1.34433,1.34491,1.34262,1.34403,2326
1756809900,1.34404,1.34416,1.33941,1.34031,2701
1756810800,1.34033,1.34129,1.33755,1.34077,2768
1756811700,1.34078,1.34207,1.33986,1.34029,1783
1756812600,1.34026,1.34341,1.34012,1.34246,1572
1756813500,1.34248,1.34258,1.34062,1.34135,998
1756814400,1.34134,1.34178,1.33947,1.33992,1212
1756815300,1.33993,1.34000,1.33814,1.33936,1177
1756816200,1.33935,1.34049,1.33892,1.33998,943
1756817100,1.33999,1.34056,1.33932,1.33994,1083
1756818000,1.34001,1.34016,1.33828,1.33987,1303
1756818900,1.33986,1.34007,1.33823,1.33855,1211
1756819800,1.33853,1.33967,1.33853,1.33905,999
1756820700,1.33906,1.33934,1.33715,1.33787,1155
1756821600,1.33786,1.33831,1.33693,1.33707,1347
1756822500,1.33706,1.33851,1.33705,1.33800,947
1756823400,1.33799,1.33838,1.33738,1.33775,673
1756824300,1.33774,1.33843,1.33725,1.33836,688
1756825200,1.33837,1.33972,1.33739,1.33761,1148
1756826100,1.33764,1.33770,1.33523,1.33523,1484
1756827000,1.33523,1.33573,1.33415,1.33435,1569
1756827900,1.33436,1.33582,1.33402,1.33518,1622
1756828800,1.33519,1.33681,1.33425,1.33675,1554
1756829700,1.33674,1.33723,1.33643,1.33703,903
1756830600,1.33702,1.33892,1.33656,1.33876,1406
1756831500,1.33879,1.33960,1.33854,1.33898,1415
1756832400,1.33900,1.34185,1.33900,1.34164,2400
1756833300,1.34163,1.34167,1.34032,1.34089,1655
1756834200,1.34090,1.34135,1.33983,1.34070,1463
1756835100,1.34071,1.34115,1.33934,1.33971,1686
1756836000,1.33972,1.34001,1.33817,1.33843,1233
1756836900,1.33844,1.33898,1.33786,1.33876,1128
1756837800,1.33875,1.33904,1.33744,1.33824,1471
1756838700,1.33825,1.33915,1.33825,1.33897,1067
1756839600,1.33896,1.33926,1.33839,1.33913,1010
1756840500,1.33911,1.33923,1.33833,1.33866,944
1756841400,1.33865,1.33888,1.33834,1.33864,622
1756842300,1.33865,1.33928,1.33864,1.33923,672
1756843200,1.33925,1.33941,1.33844,1.33865,698
1756844100,1.33866,1.33907,1.33850,1.33895,512
1756845000,1.33896,1.33934,1.33874,1.33905,535
1756845900,1.33904,1.33911,1.33841,1.33843,681
1756846800,1.33842,1.33867,1.33806,1.33838,723
1756847700,1.33839,1.33844,1.33751,1.33772,486
1756848600,1.33773,1.33785,1.33761,1.33763,308
1756849500,1.33764,1.33792,1.33750,1.33792,423
1756850400,1.33793,1.33835,1.33790,1.33823,590
1756851300,1.33822,1.33888,1.33814,1.33874,513
1756852200,1.33873,1.33892,1.33869,1.33883,501
1756853100,1.33882,1.33912,1.33878,1.33904,346
1756854000,1.33905,1.33957,1.33905,1.33933,206
1756854900,1.33934,1.33943,1.33904,1.33922,176
1756855800,1.33921,1.33935,1.33904,1.33935,112
1756856700,1.33934,1.33947,1.33926,1.33944,265
1756857600,1.33894,1.33895,1.33860,1.33875,24
1756858500,1.33873,1.33889,1.33840,1.33889,54
1756859400,1.33889,1.33890,1.33873,1.33886,64
1756860300,1.33886,1.33922,1.33886,1.33922,82
1756861200,1.33922,1.33953,1.33914,1.33945,114
1756862100,1.33945,1.33946,1.33937,1.33941,54
1756863000,1.33941,1.33943,1.33934,1.33934,36
1756863900,1.33934,1.33934,1.33863,1.33866,131
1756864800,1.33866,1.33876,1.33848,1.33856,168
1756865700,1.33857,1.33872,1.33849,1.33861,86
1756866600,1.33861,1.33864,1.33845,1.33845,84
1756867500,1.33844,1.33854,1.33815,1.33815,191
1756868400,1.33814,1.33834,1.33753,1.33763,447
1756869300,1.33764,1.33782,1.33743,1.33754,389
1756870200,1.33753,1.33784,1.33733,1.33735,359
1756871100,1.33737,1.33758,1.33723,1.33758,529
1756872000,1.33759,1.33780,1.33710,1.33734,636
1756872900,1.33735,1.33738,1.33689,1.33707,532
1756873800,1.33708,1.33739,1.33695,1.33713,529
1756874700,1.33712,1.33726,1.33674,1.33695,489
1756875600,1.33694,1.33739,1.33681,1.33704,450
1756876500,1.33703,1.33751,1.33703,1.33712,386
1756877400,1.33710,1.33714,1.33634,1.33665,518
1756878300,1.33666,1.33687,1.33654,1.33654,434
1756879200,1.33655,1.33704,1.33654,1.33684,439
1756880100,1.33682,1.33688,1.33644,1.33645,385
1756881000,1.33644,1.33658,1.33633,1.33643,363
1756881900,1.33640,1.33656,1.33616,1.33616,243
1756882800,1.33617,1.33671,1.33607,1.33666,384
1756883700,1.33667,1.33687,1.33655,1.33655,409
1756884600,1.33654,1.33697,1.33654,1.33695,285
1756885500,1.33696,1.33707,1.33674,1.33692,224
1756886400,1.33691,1.33707,1.33677,1.33691,258
1756887300,1.33692,1.33738,1.33681,1.33710,353
1756888200,1.33712,1.33712,1.33621,1.33631,437
1756889100,1.33632,1.33636,1.33592,1.33623,484
1756890000,1.33622,1.33704,1.33619,1.33696,643
1756890900,1.33697,1.33786,1.33679,1.33786,577
1756891800,1.33789,1.33908,1.33789,1.33876,862
1756892700,1.33871,1.33871,1.33737,1.33767,679
1756893600,1.33765,1.33805,1.33623,1.33639,1143
1756894500,1.33638,1.33657,1.33334,1.33495,1948
1756895400,1.33496,1.33607,1.33455,1.33506,1404
1756896300,1.33507,1.33673,1.33503,1.33663,1371
1756897200,1.33662,1.33830,1.33661,1.33816,1432
1756898100,1.33817,1.33932,1.33807,1.33896,1115
1756899000,1.33895,1.33925,1.33790,1.33856,1030
1756899900,1.33857,1.34093,1.33855,1.34071,1322
1756900800,1.34070,1.34174,1.34047,1.34052,1234
1756901700,1.34050,1.34109,1.34023,1.34050,893
1756902600,1.34049,1.34140,1.34028,1.34125,1083
1756903500,1.34124,1.34156,1.34054,1.34079,891
1756904400,1.34078,1.34095,1.34038,1.34076,757
1756905300,1.34078,1.34113,1.34051,1.34086,654
1756906200,1.34085,1.34093,1.33978,1.33978,791
1756907100,1.33977,1.34044,1.33950,1.34040,691
1756908000,1.34041,1.34056,1.33976,1.34014,804
1756908900,1.34016,1.34048,1.33979,1.33994,596
1756909800,1.33995,1.34058,1.33995,1.34040,641
1756910700,1.34038,1.34126,1.34017,1.34117,839
1756911600,1.34116,1.34174,1.34106,1.34172,820
1756912500,1.34173,1.34193,1.34104,1.34166,856
1756913400,1.34167,1.34226,1.34097,1.34101,1068
1756914300,1.34102,1.34294,1.34088,1.34247,1361
1756915200,1.34246,1.34260,1.34176,1.34257,1323
1756916100,1.34258,1.34289,1.34207,1.34285,1092
1756917000,1.34284,1.34366,1.34130,1.34196,1707
1756917900,1.34197,1.34208,1.34103,1.34165,1640
1756918800,1.34162,1.34432,1.34154,1.34354,2801
1756919700,1.34356,1.34467,1.34355,1.34396,1726
1756920600,1.34395,1.34445,1.34330,1.34412,1566
1756921500,1.34413,1.34424,1.34250,1.34336,1577
1756922400,1.34335,1.34456,1.34302,1.34408,1482
1756923300,1.34409,1.34508,1.34381,1.34492,1029
1756924200,1.34494,1.34523,1.34472,1.34477,1221
1756925100,1.34478,1.34541,1.34446,1.34477,1042
1756926000,1.34478,1.34509,1.34453,1.34507,1132
1756926900,1.34508,1.34515,1.34440,1.34498,671
1756927800,1.34500,1.34518,1.34464,1.34467,521
1756928700,1.34465,1.34521,1.34458,1.34499,585
1756929600,1.34500,1.34576,1.34500,1.34564,575
1756930500,1.34565,1.34583,1.34542,1.34572,527
1756931400,1.34571,1.34577,1.34474,1.34482,629
1756932300,1.34480,1.34480,1.34390,1.34414,471
1756933200,1.34413,1.34476,1.34382,1.34456,662
1756934100,1.34457,1.34469,1.34429,1.34450,505
1756935000,1.34449,1.34460,1.34393,1.34431,581
1756935900,1.34432,1.34453,1.34413,1.34417,490
1756936800,1.34416,1.34417,1.34373,1.34374,455
1756937700,1.34373,1.34385,1.34347,1.34378,484
1756938600,1.34380,1.34409,1.34375,1.34397,485
1756939500,1.34396,1.34412,1.34384,1.34385,420
1756940400,1.34384,1.34427,1.34383,1.34427,135
1756941300,1.34426,1.34450,1.34415,1.34449,131
1756942200,1.34448,1.34457,1.34427,1.34434,185
1756943100,1.34435,1.34435,1.34407,1.34410,177
1756944000,1.34350,1.34439,1.34350,1.34410,39
1756944900,1.34410,1.34415,1.34355,1.34355,53
1756945800,1.34355,1.34398,1.34355,1.34397,141
1756946700,1.34396,1.34417,1.34374,1.34395,260
1756947600,1.34395,1.34420,1.34383,1.34402,124
1756948500,1.34402,1.34405,1.34392,1.34392,43
1756949400,1.34391,1.34416,1.34391,1.34416,84
1756950300,1.34416,1.34419,1.34387,1.34388,62
1756951200,1.34388,1.34422,1.34387,1.34418,88
1756952100,1.34419,1.34427,1.34412,1.34419,117
1756953000,1.34418,1.34418,1.34380,1.34402,100
1756953900,1.34402,1.34415,1.34395,1.34409,168
1756954800,1.34412,1.34422,1.34361,1.34414,670
1756955700,1.34413,1.34424,1.34396,1.34404,433
1756956600,1.34403,1.34414,1.34379,1.34399,452
1756957500,1.34396,1.34440,1.34386,1.34422,513
1756958400,1.34421,1.34429,1.34334,1.34369,554
1756959300,1.34368,1.34391,1.34358,1.34384,502
1756960200,1.34385,1.34502,1.34382,1.34408,823
1756961100,1.34410,1.34420,1.34343,1.34375,484
1756962000,1.34374,1.34378,1.34319,1.34319,468
1756962900,1.34318,1.34359,1.34313,1.34343,393
1756963800,1.34342,1.34365,1.34314,1.34326,478
1756964700,1.34327,1.34332,1.34293,1.34311,498
1756965600,1.34310,1.34331,1.34272,1.34276,507
1756966500,1.34275,1.34301,1.34266,1.34293,344
1756967400,1.34291,1.34313,1.34267,1.34292,274
1756968300,1.34293,1.34296,1.34260,1.34281,255
1756969200,1.34282,1.34301,1.34270,1.34271,166
1756970100,1.34272,1.34289,1.34265,1.34268,231
1756971000,1.34266,1.34308,1.34255,1.34296,206
1756971900,1.34297,1.34300,1.34266,1.34269,212
1756972800,1.34268,1.34281,1.34240,1.34270,205
1756973700,1.34269,1.34290,1.34258,1.34290,297
1756974600,1.34289,1.34301,1.34269,1.34291,312
1756975500,1.34292,1.34294,1.34255,1.34283,341
1756976400,1.34282,1.34342,1.34282,1.34321,467
1756977300,1.34322,1.34351,1.34301,1.34316,387
1756978200,1.34314,1.34341,1.34284,1.34339,441
1756979100,1.34338,1.34411,1.34322,1.34356,668
1756980000,1.34355,1.34384,1.34295,1.34317,1091
1756980900,1.34314,1.34319,1.34165,1.34279,1014
1756981800,1.34280,1.34305,1.34249,1.34288,745
1756982700,1.34289,1.34332,1.34235,1.34271,712
1756983600,1.34270,1.34440,1.34267,1.34390,706
1756984500,1.34389,1.34459,1.34389,1.34429,610
1756985400,1.34428,1.34568,1.34407,1.34519,984
1756986300,1.34520,1.34548,1.34490,1.34541,577
1756987200,1.34540,1.34594,1.34468,1.34484,774
1756988100,1.34485,1.34503,1.34345,1.34345,701
1756989000,1.34346,1.34406,1.34340,1.34375,703
1756989900,1.34374,1.34428,1.34369,1.34399,603
1756990800,1.34400,1.34511,1.34377,1.34509,656
1756991700,1.34508,1.34516,1.34461,1.34473,665
1756992600,1.34472,1.34560,1.34466,1.34539,576
1756993500,1.34538,1.34540,1.34483,1.34488,552
1756994400,1.34487,1.34490,1.34377,1.34387,646
1756995300,1.34384,1.34412,1.34337,1.34348,386
1756996200,1.34350,1.34363,1.34304,1.34319,587
1756997100,1.34322,1.34347,1.34255,1.34334,826
1756998000,1.34336,1.34482,1.34325,1.34420,875
1756998900,1.34414,1.34546,1.34289,1.34289,1517
1756999800,1.34288,1.34460,1.34220,1.34305,1990
1757000700,1.34306,1.34414,1.34248,1.34411,1571
1757001600,1.34410,1.34444,1.34266,1.34272,1428
1757002500,1.34273,1.34445,1.34258,1.34412,1255
1757003400,1.34411,1.34470,1.34392,1.34452,1233
1757004300,1.34453,1.34466,1.34369,1.34405,1209
1757005200,1.34400,1.34400,1.34209,1.34329,2566
1757006100,1.34330,1.34341,1.34254,1.34284,1868
1757007000,1.34285,1.34309,1.34178,1.34186,1218
1757007900,1.34187,1.34277,1.34171,1.34272,1207
1757008800,1.34271,1.34330,1.34260,1.34291,1047
1757009700,1.34292,1.34342,1.34276,1.34341,518
1757010600,1.34340,1.34353,1.34313,1.34349,697
1757011500,1.34350,1.34409,1.34349,1.34386,518
1757012400,1.34385,1.34395,1.34232,1.34238,816
1757013300,1.34239,1.34282,1.34176,1.34200,696
1757014200,1.34200,1.34275,1.34191,1.34239,595
1757015100,1.34239,1.34242,1.34198,1.34215,486
1757016000,1.34214,1.34233,1.34189,1.34221,465
1757016900,1.34222,1.34261,1.34222,1.34252,355
1757017800,1.34254,1.34266,1.34208,1.34231,470
1757018700,1.34232,1.34243,1.34192,1.34222,440
1757019600,1.34223,1.34313,1.34223,1.34309,500
1757020500,1.34308,1.34312,1.34271,1.34312,485
1757021400,1.34311,1.34317,1.34270,1.34275,383
1757022300,1.34274,1.34292,1.34254,1.34262,319
1757023200,1.34262,1.34330,1.34262,1.34329,294
1757024100,1.34330,1.34348,1.34297,1.34314,299
1757025000,1.34315,1.34354,1.34304,1.34331,180
1757025900,1.34330,1.34363,1.34327,1.34362,245
1757026800,1.34360,1.34368,1.34321,1.34335,151
1757027700,1.34334,1.34361,1.34330,1.34360,81
1757028600,1.34359,1.34371,1.34357,1.34371,40
1757029500,1.34372,1.34374,1.34358,1.34358,61
1757030400,1.34222,1.34277,1.34222,1.34277,15
1757031300,1.34277,1.34283,1.34277,1.34279,27
1757032200,1.34279,1.34311,1.34279,1.34310,76
1757033100,1.34310,1.34323,1.34293,1.34316,96
1757034000,1.34316,1.34350,1.34316,1.34324,115
1757034900,1.34324,1.34336,1.34323,1.34332,40
1757035800,1.34332,1.34342,1.34325,1.34332,65
1757036700,1.34332,1.34342,1.34329,1.34334,44
1757037600,1.34333,1.34346,1.34332,1.34345,79
1757038500,1.34346,1.34385,1.34343,1.34374,135
1757039400,1.34373,1.34423,1.34368,1.34415,189
1757040300,1.34416,1.34446,1.34416,1.34437,292
1757041200,1.34438,1.34462,1.34424,1.34444,540
1757042100,1.34445,1.34452,1.34420,1.34441,677
1757043000,1.34440,1.34480,1.34433,1.34454,473
1757043900,1.34455,1.34503,1.34439,1.34493,571
1757044800,1.34492,1.34539,1.34481,1.34483,490
1757045700,1.34484,1.34499,1.34468,1.34494,436
1757046600,1.34493,1.34507,1.34480,1.34480,422
1757047500,1.34481,1.34542,1.34481,1.34518,541
1757048400,1.34517,1.34539,1.34502,1.34531,491
1757049300,1.34532,1.34552,1.34521,1.34541,310
1757050200,1.34540,1.34571,1.34533,1.34562,232
1757051100,1.34563,1.34563,1.34531,1.34532,259
1757052000,1.34531,1.34550,1.34520,1.34531,355
1757052900,1.34532,1.34549,1.34522,1.34544,246
1757053800,1.34543,1.34548,1.34527,1.34533,246
1757054700,1.34534,1.34550,1.34528,1.34538,179
1757055600,1.34540,1.34545,1.34531,1.34534,219
1757056500,1.34536,1.34539,1.34516,1.34524,194
1757057400,1.34522,1.34527,1.34494,1.34500,202
1757058300,1.34499,1.34510,1.34480,1.34504,226
1757059200,1.34503,1.34515,1.34499,1.34508,156
1757060100,1.34509,1.34517,1.34501,1.34513,157
1757061000,1.34512,1.34547,1.34509,1.34540,200
1757061900,1.34539,1.34633,1.34532,1.34618,352
1757062800,1.34617,1.34691,1.34601,1.34633,866
1757063700,1.34634,1.34675,1.34562,1.34674,793
1757064600,1.34672,1.34720,1.34662,1.34670,707
1757065500,1.34671,1.34689,1.34558,1.34559,558
1757066400,1.34560,1.34583,1.34501,1.34536,713
1757067300,1.34537,1.34571,1.34517,1.34553,710
1757068200,1.34561,1.34600,1.34549,1.34569,655
1757069100,1.34570,1.34666,1.34550,1.34643,548
1757070000,1.34644,1.34679,1.34620,1.34661,453
1757070900,1.34665,1.34721,1.34661,1.34700,599
1757071800,1.34699,1.34721,1.34661,1.34663,478
1757072700,1.34664,1.34703,1.34649,1.34700,374
1757073600,1.34701,1.34747,1.34673,1.34745,494
1757074500,1.34748,1.34808,1.34748,1.34774,629
1757075400,1.34773,1.34782,1.34728,1.34769,435
1757076300,1.34771,1.34810,1.34746,1.34810,504
1757077200,1.34811,1.34841,1.34787,1.34831,435
1757078100,1.34833,1.34858,1.34804,1.34833,473
1757079000,1.34832,1.34846,1.34801,1.34846,465
1757079900,1.34847,1.34847,1.34778,1.34785,576
1757080800,1.34784,1.34834,1.34767,1.34820,536
1757081700,1.34821,1.34823,1.34750,1.34762,534
1757082600,1.34761,1.34761,1.34703,1.34734,424
1757083500,1.34735,1.34753,1.34616,1.34621,1000
1757084400,1.34622,1.34829,1.34577,1.34823,1593
1757085300,1.34824,1.34866,1.34771,1.34783,1538
1757086200,1.34778,1.35340,1.34774,1.35149,5411
1757087100,1.35151,1.35224,1.35063,1.35210,3335
1757088000,1.35212,1.35375,1.35198,1.35362,2912
1757088900,1.35361,1.35364,1.35137,1.35217,2959
1757089800,1.35218,1.35390,1.35162,1.35355,2483
1757090700,1.35356,1.35497,1.35356,1.35483,1877
1757091600,1.35486,1.35548,1.35410,1.35412,2403
1757092500,1.35411,1.35431,1.35188,1.35201,2590
1757093400,1.35202,1.35247,1.35050,1.35130,2859
1757094300,1.35129,1.35230,1.35093,1.35202,2284
1757095200,1.35203,1.35303,1.35186,1.35302,1508
1757096100,1.35303,1.35326,1.35249,1.35311,1487
1757097000,1.35312,1.35414,1.35301,1.35401,1250
1757097900,1.35402,1.35433,1.35305,1.35414,1203
1757098800,1.35413,1.35424,1.35358,1.35414,1019
1757099700,1.35415,1.35418,1.35347,1.35349,850
1757100600,1.35350,1.35361,1.35286,1.35321,775
1757101500,1.35319,1.35321,1.35255,1.35263,944
1757102400,1.35261,1.35263,1.35151,1.35189,1059
1757103300,1.35188,1.35224,1.35185,1.35190,622
1757104200,1.35189,1.35239,1.35146,1.35167,829
1757105100,1.35168,1.35206,1.35111,1.35128,992
1757106000,1.35129,1.35145,1.35100,1.35118,744
1757106900,1.35120,1.35145,1.35082,1.35090,634
1757107800,1.35088,1.35090,1.35010,1.35030,576
1757108700,1.35029,1.35062,1.35010,1.35052,571
1757109600,1.35051,1.35112,1.35047,1.35087,616
1757110500,1.35088,1.35110,1.35080,1.35084,311
1757111400,1.35083,1.35085,1.35034,1.35038,380
1757112300,1.35039,1.35067,1.35017,1.35027,486
1757113200,1.35029,1.35070,1.35023,1.35062,305
1757114100,1.35063,1.35070,1.35050,1.35052,153
1757115000,1.35051,1.35086,1.35041,1.35086,166
1757115900,1.35085,1.35085,1.35057,1.35064,564
1757289600,1.34994,1.35003,1.34990,1.34995,16
1757290500,1.34999,1.35012,1.34993,1.34995,32
1757291400,1.34997,1.35014,1.34992,1.34994,89
1757292300,1.34994,1.35019,1.34963,1.34978,109
1757293200,1.34978,1.35013,1.34871,1.34877,247
1757294100,1.34876,1.34924,1.34876,1.34887,304
1757295000,1.34887,1.34898,1.34822,1.34837,284
1757295900,1.34838,1.34878,1.34835,1.34864,154
1757296800,1.34865,1.34920,1.34864,1.34879,270
1757297700,1.34880,1.34904,1.34860,1.34901,189
1757298600,1.34899,1.34929,1.34885,1.34926,190
1757299500,1.34927,1.34961,1.34914,1.34926,399
1757300400,1.34925,1.34928,1.34835,1.34860,715
1757301300,1.34861,1.34905,1.34840,1.34895,379
1757302200,1.34894,1.34921,1.34879,1.34899,220
1757303100,1.34900,1.34960,1.34888,1.34960,376
1757304000,1.34962,1.35003,1.34951,1.34972,471
1757304900,1.34973,1.34979,1.34911,1.34921,571
1757305800,1.34920,1.34973,1.34907,1.34935,498
1757306700,1.34934,1.35033,1.34934,1.35017,646
1757307600,1.35016,1.35049,1.34986,1.35007,676
1757308500,1.35008,1.35014,1.34970,1.34981,438
1757309400,1.34980,1.35021,1.34979,1.34991,378
1757310300,1.34992,1.35054,1.34991,1.35042,398
1757311200,1.35040,1.35055,1.35010,1.35021,382
1757312100,1.35020,1.35047,1.35004,1.35019,317
1757313000,1.35018,1.35020,1.34982,1.34983,265
1757313900,1.34984,1.34996,1.34948,1.34956,303
1757314800,1.34955,1.34958,1.34867,1.34877,305
1757315700,1.34878,1.34953,1.34878,1.34953,277
1757316600,1.34952,1.34974,1.34943,1.34964,306
1757317500,1.34965,1.34975,1.34953,1.34964,190
1757318400,1.34963,1.35006,1.34955,1.34984,285
1757319300,1.34983,1.35016,1.34978,1.35015,301
1757320200,1.35014,1.35038,1.34986,1.34988,416
1757321100,1.34990,1.35008,1.34962,1.34967,450
1757322000,1.34966,1.35078,1.34966,1.35077,750
1757322900,1.35078,1.35093,1.35000,1.35060,915
1757323800,1.35059,1.35115,1.35051,1.35082,719
1757324700,1.35083,1.35189,1.35083,1.35184,757
1757325600,1.35183,1.35198,1.35112,1.35170,985
1757326500,1.35169,1.35192,1.35129,1.35163,721
1757327400,1.35164,1.35255,1.35155,1.35248,635
1757328300,1.35249,1.35261,1.35122,1.35160,652
1757329200,1.35159,1.35262,1.35153,1.35214,676
1757330100,1.35215,1.35233,1.35108,1.35124,604
1757331000,1.35123,1.35143,1.35099,1.35103,383
1757331900,1.35104,1.35150,1.35063,1.35124,423
1757332800,1.35123,1.35142,1.35082,1.35101,502
1757333700,1.35102,1.35131,1.35085,1.35092,485
1757334600,1.35091,1.35140,1.35085,1.35124,453
1757335500,1.35125,1.35125,1.35085,1.35092,443
1757336400,1.35089,1.35095,1.35022,1.35086,453
1757337300,1.35085,1.35121,1.35076,1.35121,296
1757338200,1.35120,1.35228,1.35116,1.35224,541
1757339100,1.35223,1.35321,1.35207,1.35304,824
1757340000,1.35303,1.35307,1.35249,1.35297,467
1757340900,1.35296,1.35305,1.35224,1.35256,327
1757341800,1.35255,1.35360,1.35255,1.35332,506
1757342700,1.35333,1.35360,1.35293,1.35295,722
1757343600,1.35294,1.35365,1.35274,1.35319,701
1757344500,1.35320,1.35360,1.35275,1.35324,703
1757345400,1.35327,1.35439,1.35327,1.35414,735
1757346300,1.35420,1.35491,1.35365,1.35432,763
1757347200,1.35431,1.35495,1.35402,1.35463,886
1757348100,1.35465,1.35492,1.35442,1.35485,600
1757349000,1.35486,1.35564,1.35462,1.35481,804
1757349900,1.35482,1.35522,1.35441,1.35451,994
1757350800,1.35450,1.35466,1.35341,1.35344,1294
1757351700,1.35345,1.35389,1.35309,1.35384,1033
1757352600,1.35383,1.35416,1.35331,1.35358,1002
1757353500,1.35359,1.35382,1.35311,1.35352,1094
1757354400,1.35351,1.35454,1.35330,1.35441,948
1757355300,1.35442,1.35468,1.35413,1.35422,799
1757356200,1.35421,1.35452,1.35401,1.35435,746
1757357100,1.35436,1.35463,1.35391,1.35463,713
1757358000,1.35466,1.35484,1.35427,1.35443,584
1757358900,1.35444,1.35461,1.35396,1.35396,432
1757359800,1.35395,1.35395,1.35281,1.35327,622
1757360700,1.35328,1.35382,1.35314,1.35374,687
1757361600,1.35373,1.35375,1.35299,1.35335,428
1757362500,1.35336,1.35385,1.35325,1.35383,466
1757363400,1.35382,1.35397,1.35330,1.35341,425
1757364300,1.35342,1.35352,1.35273,1.35277,426
1757365200,1.35276,1.35378,1.35274,1.35372,493
1757366100,1.35374,1.35456,1.35371,1.35455,425
1757367000,1.35454,1.35484,1.35442,1.35446,303
1757367900,1.35445,1.35537,1.35437,1.35530,420
1757368800,1.35529,1.35550,1.35511,1.35528,370
1757369700,1.35529,1.35533,1.35492,1.35508,353
1757370600,1.35509,1.35519,1.35501,1.35513,391
1757371500,1.35513,1.35526,1.35500,1.35508,406
1757372400,1.35507,1.35512,1.35490,1.35498,142
1757373300,1.35497,1.35501,1.35460,1.35472,107
1757374200,1.35473,1.35475,1.35452,1.35452,90
1757375100,1.35453,1.35465,1.35446,1.35457,70
1757376000,1.35423,1.35426,1.35416,1.35424,31
1757376900,1.35425,1.35464,1.35415,1.35442,203
1757377800,1.35443,1.35446,1.35430,1.35443,76
1757378700,1.35442,1.35452,1.35428,1.35440,199
1757379600,1.35440,1.35473,1.35440,1.35468,164
1757380500,1.35469,1.35485,1.35460,1.35462,77
1757381400,1.35462,1.35493,1.35461,1.35493,72
1757382300,1.35494,1.35495,1.35483,1.35489,63
1757383200,1.35489,1.35534,1.35489,1.35521,93
1757384100,1.35519,1.35565,1.35517,1.35562,140
1757385000,1.35561,1.35575,1.35555,1.35562,97
1757385900,1.35563,1.35563,1.35521,1.35528,156
1757386800,1.35529,1.35536,1.35504,1.35528,398
1757387700,1.35529,1.35604,1.35523,1.35595,300
1757388600,1.35594,1.35622,1.35573,1.35584,321
1757389500,1.35583,1.35617,1.35577,1.35585,395
1757390400,1.35584,1.35595,1.35551,1.35575,434
1757391300,1.35574,1.35576,1.35532,1.35539,308
1757392200,1.35538,1.35609,1.35534,1.35585,448
1757393100,1.35586,1.35705,1.35585,1.35670,435
1757394000,1.35669,1.35713,1.35666,1.35706,365
1757394900,1.35708,1.35709,1.35657,1.35673,362
1757395800,1.35672,1.35687,1.35657,1.35674,261
1757396700,1.35671,1.35675,1.35630,1.35638,280
1757397600,1.35638,1.35648,1.35614,1.35621,263
1757398500,1.35622,1.35623,1.35584,1.35598,221
1757399400,1.35598,1.35623,1.35596,1.35607,253
1757400300,1.35608,1.35618,1.35584,1.35595,216
1757401200,1.35597,1.35633,1.35590,1.35616,201
1757402100,1.35617,1.35691,1.35616,1.35681,206
1757403000,1.35683,1.35700,1.35674,1.35684,206
1757403900,1.35685,1.35753,1.35685,1.35739,268
1757404800,1.35738,1.35777,1.35727,1.35737,312
1757405700,1.35738,1.35746,1.35713,1.35732,293
1757406600,1.35733,1.35775,1.35708,1.35765,311
1757407500,1.35763,1.35805,1.35746,1.35793,386
1757408400,1.35792,1.35826,1.35710,1.35742,866
1757409300,1.35741,1.35753,1.35690,1.35693,588
1757410200,1.35692,1.35719,1.35655,1.35671,587
1757411100,1.35672,1.35693,1.35580,1.35663,810
1757412000,1.35664,1.35725,1.35643,1.35722,690
1757412900,1.35723,1.35764,1.35663,1.35736,806
1757413800,1.35735,1.35739,1.35637,1.35637,727
1757414700,1.35638,1.35688,1.35585,1.35656,1089
1757415600,1.35654,1.35680,1.35582,1.35610,759
1757416500,1.35609,1.35756,1.35590,1.35726,1613
1757417400,1.35725,1.35744,1.35644,1.35722,1073
1757418300,1.35723,1.35736,1.35640,1.35731,748
1757419200,1.35730,1.35831,1.35728,1.35828,905
1757420100,1.35829,1.35869,1.35803,1.35843,715
1757421000,1.35842,1.35904,1.35836,1.35840,784
1757421900,1.35841,1.35901,1.35824,1.35869,490
1757422800,1.35868,1.35892,1.35835,1.35840,425
1757423700,1.35839,1.35886,1.35825,1.35837,373
1757424600,1.35836,1.35847,1.35775,1.35786,534
1757425500,1.35785,1.35800,1.35745,1.35773,436
1757426400,1.35774,1.35783,1.35735,1.35745,387
1757427300,1.35744,1.35755,1.35697,1.35742,441
1757428200,1.35743,1.35751,1.35671,1.35676,433
1757429100,1.35675,1.35691,1.35572,1.35582,677
1757430000,1.35583,1.35591,1.35515,1.35570,782
1757430900,1.35572,1.35601,1.35539,1.35549,681
1757431800,1.35547,1.35547,1.35453,1.35498,910
1757432700,1.35497,1.35553,1.35475,1.35543,753
1757433600,1.35543,1.35583,1.35514,1.35575,1102
1757434500,1.35576,1.35642,1.35575,1.35621,713
1757435400,1.35623,1.35644,1.35551,1.35596,1111
1757436300,1.35597,1.35655,1.35519,1.35538,1089
1757437200,1.35540,1.35742,1.35323,1.35431,3439
1757438100,1.35432,1.35499,1.35391,1.35476,1908
1757439000,1.35475,1.35483,1.35321,1.35410,1777
1757439900,1.35411,1.35466,1.35335,1.35397,1470
1757440800,1.35396,1.35410,1.35299,1.35308,1514
1757441700,1.35309,1.35329,1.35227,1.35322,1416
1757442600,1.35320,1.35344,1.35297,1.35323,946
1757443500,1.35324,1.35353,1.35276,1.35314,642
1757444400,1.35313,1.35339,1.35275,1.35332,758
1757445300,1.35333,1.35406,1.35263,1.35371,766
1757446200,1.35373,1.35465,1.35373,1.35384,684
1757447100,1.35385,1.35417,1.35345,1.35346,664
1757448000,1.35345,1.35386,1.35335,1.35356,720
1757448900,1.35357,1.35373,1.35330,1.35334,464
1757449800,1.35333,1.35379,1.35302,1.35311,647
1757450700,1.35312,1.35354,1.35245,1.35262,872
1757451600,1.35261,1.35276,1.35224,1.35263,605
1757452500,1.35264,1.35276,1.35220,1.35233,574
1757453400,1.35232,1.35255,1.35222,1.35224,465
1757454300,1.35223,1.35248,1.35222,1.35226,334
1757455200,1.35225,1.35228,1.35187,1.35197,394
1757456100,1.35198,1.35220,1.35184,1.35206,316
1757457000,1.35209,1.35249,1.35195,1.35209,416
1757457900,1.35210,1.35223,1.35195,1.35195,312
1757458800,1.35194,1.35207,1.35184,1.35190,119
1757459700,1.35191,1.35230,1.35188,1.35205,165
1757460600,1.35206,1.35244,1.35193,1.35244,99
1757461500,1.35245,1.35266,1.35243,1.35265,192
1757462400,1.35207,1.35221,1.35173,1.35213,39
1757463300,1.35212,1.35213,1.35193,1.35212,99
1757464200,1.35213,1.35246,1.35213,1.35220,294
1757465100,1.35220,1.35238,1.35202,1.35215,538
1757466000,1.35215,1.35277,1.35202,1.35269,86
1757466900,1.35269,1.35272,1.35259,1.35272,34
1757467800,1.35273,1.35288,1.35273,1.35288,27
1757468700,1.35288,1.35304,1.35288,1.35301,59
1757469600,1.35300,1.35300,1.35272,1.35272,79
1757470500,1.35274,1.35275,1.35184,1.35202,223
1757471400,1.35200,1.35212,1.35185,1.35196,139
1757472300,1.35194,1.35213,1.35194,1.35207,102
1757473200,1.35206,1.35233,1.35164,1.35227,417
1757474100,1.35225,1.35225,1.35196,1.35216,416
1757475000,1.35215,1.35236,1.35213,1.35213,359
1757475900,1.35214,1.35235,1.35205,1.35223,406
1757476800,1.35222,1.35255,1.35180,1.35204,716
1757477700,1.35205,1.35222,1.35152,1.35155,512
1757478600,1.35156,1.35250,1.35148,1.35234,650
1757479500,1.35236,1.35281,1.35203,1.35224,649
1757480400,1.35223,1.35290,1.35209,1.35285,703
1757481300,1.35286,1.35304,1.35266,1.35275,378
1757482200,1.35271,1.35311,1.35264,1.35305,436
1757483100,1.35306,1.35324,1.35294,1.35316,307
1757484000,1.35317,1.35352,1.35308,1.35332,268
1757484900,1.35333,1.35354,1.35331,1.35345,265
1757485800,1.35346,1.35355,1.35329,1.35338,276
1757486700,1.35339,1.35364,1.35328,1.35328,426
1757487600,1.35327,1.35343,1.35315,1.35340,342
1757488500,1.35341,1.35368,1.35336,1.35358,238
1757489400,1.35361,1.35374,1.35354,1.35371,195
1757490300,1.35372,1.35427,1.35372,1.35423,263
1757491200,1.35422,1.35422,1.35388,1.35396,307
1757492100,1.35395,1.35409,1.35390,1.35405,242
1757493000,1.35404,1.35411,1.35366,1.35374,289
1757493900,1.35372,1.35373,1.35324,1.35351,491
1757494800,1.35350,1.35419,1.35346,1.35417,656
1757495700,1.35418,1.35435,1.35353,1.35362,858
1757496600,1.35367,1.35371,1.35283,1.35335,765
1757497500,1.35333,1.35389,1.35213,1.35260,1011
1757498400,1.35258,1.35310,1.35130,1.35296,1663
1757499300,1.35295,1.35386,1.35271,1.35376,787
1757500200,1.35376,1.35381,1.35312,1.35343,702
1757501100,1.35340,1.35369,1.35328,1.35333,644
1757502000,1.35335,1.35339,1.35257,1.35296,803
1757502900,1.35296,1.35314,1.35197,1.35211,796
1757503800,1.35210,1.35285,1.35202,1.35238,615
1757504700,1.35239,1.35287,1.35234,1.35274,743
1757505600,1.35273,1.35338,1.35265,1.35336,518
1757506500,1.35334,1.35388,1.35317,1.35367,470
1757507400,1.35366,1.35446,1.35366,1.35412,531
1757508300,1.35414,1.35454,1.35402,1.35423,660
1757509200,1.35423,1.35434,1.35367,1.35392,617
1757510100,1.35393,1.35394,1.35316,1.35324,603
1757511000,1.35322,1.35397,1.35309,1.35387,672
1757511900,1.35385,1.35418,1.35346,1.35388,599
1757512800,1.35387,1.35394,1.35340,1.35369,602
1757513700,1.35368,1.35373,1.35327,1.35345,461
1757514600,1.35346,1.35359,1.35276,1.35292,626
1757515500,1.35293,1.35360,1.35283,1.35339,766
1757516400,1.35341,1.35368,1.35256,1.35274,791
1757517300,1.35275,1.35338,1.35257,1.35284,816
1757518200,1.35279,1.35638,1.35270,1.35385,3294
1757519100,1.35386,1.35427,1.35235,1.35302,1909
1757520000,1.35303,1.35399,1.35255,1.35397,1812
1757520900,1.35398,1.35477,1.35387,1.35432,1424
1757521800,1.35433,1.35546,1.35420,1.35502,1413
1757522700,1.35503,1.35577,1.35492,1.35551,1335
1757523600,1.35550,1.35613,1.35526,1.35574,1393
1757524500,1.35576,1.35586,1.35484,1.35528,986
1757525400,1.35527,1.35594,1.35522,1.35565,1063
1757526300,1.35564,1.35592,1.35474,1.35505,1018
1757527200,1.35504,1.35551,1.35495,1.35520,857
1757528100,1.35518,1.35519,1.35429,1.35457,659
1757529000,1.35458,1.35527,1.35458,1.35490,638
1757529900,1.35493,1.35535,1.35455,1.35464,616
1757530800,1.35463,1.35492,1.35438,1.35438,669
1757531700,1.35439,1.35494,1.35436,1.35447,645
1757532600,1.35448,1.35452,1.35401,1.35406,444
1757533500,1.35407,1.35414,1.35336,1.35361,471
1757534400,1.35360,1.35408,1.35342,1.35387,624
1757535300,1.35386,1.35397,1.35309,1.35320,587
1757536200,1.35319,1.35335,1.35276,1.35313,360
1757537100,1.35312,1.35360,1.35309,1.35344,322
1757538000,1.35344,1.35370,1.35331,1.35356,393
1757538900,1.35355,1.35416,1.35355,1.35408,367
1757539800,1.35406,1.35407,1.35363,1.35369,315
1757540700,1.35368,1.35368,1.35323,1.35358,384
1757541600,1.35356,1.35367,1.35307,1.35307,177
1757542500,1.35308,1.35314,1.35253,1.35256,558
1757543400,1.35255,1.35268,1.35215,1.35236,452
1757544300,1.35237,1.35314,1.35227,1.35307,376
1757545200,1.35306,1.35325,1.35300,1.35316,128
1757546100,1.35317,1.35327,1.35266,1.35279,165
1757547000,1.35280,1.35287,1.35273,1.35285,69
1757547900,1.35286,1.35290,1.35270,1.35281,82
1757548800,1.35311,1.35312,1.35248,1.35248,65
1757549700,1.35247,1.35271,1.35247,1.35267,71
1757550600,1.35267,1.35297,1.35206,1.35223,387
1757551500,1.35223,1.35232,1.35219,1.35228,52
1757552400,1.35228,1.35337,1.35227,1.35328,109
1757553300,1.35330,1.35345,1.35330,1.35345,54
1757554200,1.35346,1.35349,1.35345,1.35349,35
1757555100,1.35350,1.35380,1.35344,1.35379,74
1757556000,1.35379,1.35379,1.35341,1.35368,98
1757556900,1.35369,1.35397,1.35368,1.35379,83
1757557800,1.35378,1.35380,1.35357,1.35357,70
1757558700,1.35358,1.35376,1.35333,1.35333,272
1757559600,1.35331,1.35332,1.35303,1.35311,351
1757560500,1.35313,1.35316,1.35269,1.35279,395
1757561400,1.35277,1.35300,1.35274,1.35295,293
1757562300,1.35296,1.35319,1.35273,1.35276,393
1757563200,1.35275,1.35303,1.35267,1.35291,469
1757564100,1.35292,1.35318,1.35268,1.35313,400
1757565000,1.35312,1.35339,1.35300,1.35319,316
1757565900,1.35320,1.35333,1.35291,1.35296,289
1757566800,1.35295,1.35299,1.35275,1.35294,222
1757567700,1.35293,1.35294,1.35225,1.35253,270
1757568600,1.35252,1.35276,1.35244,1.35251,295
1757569500,1.35252,1.35270,1.35251,1.35260,317
1757570400,1.35254,1.35298,1.35253,1.35278,231
1757571300,1.35273,1.35301,1.35257,1.35296,179
1757572200,1.35295,1.35297,1.35273,1.35279,262
1757573100,1.35280,1.35280,1.35262,1.35276,222
1757574000,1.35275,1.35284,1.35260,1.35270,174
1757574900,1.35269,1.35270,1.35235,1.35256,240
1757575800,1.35255,1.35270,1.35244,1.35253,185
1757576700,1.35254,1.35269,1.35232,1.35269,193
1757577600,1.35267,1.35267,1.35210,1.35221,233
1757578500,1.35222,1.35238,1.35215,1.35221,182
1757579400,1.35220,1.35254,1.35205,1.35227,228
1757580300,1.35228,1.35233,1.35150,1.35164,421
1757581200,1.35163,1.35242,1.35122,1.35148,897
1757582100,1.35149,1.35211,1.35115,1.35196,647
1757583000,1.35195,1.35201,1.35161,1.35190,643
1757583900,1.35189,1.35221,1.35148,1.35163,698
1757584800,1.35161,1.35223,1.35139,1.35149,1104
1757585700,1.35150,1.35170,1.35059,1.35061,797
1757586600,1.35061,1.35162,1.35033,1.35154,658
1757587500,1.35153,1.35173,1.35130,1.35155,513
1757588400,1.35156,1.35182,1.35136,1.35148,569
1757589300,1.35149,1.35213,1.35144,1.35197,429
1757590200,1.35196,1.35199,1.35145,1.35176,455
1757591100,1.35177,1.35198,1.35136,1.35146,520
1757592000,1.35147,1.35160,1.35059,1.35087,521
1757592900,1.35088,1.35092,1.35017,1.35061,525
1757593800,1.35060,1.35109,1.34967,1.34973,655
1757594700,1.34974,1.35065,1.34942,1.35030,767
1757595600,1.35029,1.35091,1.34996,1.35091,427
1757596500,1.35090,1.35107,1.35021,1.35048,554
1757597400,1.35049,1.35108,1.35049,1.35100,535
1757598300,1.35101,1.35157,1.35051,1.35150,460
1757599200,1.35149,1.35182,1.35134,1.35157,554
1757600100,1.35156,1.35192,1.35150,1.35163,376
1757601000,1.35163,1.35202,1.35147,1.35157,522
1757601900,1.35158,1.35228,1.35058,1.35074,1179
1757602800,1.35075,1.35170,1.35070,1.35130,1131
1757603700,1.35131,1.35219,1.35049,1.35192,1629
1757604600,1.35193,1.35491,1.34930,1.35345,4460
1757605500,1.35344,1.35452,1.35216,1.35452,2872
1757606400,1.35454,1.35616,1.35447,1.35545,3322
1757607300,1.35547,1.35553,1.35397,1.35438,2367
1757608200,1.35438,1.35554,1.35401,1.35491,2205
1757609100,1.35490,1.35557,1.35438,1.35529,1995
1757610000,1.35526,1.35617,1.35500,1.35601,1751
1757610900,1.35602,1.35668,1.35568,1.35586,1782
1757611800,1.35587,1.35653,1.35564,1.35636,1451
1757612700,1.35637,1.35658,1.35530,1.35573,1142
1757613600,1.35574,1.35671,1.35525,1.35668,1319
1757614500,1.35671,1.35787,1.35658,1.35732,1135
1757615400,1.35731,1.35746,1.35646,1.35686,918
1757616300,1.35687,1.35700,1.35648,1.35659,870
1757617200,1.35660,1.35777,1.35657,1.35762,939
1757618100,1.35763,1.35790,1.35763,1.35769,659
1757619000,1.35769,1.35788,1.35756,1.35763,676
1757619900,1.35762,1.35789,1.35755,1.35778,416
1757620800,1.35777,1.35803,1.35757,1.35785,622
1757621700,1.35786,1.35829,1.35765,1.35769,574
1757622600,1.35768,1.35802,1.35724,1.35724,573
1757623500,1.35725,1.35732,1.35687,1.35708,514
1757624400,1.35705,1.35752,1.35697,1.35745,528
1757625300,1.35746,1.35760,1.35733,1.35750,500
1757626200,1.35751,1.35774,1.35725,1.35756,521
1757627100,1.35755,1.35821,1.35755,1.35791,409
1757628000,1.35790,1.35817,1.35771,1.35792,510
1757628900,1.35793,1.35809,1.35781,1.35787,368
1757629800,1.35786,1.35799,1.35769,1.35780,414
1757630700,1.35779,1.35801,1.35774,1.35778,365
1757631600,1.35779,1.35800,1.35776,1.35799,156
1757632500,1.35798,1.35798,1.35765,1.35765,74
1757633400,1.35764,1.35789,1.35761,1.35789,126
1757634300,1.35789,1.35792,1.35766,1.35767,360
1757635200,1.35696,1.35696,1.35667,1.35674,29
1757636100,1.35674,1.35685,1.35674,1.35685,54
1757637000,1.35685,1.35723,1.35685,1.35718,75
1757637900,1.35718,1.35751,1.35694,1.35709,236
1757638800,1.35712,1.35798,1.35700,1.35777,155
1757639700,1.35776,1.35786,1.35762,1.35779,72
1757640600,1.35778,1.35786,1.35769,1.35775,83
1757641500,1.35774,1.35785,1.35767,1.35785,62
1757642400,1.35785,1.35802,1.35766,1.35784,122
1757643300,1.35784,1.35787,1.35771,1.35777,64
1757644200,1.35776,1.35780,1.35766,1.35770,89
1757645100,1.35771,1.35773,1.35742,1.35742,254
1757646000,1.35741,1.35757,1.35717,1.35743,506
1757646900,1.35744,1.35749,1.35721,1.35731,470
1757647800,1.35729,1.35738,1.35688,1.35704,314
1757648700,1.35705,1.35735,1.35699,1.35727,425
1757649600,1.35728,1.35736,1.35614,1.35622,421
1757650500,1.35623,1.35642,1.35593,1.35640,389
1757651400,1.35641,1.35655,1.35599,1.35606,484
1757652300,1.35605,1.35610,1.35567,1.35576,424
1757653200,1.35575,1.35629,1.35556,1.35609,471
1757654100,1.35608,1.35613,1.35574,1.35578,374
1757655000,1.35577,1.35591,1.35568,1.35577,280
1757655900,1.35576,1.35593,1.35567,1.35582,348
1757656800,1.35581,1.35585,1.35562,1.35579,432
1757657700,1.35578,1.35579,1.35546,1.35554,333
1757658600,1.35552,1.35586,1.35544,1.35563,260
1757659500,1.35562,1.35565,1.35535,1.35554,257
1757660400,1.35552,1.35559,1.35524,1.35541,391
1757661300,1.35539,1.35557,1.35522,1.35554,372
1757662200,1.35553,1.35555,1.35532,1.35541,259
1757663100,1.35540,1.35568,1.35534,1.35564,194
1757664000,1.35563,1.35565,1.35525,1.35542,285
1757664900,1.35543,1.35569,1.35540,1.35564,286
1757665800,1.35563,1.35594,1.35557,1.35581,313
1757666700,1.35582,1.35606,1.35569,1.35569,292
1757667600,1.35558,1.35586,1.35497,1.35546,900
1757668500,1.35547,1.35547,1.35451,1.35469,631
1757669400,1.35468,1.35531,1.35450,1.35518,608
1757670300,1.35519,1.35586,1.35495,1.35567,741
1757671200,1.35568,1.35705,1.35567,1.35673,746
1757672100,1.35674,1.35750,1.35674,1.35709,664
1757673000,1.35708,1.35708,1.35597,1.35622,750
1757673900,1.35621,1.35672,1.35621,1.35642,769
1757674800,1.35641,1.35641,1.35442,1.35451,846
1757675700,1.35450,1.35453,1.35346,1.35451,1127
1757676600,1.35454,1.35479,1.35374,1.35378,939
1757677500,1.35377,1.35391,1.35309,1.35337,567
1757678400,1.35338,1.35369,1.35303,1.35356,823
1757679300,1.35359,1.35405,1.35342,1.35400,792
1757680200,1.35399,1.35418,1.35308,1.35337,709
1757681100,1.35339,1.35480,1.35339,1.35464,586
1757682000,1.35466,1.35586,1.35456,1.35510,724
1757682900,1.35511,1.35566,1.35506,1.35530,630
1757683800,1.35529,1.35552,1.35498,1.35539,510
1757684700,1.35540,1.35575,1.35500,1.35567,724
1757685600,1.35566,1.35628,1.35557,1.35587,757
1757686500,1.35588,1.35595,1.35522,1.35541,551
1757687400,1.35542,1.35563,1.35512,1.35523,442
1757688300,1.35524,1.35528,1.35470,1.35489,665
1757689200,1.35490,1.35496,1.35391,1.35403,779
1757690100,1.35404,1.35439,1.35395,1.35412,615
1757691000,1.35413,1.35417,1.35240,1.35299,1475
1757691900,1.35300,1.35442,1.35297,1.35432,1033
1757692800,1.35431,1.35450,1.35392,1.35438,880
1757693700,1.35436,1.35464,1.35400,1.35420,909
1757694600,1.35419,1.35466,1.35378,1.35414,1319
1757695500,1.35415,1.35496,1.35408,1.35466,1003
1757696400,1.35465,1.35599,1.35459,1.35575,1220
1757697300,1.35576,1.35698,1.35548,1.35656,1321
1757698200,1.35659,1.35669,1.35518,1.35542,980
1757699100,1.35544,1.35608,1.35531,1.35588,958
1757700000,1.35587,1.35617,1.35558,1.35581,855
1757700900,1.35582,1.35616,1.35478,1.35514,861
1757701800,1.35515,1.35550,1.35477,1.35527,745
1757702700,1.35526,1.35531,1.35436,1.35452,818
1757703600,1.35453,1.35463,1.35406,1.35422,598
1757704500,1.35423,1.35557,1.35422,1.35557,505
1757705400,1.35559,1.35628,1.35548,1.35626,556
1757706300,1.35626,1.35683,1.35597,1.35602,476
1757707200,1.35601,1.35678,1.35600,1.35666,488
1757708100,1.35667,1.35682,1.35628,1.35632,520
1757709000,1.35631,1.35648,1.35623,1.35637,438
1757709900,1.35638,1.35657,1.35595,1.35598,443
1757710800,1.35599,1.35645,1.35598,1.35638,440
1757711700,1.35639,1.35650,1.35617,1.35638,334
1757712600,1.35639,1.35662,1.35631,1.35657,267
1757713500,1.35652,1.35707,1.35650,1.35697,337
1757714400,1.35698,1.35703,1.35670,1.35681,258
1757715300,1.35679,1.35681,1.35653,1.35661,293
1757716200,1.35660,1.35660,1.35608,1.35638,423
1757717100,1.35639,1.35654,1.35610,1.35617,340
1757718000,1.35615,1.35616,1.35576,1.35590,109
1757718900,1.35589,1.35610,1.35585,1.35597,186
1757719800,1.35597,1.35597,1.35554,1.35566,228
1757720700,1.35569,1.35601,1.35569,1.35601,258
1757894400,1.35412,1.35446,1.35392,1.35444,38
1757895300,1.35443,1.35447,1.35427,1.35435,58
1757896200,1.35437,1.35561,1.35419,1.35519,636
1757897100,1.35522,1.35621,1.35431,1.35461,467
1757898000,1.35462,1.35609,1.35462,1.35597,258
1757898900,1.35596,1.35600,1.35580,1.35588,106
1757899800,1.35588,1.35600,1.35571,1.35573,182
1757900700,1.35574,1.35575,1.35565,1.35568,63
1757901600,1.35567,1.35583,1.35536,1.35548,110
1757902500,1.35549,1.35551,1.35542,1.35547,60
1757903400,1.35548,1.35550,1.35522,1.35539,141
1757904300,1.35538,1.35540,1.35516,1.35526,168
1757905200,1.35527,1.35559,1.35514,1.35539,278
1757906100,1.35540,1.35541,1.35492,1.35493,180
1757907000,1.35491,1.35532,1.35487,1.35527,154
1757907900,1.35528,1.35559,1.35509,1.35557,235
1757908800,1.35556,1.35567,1.35529,1.35538,505
1757909700,1.35539,1.35567,1.35529,1.35566,508
1757910600,1.35565,1.35582,1.35546,1.35567,276
1757911500,1.35568,1.35602,1.35559,1.35592,251
1757912400,1.35590,1.35599,1.35564,1.35570,316
1757913300,1.35569,1.35571,1.35552,1.35565,277
1757914200,1.35564,1.35591,1.35564,1.35589,268
1757915100,1.35590,1.35610,1.35589,1.35597,191
1757916000,1.35598,1.35623,1.35591,1.35618,229
1757916900,1.35619,1.35658,1.35610,1.35653,228
1757917800,1.35651,1.35661,1.35631,1.35660,251
1757918700,1.35659,1.35676,1.35646,1.35649,204
1757919600,1.35648,1.35674,1.35646,1.35661,187
1757920500,1.35662,1.35710,1.35661,1.35692,203
1757921400,1.35691,1.35691,1.35656,1.35659,162
1757922300,1.35660,1.35673,1.35646,1.35673,178
1757923200,1.35674,1.35679,1.35649,1.35650,230
1757924100,1.35651,1.35657,1.35634,1.35650,221
1757925000,1.35649,1.35661,1.35644,1.35650,171
1757925900,1.35651,1.35651,1.35616,1.35619,196
1757926800,1.35618,1.35678,1.35618,1.35641,411
1757927700,1.35640,1.35640,1.35533,1.35561,553
1757928600,1.35560,1.35595,1.35538,1.35581,585
1757929500,1.35580,1.35648,1.35575,1.35627,601
1757930400,1.35626,1.35771,1.35616,1.35768,1126
1757931300,1.35769,1.35831,1.35769,1.35822,586
1757932200,1.35824,1.35939,1.35818,1.35826,630
1757933100,1.35827,1.35853,1.35777,1.35819,864
1757934000,1.35819,1.35881,1.35802,1.35880,568
1757934900,1.35879,1.35992,1.35876,1.35959,681
1757935800,1.35960,1.35980,1.35796,1.35807,790
1757936700,1.35808,1.35846,1.35791,1.35819,501
1757937600,1.35818,1.35858,1.35787,1.35852,634
1757938500,1.35854,1.35947,1.35852,1.35947,702
1757939400,1.35946,1.36001,1.35908,1.35908,566
1757940300,1.35909,1.35946,1.35896,1.35923,638
1757941200,1.35922,1.35996,1.35919,1.35971,546
1757942100,1.35970,1.36127,1.35955,1.36087,771
1757943000,1.36086,1.36135,1.36047,1.36048,814
1757943900,1.36049,1.36107,1.36026,1.36071,718
1757944800,1.36070,1.36133,1.36051,1.36125,590
1757945700,1.36126,1.36151,1.36106,1.36142,420
1757946600,1.36143,1.36196,1.36099,1.36101,647
1757947500,1.36102,1.36161,1.36079,1.36151,605
1757948400,1.36152,1.36201,1.36145,1.36156,795
1757949300,1.36154,1.36181,1.36089,1.36098,884
1757950200,1.36099,1.36170,1.36085,1.36147,1082
1757951100,1.36148,1.36170,1.36115,1.36146,803
1757952000,1.36147,1.36174,1.36073,1.36097,864
1757952900,1.36096,1.36096,1.36035,1.36058,716
1757953800,1.36059,1.36076,1.36017,1.36027,802
1757954700,1.36032,1.36067,1.35954,1.35961,937
1757955600,1.35960,1.35962,1.35848,1.35909,1090
1757956500,1.35908,1.35943,1.35856,1.35937,989
1757957400,1.35936,1.35946,1.35855,1.35876,1028
1757958300,1.35877,1.35939,1.35853,1.35893,1078
1757959200,1.35894,1.35938,1.35870,1.35925,839
1757960100,1.35926,1.36005,1.35917,1.35996,662
1757961000,1.35995,1.36017,1.35944,1.35955,619
1757961900,1.35954,1.36073,1.35952,1.36070,731
1757962800,1.36069,1.36096,1.36000,1.36026,673
1757963700,1.36027,1.36036,1.35948,1.35959,707
1757964600,1.35958,1.36017,1.35952,1.36005,531
1757965500,1.36006,1.36023,1.35966,1.35988,401
1757966400,1.35989,1.36015,1.35977,1.35978,364
1757967300,1.35979,1.35987,1.35948,1.35986,328
1757968200,1.35985,1.36063,1.35985,1.36052,511
1757969100,1.36051,1.36113,1.36051,1.36091,470
1757970000,1.36092,1.36103,1.36062,1.36063,360
1757970900,1.36063,1.36073,1.36048,1.36057,360
1757971800,1.36056,1.36063,1.36011,1.36036,465
1757972700,1.36037,1.36064,1.36001,1.36053,347
1757973600,1.36054,1.36073,1.36043,1.36061,328
1757974500,1.36062,1.36085,1.36047,1.36081,326
1757975400,1.36080,1.36107,1.36071,1.36076,338
1757976300,1.36075,1.36104,1.36056,1.36094,436
1757977200,1.36095,1.36111,1.36081,1.36083,145
1757978100,1.36082,1.36105,1.36067,1.36067,83
1757979000,1.36066,1.36066,1.35996,1.35996,192
1757979900,1.35997,1.36009,1.35966,1.35977,251
1757980800,1.35943,1.35956,1.35938,1.35954,17
1757981700,1.35954,1.35984,1.35953,1.35982,82
1757982600,1.35982,1.35993,1.35971,1.35991,82
1757983500,1.35991,1.36012,1.35990,1.36001,176
1757984400,1.36002,1.36022,1.35988,1.36011,195
1757985300,1.36012,1.36024,1.36010,1.36023,40
1757986200,1.36023,1.36029,1.36020,1.36029,49
1757987100,1.36029,1.36037,1.36016,1.36036,58
1757988000,1.36037,1.36043,1.36032,1.36040,60
1757988900,1.36041,1.36049,1.36040,1.36043,59
1757989800,1.36042,1.36042,1.36020,1.36029,41
1757990700,1.36030,1.36040,1.36012,1.36012,127
1757991600,1.36011,1.36058,1.36007,1.36031,484
1757992500,1.36030,1.36041,1.36008,1.36011,305
1757993400,1.36012,1.36014,1.35989,1.35999,301
1757994300,1.36000,1.36022,1.35983,1.36018,361
1757995200,1.36017,1.36038,1.36010,1.36029,404
1757996100,1.36030,1.36030,1.35984,1.35985,379
1757997000,1.35984,1.36042,1.35981,1.36019,372
1757997900,1.36020,1.36064,1.36020,1.36030,478
1757998800,1.36029,1.36091,1.36029,1.36083,430
1757999700,1.36084,1.36127,1.36078,1.36102,358
1758000600,1.36103,1.36113,1.36069,1.36089,255
1758001500,1.36090,1.36141,1.36083,1.36122,214
1758002400,1.36123,1.36140,1.36107,1.36133,276
1758003300,1.36136,1.36166,1.36130,1.36158,311
1758004200,1.36157,1.36242,1.36157,1.36234,404
1758005100,1.36236,1.36250,1.36155,1.36174,303
1758006000,1.36173,1.36176,1.36131,1.36159,220
1758006900,1.36160,1.36171,1.36146,1.36156,181
1758007800,1.36154,1.36166,1.36126,1.36136,266
1758008700,1.36137,1.36161,1.36128,1.36158,254
1758009600,1.36159,1.36199,1.36150,1.36197,267
1758010500,1.36196,1.36207,1.36173,1.36182,277
1758011400,1.36183,1.36208,1.36178,1.36184,339
1758012300,1.36185,1.36203,1.36146,1.36189,569
1758013200,1.36188,1.36276,1.36188,1.36256,763
1758014100,1.36255,1.36333,1.36250,1.36283,814
1758015000,1.36282,1.36334,1.36266,1.36302,715
1758015900,1.36303,1.36303,1.36242,1.36299,654
1758016800,1.36298,1.36387,1.36295,1.36374,958
1758017700,1.36375,1.36425,1.36362,1.36422,772
1758018600,1.36423,1.36428,1.36305,1.36334,744
1758019500,1.36331,1.36358,1.36265,1.36283,657
1758020400,1.36282,1.36326,1.36243,1.36314,754
1758021300,1.36313,1.36382,1.36281,1.36310,978
1758022200,1.36309,1.36309,1.36253,1.36260,703
1758023100,1.36261,1.36331,1.36254,1.36264,740
1758024000,1.36270,1.36402,1.36262,1.36389,991
1758024900,1.36388,1.36423,1.36352,1.36357,844
1758025800,1.36356,1.36412,1.36355,1.36406,843
1758026700,1.36407,1.36454,1.36395,1.36419,823
1758027600,1.36420,1.36422,1.36334,1.36339,560
1758028500,1.36340,1.36386,1.36323,1.36361,509
1758029400,1.36360,1.36388,1.36335,1.36341,557
1758030300,1.36343,1.36365,1.36259,1.36268,738
1758031200,1.36271,1.36320,1.36241,1.36305,1034
1758032100,1.36307,1.36354,1.36299,1.36323,651
1758033000,1.36322,1.36425,1.36307,1.36396,763
1758033900,1.36398,1.36498,1.36385,1.36431,1131
1758034800,1.36430,1.36442,1.36366,1.36378,913
1758035700,1.36380,1.36400,1.36339,1.36393,844
1758036600,1.36393,1.36408,1.36247,1.36337,1750
1758037500,1.36335,1.36462,1.36323,1.36407,1309
1758038400,1.36404,1.36451,1.36389,1.36422,1315
1758039300,1.36421,1.36561,1.36399,1.36541,989
1758040200,1.36542,1.36588,1.36527,1.36533,1115
1758041100,1.36532,1.36594,1.36494,1.36580,1155
1758042000,1.36579,1.36682,1.36543,1.36681,1525
1758042900,1.36682,1.36718,1.36609,1.36646,1617
1758043800,1.36647,1.36661,1.36497,1.36583,1818
1758044700,1.36585,1.36605,1.36546,1.36567,1307
1758045600,1.36566,1.36577,1.36443,1.36451,1227
1758046500,1.36450,1.36479,1.36426,1.36472,961
1758047400,1.36471,1.36480,1.36387,1.36426,930
1758048300,1.36427,1.36532,1.36424,1.36529,882
1758049200,1.36530,1.36548,1.36509,1.36537,513
1758050100,1.36538,1.36631,1.36534,1.36598,626
1758051000,1.36600,1.36629,1.36561,1.36618,517
1758051900,1.36620,1.36640,1.36571,1.36581,457
1758052800,1.36580,1.36609,1.36531,1.36599,619
1758053700,1.36598,1.36681,1.36589,1.36623,665
1758054600,1.36624,1.36643,1.36543,1.36553,543
1758055500,1.36553,1.36608,1.36553,1.36587,663
1758056400,1.36586,1.36618,1.36568,1.36611,563
1758057300,1.36617,1.36643,1.36599,1.36609,444
1758058200,1.36611,1.36611,1.36574,1.36584,415
1758059100,1.36583,1.36610,1.36560,1.36595,446
1758060000,1.36594,1.36612,1.36573,1.36612,428
1758060900,1.36611,1.36615,1.36563,1.36563,399
1758061800,1.36562,1.36563,1.36522,1.36534,389
1758062700,1.36535,1.36548,1.36505,1.36512,356
1758063600,1.36511,1.36533,1.36503,1.36527,115
1758064500,1.36526,1.36537,1.36511,1.36513,152
1758065400,1.36512,1.36513,1.36426,1.36442,222
1758066300,1.36443,1.36481,1.36432,1.36461,283
1758067200,1.36434,1.36449,1.36433,1.36435,9
1758068100,1.36434,1.36441,1.36406,1.36428,151
1758069000,1.36428,1.36456,1.36428,1.36448,335
1758069900,1.36448,1.36457,1.36423,1.36437,218
1758070800,1.36437,1.36488,1.36413,1.36488,192
1758071700,1.36488,1.36516,1.36481,1.36505,106
1758072600,1.36508,1.36545,1.36508,1.36539,400
1758073500,1.36540,1.36540,1.36475,1.36501,169
1758074400,1.36500,1.36520,1.36492,1.36520,80
1758075300,1.36521,1.36541,1.36519,1.36533,62
1758076200,1.36532,1.36548,1.36529,1.36531,80
1758077100,1.36532,1.36553,1.36526,1.36526,145
1758078000,1.36530,1.36580,1.36530,1.36572,430
1758078900,1.36573,1.36590,1.36560,1.36571,310
1758079800,1.36570,1.36571,1.36462,1.36462,483
1758080700,1.36461,1.36478,1.36447,1.36451,390
1758081600,1.36450,1.36480,1.36449,1.36470,355
1758082500,1.36471,1.36471,1.36432,1.36438,439
1758083400,1.36439,1.36440,1.36394,1.36402,509
1758084300,1.36403,1.36457,1.36400,1.36434,334
1758085200,1.36433,1.36443,1.36416,1.36435,427
1758086100,1.36439,1.36451,1.36420,1.36429,219
1758087000,1.36429,1.36430,1.36408,1.36422,268
1758087900,1.36423,1.36451,1.36420,1.36433,274
1758088800,1.36432,1.36442,1.36410,1.36438,240
1758089700,1.36436,1.36461,1.36429,1.36430,187
1758090600,1.36431,1.36441,1.36429,1.36439,165
1758091500,1.36440,1.36441,1.36420,1.36431,167
1758092400,1.36430,1.36437,1.36410,1.36419,182
1758093300,1.36420,1.36441,1.36418,1.36434,181
1758094200,1.36433,1.36438,1.36425,1.36430,204
1758095100,1.36431,1.36432,1.36410,1.36419,148
1758096000,1.36420,1.36475,1.36420,1.36456,210
1758096900,1.36455,1.36474,1.36446,1.36459,139
1758097800,1.36460,1.36469,1.36447,1.36460,160
1758098700,1.36461,1.36492,1.36451,1.36484,225
1758099600,1.36483,1.36525,1.36379,1.36388,761
1758100500,1.36387,1.36450,1.36386,1.36428,535
1758101400,1.36427,1.36444,1.36366,1.36369,542
1758102300,1.36368,1.36409,1.36349,1.36400,577
1758103200,1.36399,1.36416,1.36318,1.36327,935
1758104100,1.36328,1.36363,1.36299,1.36354,607
1758105000,1.36352,1.36374,1.36308,1.36361,543
1758105900,1.36364,1.36388,1.36338,1.36348,454
1758106800,1.36347,1.36364,1.36322,1.36348,570
1758107700,1.36351,1.36403,1.36341,1.36398,350
1758108600,1.36396,1.36435,1.36376,1.36435,418
1758109500,1.36440,1.36524,1.36398,1.36402,634
1758110400,1.36401,1.36482,1.36400,1.36468,471
1758111300,1.36469,1.36475,1.36436,1.36468,314
1758112200,1.36464,1.36545,1.36447,1.36532,393
1758113100,1.36533,1.36565,1.36456,1.36487,672
1758114000,1.36486,1.36524,1.36385,1.36412,744
1758114900,1.36413,1.36464,1.36395,1.36458,523
1758115800,1.36460,1.36523,1.36453,1.36514,466
1758116700,1.36516,1.36521,1.36397,1.36440,566
1758117600,1.36441,1.36448,1.36407,1.36418,622
1758118500,1.36420,1.36447,1.36400,1.36446,352
1758119400,1.36446,1.36491,1.36419,1.36481,487
1758120300,1.36482,1.36522,1.36466,1.36469,553
1758121200,1.36468,1.36486,1.36438,1.36461,593
1758122100,1.36459,1.36497,1.36438,1.36438,444
1758123000,1.36437,1.36521,1.36435,1.36491,715
1758123900,1.36492,1.36543,1.36481,1.36541,638
1758124800,1.36542,1.36554,1.36500,1.36533,619
1758125700,1.36534,1.36539,1.36505,1.36523,583
1758126600,1.36522,1.36563,1.36483,1.36562,745
1758127500,1.36563,1.36646,1.36556,1.36626,1007
1758128400,1.36627,1.36649,1.36580,1.36633,912
1758129300,1.36634,1.36694,1.36633,1.36671,670
1758130200,1.36670,1.36689,1.36612,1.36625,597
1758131100,1.36630,1.36662,1.36581,1.36593,832
1758132000,1.36594,1.36663,1.36552,1.36650,855
1758132900,1.36651,1.36666,1.36598,1.36622,625
1758133800,1.36623,1.36636,1.36581,1.36596,556
1758134700,1.36595,1.36654,1.36580,1.36588,611
1758135600,1.36589,1.36623,1.36576,1.36616,452
1758136500,1.36617,1.36693,1.36612,1.36691,428
1758137400,1.36690,1.36695,1.36660,1.36663,329
1758138300,1.36661,1.36669,1.36632,1.36650,499
1758139200,1.36651,1.36652,1.36606,1.36622,544
1758140100,1.36621,1.36651,1.36599,1.36642,489
1758141000,1.36643,1.36685,1.36638,1.36642,357
1758141900,1.36644,1.36678,1.36635,1.36649,502
1758142800,1.36649,1.37264,1.36649,1.36979,5215
1758143700,1.36977,1.37107,1.36897,1.36943,3835
1758144600,1.36946,1.36981,1.36473,1.36558,6535
1758145500,1.36557,1.36565,1.36249,1.36396,4714
1758146400,1.36397,1.36655,1.36347,1.36382,3775
1758147300,1.36385,1.36606,1.36374,1.36532,3216
1758148200,1.36530,1.36533,1.36388,1.36486,2293
1758149100,1.36485,1.36487,1.36341,1.36372,1643
1758150000,1.36373,1.36384,1.36321,1.36322,492
1758150900,1.36323,1.36323,1.36199,1.36261,564
1758151800,1.36260,1.36301,1.36249,1.36294,662
1758152700,1.36295,1.36316,1.36257,1.36257,562
1758153600,1.36171,1.36204,1.36164,1.36181,17
1758154500,1.36180,1.36294,1.36180,1.36289,100
1758155400,1.36290,1.36303,1.36259,1.36290,152
1758156300,1.36290,1.36290,1.36257,1.36259,139
1758157200,1.36259,1.36327,1.36259,1.36286,164
1758158100,1.36287,1.36313,1.36277,1.36300,116
1758159000,1.36298,1.36315,1.36269,1.36314,132
1758159900,1.36314,1.36314,1.36242,1.36294,409
1758160800,1.36295,1.36319,1.36287,1.36293,238
1758161700,1.36291,1.36318,1.36275,1.36318,236
1758162600,1.36317,1.36354,1.36295,1.36328,299
1758163500,1.36328,1.36336,1.36284,1.36293,287
1758164400,1.36292,1.36297,1.36204,1.36235,855
1758165300,1.36234,1.36281,1.36213,1.36263,678
1758166200,1.36264,1.36291,1.36254,1.36265,436
1758167100,1.36263,1.36297,1.36234,1.36270,708
1758168000,1.36269,1.36306,1.36172,1.36184,820
1758168900,1.36179,1.36194,1.36124,1.36185,699
1758169800,1.36182,1.36191,1.36115,1.36147,874
1758170700,1.36148,1.36174,1.36102,1.36174,731
1758171600,1.36177,1.36216,1.36177,1.36204,570
1758172500,1.36203,1.36279,1.36197,1.36275,466
1758173400,1.36274,1.36279,1.36227,1.36234,482
1758174300,1.36232,1.36282,1.36226,1.36277,449
1758175200,1.36276,1.36306,1.36267,1.36277,356
1758176100,1.36279,1.36281,1.36244,1.36255,377
1758177000,1.36254,1.36257,1.36212,1.36215,287
1758177900,1.36216,1.36229,1.36202,1.36209,286
1758178800,1.36208,1.36218,1.36183,1.36199,310
1758179700,1.36200,1.36211,1.36142,1.36146,273
1758180600,1.36145,1.36147,1.36085,1.36101,467
1758181500,1.36102,1.36102,1.36048,1.36066,505
1758182400,1.36065,1.36095,1.36025,1.36043,457
1758183300,1.36044,1.36096,1.36035,1.36075,452
1758184200,1.36076,1.36100,1.36032,1.36043,405
1758185100,1.36044,1.36044,1.35917,1.35968,788
1758186000,1.35971,1.36011,1.35863,1.35876,1029
1758186900,1.35877,1.35987,1.35874,1.35947,1109
1758187800,1.35946,1.36041,1.35917,1.36033,917
1758188700,1.36034,1.36049,1.35930,1.35951,828
1758189600,1.35950,1.36159,1.35948,1.36134,976
1758190500,1.36135,1.36214,1.36128,1.36202,1070
1758191400,1.36201,1.36341,1.36173,1.36332,995
1758192300,1.36333,1.36404,1.36323,1.36332,820
1758193200,1.36331,1.36358,1.36280,1.36310,950
1758194100,1.36309,1.36323,1.36267,1.36313,890
1758195000,1.36314,1.36420,1.36295,1.36397,702
1758195900,1.36399,1.36484,1.36383,1.36395,1102
1758196800,1.36397,1.36480,1.36371,1.36480,994
1758197700,1.36479,1.36504,1.36436,1.36481,744
1758198600,1.36480,1.36552,1.36458,1.36528,927
1758199500,1.36527,1.36527,1.36452,1.36458,846
1758200400,1.36457,1.36485,1.36445,1.36453,713
1758201300,1.36455,1.36507,1.36417,1.36491,625
1758202200,1.36492,1.36521,1.36452,1.36468,498
1758203100,1.36469,1.36540,1.36469,1.36480,727
1758204000,1.36484,1.36610,1.36261,1.36293,1561
1758204900,1.36294,1.36327,1.36213,1.36242,947
1758205800,1.36241,1.36272,1.36151,1.36153,1033
1758206700,1.36154,1.36250,1.36130,1.36217,849
1758207600,1.36218,1.36231,1.36147,1.36171,1172
1758208500,1.36172,1.36224,1.36152,1.36198,966
1758209400,1.36185,1.36185,1.36008,1.36043,1950
1758210300,1.36044,1.36053,1.35947,1.35947,1117
1758211200,1.35946,1.35957,1.35852,1.35880,1553
1758212100,1.35879,1.35895,1.35774,1.35784,924
1758213000,1.35786,1.35807,1.35400,1.35404,2385
1758213900,1.35403,1.35531,1.35341,1.35512,2367
1758214800,1.35511,1.35713,1.35452,1.35663,2780
1758215700,1.35664,1.35713,1.35559,1.35591,1826
1758216600,1.35592,1.35651,1.35501,1.35512,1550
1758217500,1.35513,1.35644,1.35494,1.35521,1811
1758218400,1.35522,1.35620,1.35453,1.35474,1816
1758219300,1.35473,1.35562,1.35461,1.35552,1515
1758220200,1.35551,1.35584,1.35424,1.35433,1135
1758221100,1.35434,1.35484,1.35359,1.35480,1189
1758222000,1.35477,1.35577,1.35446,1.35492,1371
1758222900,1.35491,1.35533,1.35419,1.35464,893
1758223800,1.35465,1.35498,1.35419,1.35473,696
1758224700,1.35474,1.35562,1.35472,1.35527,630
1758225600,1.35526,1.35613,1.35506,1.35587,780
1758226500,1.35586,1.35603,1.35569,1.35589,639
1758227400,1.35593,1.35631,1.35592,1.35616,605
1758228300,1.35615,1.35624,1.35541,1.35551,641
1758229200,1.35550,1.35565,1.35512,1.35558,554
1758230100,1.35560,1.35566,1.35518,1.35530,463
1758231000,1.35529,1.35545,1.35451,1.35451,457
1758231900,1.35452,1.35551,1.35445,1.35530,443
1758232800,1.35529,1.35552,1.35503,1.35543,373
1758233700,1.35544,1.35574,1.35540,1.35540,329
1758234600,1.35541,1.35552,1.35476,1.35502,482
1758235500,1.35503,1.35511,1.35484,1.35486,419
1758236400,1.35485,1.35509,1.35452,1.35509,260
1758237300,1.35510,1.35521,1.35505,1.35512,59
1758238200,1.35512,1.35521,1.35478,1.35505,190
1758239100,1.35504,1.35506,1.35492,1.35493,106
1758240000,1.35451,1.35506,1.35358,1.35447,164
1758240900,1.35447,1.35491,1.35439,1.35487,97
1758241800,1.35487,1.35513,1.35472,1.35492,246
1758242700,1.35492,1.35521,1.35486,1.35520,239
1758243600,1.35523,1.35547,1.35513,1.35545,257
1758244500,1.35545,1.35547,1.35522,1.35524,568
1758245400,1.35525,1.35535,1.35509,1.35530,427
1758246300,1.35530,1.35540,1.35512,1.35518,711
1758247200,1.35517,1.35532,1.35516,1.35523,81
1758248100,1.35524,1.35531,1.35517,1.35529,67
1758249000,1.35527,1.35539,1.35513,1.35537,174
1758249900,1.35538,1.35565,1.35535,1.35547,191
1758250800,1.35549,1.35558,1.35428,1.35432,715
1758251700,1.35433,1.35449,1.35402,1.35420,426
1758252600,1.35422,1.35451,1.35404,1.35431,283
1758253500,1.35432,1.35491,1.35408,1.35486,480
1758254400,1.35485,1.35505,1.35418,1.35429,473
1758255300,1.35430,1.35440,1.35399,1.35430,423
1758256200,1.35429,1.35473,1.35419,1.35455,547
1758257100,1.35454,1.35454,1.35364,1.35387,666
1758258000,1.35386,1.35399,1.35332,1.35342,521
1758258900,1.35343,1.35346,1.35313,1.35320,361
1758259800,1.35319,1.35426,1.35312,1.35388,417
1758260700,1.35389,1.35420,1.35372,1.35413,341
1758261600,1.35412,1.35473,1.35412,1.35473,355
1758262500,1.35472,1.35563,1.35472,1.35552,466
1758263400,1.35553,1.35569,1.35503,1.35506,371
1758264300,1.35508,1.35590,1.35471,1.35507,1226
1758265200,1.35509,1.35596,1.35509,1.35563,578
1758266100,1.35564,1.35574,1.35474,1.35486,643
1758267000,1.35485,1.35486,1.35421,1.35442,616
1758267900,1.35443,1.35457,1.35426,1.35443,499
1758268800,1.35442,1.35486,1.35441,1.35476,427
1758269700,1.35474,1.35514,1.35473,1.35501,398
1758270600,1.35499,1.35506,1.35424,1.35455,515
1758271500,1.35454,1.35458,1.35410,1.35442,539
1758272400,1.35435,1.35455,1.35192,1.35199,1344
1758273300,1.35198,1.35200,1.35012,1.35029,1214
1758274200,1.35031,1.35125,1.34973,1.35081,1562
1758275100,1.35082,1.35144,1.35074,1.35081,1514
1758276000,1.35078,1.35093,1.34850,1.35000,1897
1758276900,1.34999,1.35114,1.34938,1.35101,1458
1758277800,1.35100,1.35144,1.34982,1.34983,1124
1758278700,1.34984,1.35001,1.34868,1.34910,1389
1758279600,1.34911,1.34942,1.34825,1.34902,1110
1758280500,1.34903,1.34903,1.34833,1.34891,800
1758281400,1.34892,1.35002,1.34883,1.34935,904
1758282300,1.34934,1.35018,1.34931,1.34995,784
1758283200,1.34994,1.35033,1.34955,1.34973,1071
1758284100,1.34974,1.35064,1.34957,1.35025,615
1758285000,1.35024,1.35103,1.35006,1.35098,662
1758285900,1.35096,1.35099,1.34974,1.35048,876
1758286800,1.35050,1.35089,1.35026,1.35047,540
1758287700,1.35048,1.35082,1.35022,1.35023,484
1758288600,1.35024,1.35063,1.35008,1.35046,373
1758289500,1.35044,1.35072,1.34941,1.34965,674
1758290400,1.34966,1.34983,1.34831,1.34902,888
1758291300,1.34903,1.34954,1.34896,1.34943,570
1758292200,1.34942,1.34987,1.34856,1.34856,662
1758293100,1.34857,1.34857,1.34732,1.34776,1144
1758294000,1.34775,1.34832,1.34718,1.34802,1374
1758294900,1.34803,1.34810,1.34712,1.34724,1036
1758295800,1.34722,1.34746,1.34652,1.34726,1159
1758296700,1.34727,1.34727,1.34631,1.34686,980
1758297600,1.34685,1.34882,1.34683,1.34876,1272
1758298500,1.34875,1.34941,1.34821,1.34856,1268
1758299400,1.34858,1.34933,1.34832,1.34868,1308
1758300300,1.34872,1.34946,1.34853,1.34897,1325
1758301200,1.34895,1.34970,1.34873,1.34908,1454
1758302100,1.34909,1.34981,1.34901,1.34909,1170
1758303000,1.34908,1.34976,1.34891,1.34922,946
1758303900,1.34923,1.34923,1.34809,1.34822,1851
1758304800,1.34821,1.34850,1.34747,1.34804,1307
1758305700,1.34805,1.34821,1.34755,1.34773,1103
1758306600,1.34772,1.34785,1.34722,1.34781,1063
1758307500,1.34780,1.34851,1.34743,1.34823,806
1758308400,1.34824,1.34852,1.34724,1.34754,697
1758309300,1.34755,1.34768,1.34703,1.34732,553
1758310200,1.34731,1.34780,1.34730,1.34772,459
1758311100,1.34769,1.34829,1.34718,1.34826,626
1758312000,1.34827,1.34852,1.34751,1.34762,580
1758312900,1.34763,1.34778,1.34737,1.34750,363
1758313800,1.34751,1.34784,1.34736,1.34752,348
1758314700,1.34754,1.34816,1.34754,1.34762,397
1758315600,1.34761,1.34766,1.34719,1.34734,541
1758316500,1.34735,1.34738,1.34709,1.34731,356
1758317400,1.34732,1.34745,1.34716,1.34723,305
1758318300,1.34725,1.34737,1.34667,1.34692,400
1758319200,1.34691,1.34710,1.34678,1.34692,321
1758320100,1.34693,1.34708,1.34677,1.34681,264
1758321000,1.34679,1.34693,1.34673,1.34683,248
1758321900,1.34684,1.34755,1.34682,1.34724,357
1758322800,1.34723,1.34727,1.34702,1.34702,128
1758323700,1.34700,1.34728,1.34695,1.34728,101
1758324600,1.34727,1.34740,1.34674,1.34737,343
1758325500,1.34738,1.34745,1.34685,1.34699,293
1758499200,1.34573,1.34621,1.34562,1.34621,15
1758500100,1.34621,1.34626,1.34619,1.34624,35
1758501000,1.34623,1.34656,1.34619,1.34654,360
1758501900,1.34655,1.34660,1.34638,1.34644,722
1758502800,1.34644,1.34726,1.34626,1.34699,261
1758503700,1.34699,1.34707,1.34689,1.34698,96
1758504600,1.34698,1.34709,1.34688,1.34700,179
1758505500,1.34700,1.34707,1.34690,1.34707,53
1758506400,1.34708,1.34716,1.34686,1.34690,70
1758507300,1.34691,1.34705,1.34691,1.34691,65
1758508200,1.34689,1.34695,1.34670,1.34670,141
1758509100,1.34671,1.34674,1.34627,1.34628,374
1758510000,1.34627,1.34677,1.34612,1.34674,523
1758510900,1.34673,1.34675,1.34646,1.34671,372
1758511800,1.34670,1.34676,1.34646,1.34648,263
1758512700,1.34647,1.34678,1.34575,1.34678,588
1758513600,1.34677,1.34745,1.34673,1.34718,787
1758514500,1.34717,1.34745,1.34699,1.34708,492
1758515400,1.34707,1.34739,1.34677,1.34705,651
1758516300,1.34704,1.34730,1.34660,1.34664,510
1758517200,1.34663,1.34668,1.34593,1.34615,650
1758518100,1.34616,1.34617,1.34588,1.34611,407
1758519000,1.34609,1.34662,1.34606,1.34655,456
1758519900,1.34651,1.34653,1.34591,1.34591,435
1758520800,1.34590,1.34647,1.34576,1.34645,399
1758521700,1.34644,1.34655,1.34630,1.34642,224
1758522600,1.34641,1.34656,1.34621,1.34646,229
1758523500,1.34647,1.34672,1.34615,1.34623,170
1758524400,1.34622,1.34626,1.34592,1.34615,361
1758525300,1.34613,1.34613,1.34532,1.34532,253
1758526200,1.34532,1.34574,1.34531,1.34556,191
1758527100,1.34557,1.34607,1.34544,1.34606,242
1758528000,1.34605,1.34626,1.34591,1.34621,239
1758528900,1.34622,1.34664,1.34612,1.34661,200
1758529800,1.34660,1.34718,1.34644,1.34701,281
1758530700,1.34702,1.34737,1.34695,1.34716,278
1758531600,1.34711,1.34778,1.34711,1.34764,862
1758532500,1.34760,1.34827,1.34746,1.34817,674
1758533400,1.34814,1.34824,1.34782,1.34815,562
1758534300,1.34814,1.34826,1.34702,1.34747,780
1758535200,1.34745,1.34824,1.34725,1.34733,1096
1758536100,1.34731,1.34833,1.34716,1.34820,1117
1758537000,1.34819,1.34820,1.34746,1.34763,859
1758537900,1.34762,1.34806,1.34748,1.34787,725
1758538800,1.34785,1.35007,1.34766,1.34964,1261
1758539700,1.34963,1.35014,1.34935,1.34967,854
1758540600,1.34966,1.35034,1.34964,1.34978,706
1758541500,1.34987,1.34998,1.34943,1.34959,557
1758542400,1.34960,1.34993,1.34944,1.34954,650
1758543300,1.34953,1.34971,1.34904,1.34918,494
1758544200,1.34917,1.34980,1.34911,1.34966,493
1758545100,1.34967,1.35043,1.34938,1.35023,516
1758546000,1.35022,1.35036,1.34982,1.34999,533
1758546900,1.34998,1.35066,1.34976,1.35033,577
1758547800,1.35032,1.35036,1.34950,1.34978,563
1758548700,1.34979,1.35036,1.34977,1.34995,487
1758549600,1.34994,1.34997,1.34943,1.34963,486
1758550500,1.34964,1.34998,1.34952,1.34976,445
1758551400,1.34978,1.34991,1.34927,1.34932,532
1758552300,1.34934,1.34988,1.34923,1.34981,656
1758553200,1.34983,1.34995,1.34908,1.34956,854
1758554100,1.34955,1.34972,1.34902,1.34911,552
1758555000,1.34910,1.35080,1.34910,1.35065,875
1758555900,1.35066,1.35162,1.35042,1.35082,921
1758556800,1.35083,1.35146,1.34994,1.35074,1579
1758557700,1.35075,1.35106,1.35053,1.35070,809
1758558600,1.35071,1.35123,1.35034,1.35034,1251
1758559500,1.35035,1.35076,1.34984,1.35072,837
1758560400,1.35071,1.35073,1.34995,1.35003,882
1758561300,1.35004,1.35004,1.34925,1.34983,822
1758562200,1.34982,1.35035,1.34948,1.35035,648
1758563100,1.35037,1.35055,1.34943,1.34945,1012
1758564000,1.34948,1.34982,1.34931,1.34931,700
1758564900,1.34932,1.35036,1.34924,1.35023,628
1758565800,1.35022,1.35053,1.35001,1.35006,554
1758566700,1.35007,1.35029,1.34993,1.35024,542
1758567600,1.35022,1.35093,1.35000,1.35072,598
1758568500,1.35074,1.35205,1.35069,1.35107,816
1758569400,1.35105,1.35113,1.35037,1.35053,490
1758570300,1.35049,1.35097,1.35002,1.35085,592
1758571200,1.35084,1.35107,1.35070,1.35081,427
1758572100,1.35082,1.35102,1.35081,1.35093,319
1758573000,1.35092,1.35161,1.35090,1.35160,395
1758573900,1.35161,1.35174,1.35121,1.35163,402
1758574800,1.35162,1.35190,1.35152,1.35172,356
1758575700,1.35173,1.35181,1.35161,1.35172,213
1758576600,1.35171,1.35193,1.35162,1.35162,240
1758577500,1.35164,1.35171,1.35148,1.35167,318
1758578400,1.35168,1.35178,1.35148,1.35159,266
1758579300,1.35160,1.35164,1.35149,1.35164,178
1758580200,1.35163,1.35171,1.35150,1.35163,209
1758581100,1.35162,1.35191,1.35160,1.35161,255
1758582000,1.35160,1.35167,1.35147,1.35161,136
1758582900,1.35162,1.35163,1.35150,1.35160,57
1758583800,1.35161,1.35166,1.35151,1.35159,180
1758584700,1.35160,1.35160,1.35139,1.35151,88
1758585600,1.35072,1.35075,1.35027,1.35028,32
1758586500,1.35028,1.35110,1.35016,1.35109,182
1758587400,1.35109,1.35115,1.35086,1.35089,162
1758588300,1.35089,1.35100,1.35089,1.35090,233
1758589200,1.35091,1.35162,1.35091,1.35133,246
1758590100,1.35132,1.35145,1.35132,1.35138,33
1758591000,1.35138,1.35157,1.35137,1.35139,102
1758591900,1.35139,1.35140,1.35132,1.35138,90
1758592800,1.35138,1.35151,1.35138,1.35145,63
1758593700,1.35146,1.35161,1.35141,1.35158,100
1758594600,1.35157,1.35159,1.35145,1.35150,392
1758595500,1.35151,1.35152,1.35135,1.35140,121
1758596400,1.35140,1.35144,1.35111,1.35119,391
1758597300,1.35120,1.35142,1.35112,1.35139,273
1758598200,1.35138,1.35170,1.35138,1.35158,267
1758599100,1.35159,1.35207,1.35154,1.35206,275
1758600000,1.35205,1.35223,1.35169,1.35184,391
1758600900,1.35185,1.35195,1.35166,1.35173,229
1758601800,1.35172,1.35264,1.35161,1.35252,418
1758602700,1.35253,1.35274,1.35226,1.35230,385
1758603600,1.35229,1.35244,1.35129,1.35133,395
1758604500,1.35134,1.35154,1.35101,1.35101,378
1758605400,1.35100,1.35128,1.35053,1.35114,385
1758606300,1.35115,1.35122,1.35062,1.35092,331
1758607200,1.35091,1.35095,1.35034,1.35051,426
1758608100,1.35050,1.35114,1.35044,1.35112,338
1758609000,1.35113,1.35127,1.35094,1.35123,195
1758609900,1.35125,1.35157,1.35119,1.35157,237
1758610800,1.35158,1.35173,1.35097,1.35117,322
1758611700,1.35118,1.35118,1.35047,1.35062,282
1758612600,1.35063,1.35104,1.35057,1.35094,252
1758613500,1.35093,1.35110,1.35073,1.35075,211
1758614400,1.35071,1.35096,1.35036,1.35074,251
1758615300,1.35075,1.35124,1.35074,1.35113,316
1758616200,1.35112,1.35147,1.35104,1.35123,324
1758617100,1.35124,1.35137,1.35073,1.35073,416
1758618000,1.35072,1.35088,1.35030,1.35059,733
1758618900,1.35057,1.35102,1.35026,1.35092,633
1758619800,1.35095,1.35143,1.35056,1.35143,463
1758620700,1.35144,1.35222,1.35144,1.35156,784
1758621600,1.35158,1.35177,1.35051,1.35116,1283
1758622500,1.35119,1.35147,1.35057,1.35141,1064
1758623400,1.35140,1.35186,1.35107,1.35133,1237
1758624300,1.35134,1.35229,1.35134,1.35204,1468
1758625200,1.35203,1.35229,1.35166,1.35167,841
1758626100,1.35168,1.35280,1.35162,1.35214,778
1758627000,1.35213,1.35213,1.34870,1.34973,1745
1758627900,1.34972,1.35092,1.34966,1.35039,988
1758628800,1.35038,1.35072,1.34970,1.35052,955
1758629700,1.35051,1.35142,1.35043,1.35083,748
1758630600,1.35082,1.35102,1.35034,1.35062,807
1758631500,1.35061,1.35072,1.35024,1.35050,461
1758632400,1.35052,1.35157,1.35020,1.35135,529
1758633300,1.35135,1.35161,1.35055,1.35057,583
1758634200,1.35058,1.35066,1.34993,1.35007,665
1758635100,1.35008,1.35124,1.34990,1.35108,871
1758636000,1.35107,1.35201,1.35100,1.35127,754
1758636900,1.35128,1.35136,1.35061,1.35128,575
1758637800,1.35127,1.35150,1.35104,1.35148,528
1758638700,1.35147,1.35181,1.35136,1.35146,446
1758639600,1.35147,1.35147,1.35097,1.35113,650
1758640500,1.35114,1.35187,1.35114,1.35177,719
1758641400,1.35178,1.35178,1.35113,1.35155,735
1758642300,1.35156,1.35296,1.35143,1.35247,772
1758643200,1.35248,1.35366,1.35248,1.35280,1423
1758644100,1.35282,1.35293,1.35243,1.35245,904
1758645000,1.35246,1.35275,1.35151,1.35162,1175
1758645900,1.35166,1.35226,1.35060,1.35175,2063
1758646800,1.35174,1.35210,1.35094,1.35193,1677
1758647700,1.35196,1.35242,1.35129,1.35149,1358
1758648600,1.35148,1.35223,1.35121,1.35211,1229
1758649500,1.35209,1.35260,1.35142,1.35247,1531
1758650400,1.35246,1.35256,1.35173,1.35217,1173
1758651300,1.35219,1.35220,1.35142,1.35144,622
1758652200,1.35143,1.35151,1.35081,1.35083,785
1758653100,1.35085,1.35177,1.35080,1.35165,749
1758654000,1.35169,1.35183,1.35132,1.35163,550
1758654900,1.35164,1.35233,1.35153,1.35202,592
1758655800,1.35201,1.35233,1.35071,1.35185,1343
1758656700,1.35183,1.35239,1.35180,1.35207,1051
1758657600,1.35206,1.35254,1.35186,1.35231,685
1758658500,1.35232,1.35256,1.35173,1.35225,575
1758659400,1.35226,1.35246,1.35188,1.35218,792
1758660300,1.35217,1.35242,1.35153,1.35168,528
1758661200,1.35167,1.35206,1.35142,1.35193,599
1758662100,1.35194,1.35205,1.35137,1.35166,420
1758663000,1.35165,1.35214,1.35156,1.35212,365
1758663900,1.35213,1.35217,1.35132,1.35167,711
1758664800,1.35168,1.35205,1.35163,1.35182,526
1758665700,1.35183,1.35187,1.35143,1.35174,471
1758666600,1.35175,1.35247,1.35165,1.35243,381
1758667500,1.35239,1.35270,1.35235,1.35252,393
1758668400,1.35251,1.35269,1.35248,1.35263,78
1758669300,1.35262,1.35263,1.35246,1.35246,67
1758670200,1.35245,1.35245,1.35205,1.35215,129
1758671100,1.35216,1.35237,1.35214,1.35235,79
1758672000,1.35187,1.35205,1.35118,1.35205,49
1758672900,1.35204,1.35243,1.35149,1.35152,148
1758673800,1.35152,1.35202,1.35152,1.35172,218
1758674700,1.35171,1.35187,1.35168,1.35178,339
1758675600,1.35176,1.35273,1.35176,1.35240,330
1758676500,1.35240,1.35249,1.35226,1.35230,63
1758677400,1.35230,1.35255,1.35229,1.35251,62
1758678300,1.35251,1.35259,1.35245,1.35249,159
1758679200,1.35250,1.35257,1.35239,1.35241,111
1758680100,1.35242,1.35270,1.35232,1.35262,394
1758681000,1.35263,1.35271,1.35237,1.35242,291
1758681900,1.35243,1.35249,1.35221,1.35242,402
1758682800,1.35244,1.35260,1.35192,1.35194,926
1758683700,1.35195,1.35222,1.35163,1.35169,537
1758684600,1.35168,1.35173,1.35152,1.35165,320
1758685500,1.35168,1.35170,1.35139,1.35148,384
1758686400,1.35149,1.35160,1.35102,1.35128,418
1758687300,1.35129,1.35133,1.35079,1.35098,558
1758688200,1.35098,1.35155,1.35098,1.35139,725
1758689100,1.35138,1.35152,1.35100,1.35111,617
1758690000,1.35110,1.35150,1.35099,1.35142,407
1758690900,1.35142,1.35162,1.35113,1.35118,370
1758691800,1.35117,1.35149,1.35102,1.35142,346
1758692700,1.35143,1.35152,1.35099,1.35111,402
1758693600,1.35110,1.35143,1.35101,1.35105,347
1758694500,1.35108,1.35110,1.35082,1.35087,244
1758695400,1.35086,1.35097,1.35069,1.35095,232
1758696300,1.35096,1.35101,1.35065,1.35071,201
1758697200,1.35070,1.35086,1.35054,1.35083,270
1758698100,1.35084,1.35098,1.35072,1.35098,219
1758699000,1.35097,1.35104,1.35066,1.35074,198
1758699900,1.35073,1.35096,1.35062,1.35088,178
1758700800,1.35087,1.35121,1.35080,1.35091,226
1758701700,1.35092,1.35117,1.35084,1.35103,234
1758702600,1.35102,1.35103,1.35053,1.35071,267
1758703500,1.35072,1.35081,1.35010,1.35063,383
1758704400,1.35064,1.35113,1.35000,1.35010,636
1758705300,1.35011,1.35022,1.34933,1.34974,577
1758706200,1.34973,1.35002,1.34922,1.34986,628
1758707100,1.34988,1.34999,1.34943,1.34987,621
1758708000,1.34986,1.35018,1.34863,1.34876,1236
1758708900,1.34875,1.34917,1.34854,1.34892,662
1758709800,1.34888,1.34888,1.34816,1.34857,783
1758710700,1.34858,1.34878,1.34827,1.34846,643
1758711600,1.34845,1.34847,1.34784,1.34806,1062
1758712500,1.34807,1.34836,1.34740,1.34746,785
1758713400,1.34745,1.34839,1.34732,1.34752,715
1758714300,1.34751,1.34845,1.34747,1.34837,626
1758715200,1.34836,1.34876,1.34815,1.34837,570
1758716100,1.34838,1.34845,1.34804,1.34818,436
1758717000,1.34817,1.34819,1.34736,1.34746,646
1758717900,1.34748,1.34818,1.34713,1.34775,650
1758718800,1.34773,1.34795,1.34712,1.34717,601
1758719700,1.34718,1.34755,1.34703,1.34753,527
1758720600,1.34751,1.34789,1.34691,1.34698,575
1758721500,1.34699,1.34719,1.34644,1.34644,529
1758722400,1.34643,1.34679,1.34615,1.34654,781
1758723300,1.34655,1.34697,1.34617,1.34631,641
1758724200,1.34632,1.34684,1.34586,1.34605,550
1758725100,1.34603,1.34615,1.34552,1.34575,832
1758726000,1.34573,1.34664,1.34553,1.34644,1026
1758726900,1.34645,1.34708,1.34631,1.34656,859
1758727800,1.34655,1.34657,1.34504,1.34506,924
1758728700,1.34508,1.34527,1.34363,1.34456,1589
1758729600,1.34455,1.34476,1.34343,1.34355,1148
1758730500,1.34356,1.34446,1.34335,1.34393,916
1758731400,1.34390,1.34390,1.34266,1.34282,1211
1758732300,1.34284,1.34427,1.34274,1.34375,1283
1758733200,1.34374,1.34379,1.34265,1.34348,1866
1758734100,1.34347,1.34445,1.34302,1.34434,1407
1758735000,1.34435,1.34561,1.34417,1.34559,1413
1758735900,1.34560,1.34575,1.34493,1.34512,1403
1758736800,1.34513,1.34564,1.34450,1.34454,1285
1758737700,1.34455,1.34565,1.34446,1.34512,1017
1758738600,1.34513,1.34543,1.34441,1.34493,1102
1758739500,1.34494,1.34502,1.34450,1.34472,810
1758740400,1.34475,1.34495,1.34431,1.34460,907
1758741300,1.34457,1.34470,1.34423,1.34444,770
1758742200,1.34443,1.34473,1.34406,1.34471,709
1758743100,1.34472,1.34476,1.34391,1.34427,605
1758744000,1.34428,1.34555,1.34422,1.34544,610
1758744900,1.34545,1.34558,1.34514,1.34536,435
1758745800,1.34535,1.34535,1.34484,1.34484,373
1758746700,1.34485,1.34552,1.34465,1.34537,478
1758747600,1.34536,1.34539,1.34434,1.34477,437
1758748500,1.34478,1.34528,1.34476,1.34519,495
1758749400,1.34518,1.34548,1.34501,1.34536,630
1758750300,1.34537,1.34542,1.34483,1.34485,592
1758751200,1.34486,1.34505,1.34453,1.34464,453
1758752100,1.34465,1.34472,1.34432,1.34437,308
1758753000,1.34437,1.34497,1.34437,1.34476,343
1758753900,1.34477,1.34477,1.34444,1.34462,494
1758754800,1.34463,1.34486,1.34454,1.34464,134
1758755700,1.34465,1.34486,1.34456,1.34474,119
1758756600,1.34473,1.34477,1.34464,1.34464,44
1758757500,1.34462,1.34462,1.34434,1.34454,97
1758758400,1.34449,1.34468,1.34414,1.34468,69
1758759300,1.34469,1.34477,1.34433,1.34452,145
1758760200,1.34449,1.34467,1.34430,1.34461,359
1758761100,1.34460,1.34481,1.34435,1.34447,327
1758762000,1.34441,1.34493,1.34401,1.34493,226
1758762900,1.34493,1.34506,1.34493,1.34498,53
1758763800,1.34499,1.34504,1.34496,1.34502,34
1758764700,1.34502,1.34514,1.34501,1.34507,58
1758765600,1.34507,1.34516,1.34495,1.34515,90
1758766500,1.34516,1.34525,1.34505,1.34508,110
1758767400,1.34507,1.34516,1.34497,1.34515,42
1758768300,1.34516,1.34535,1.34490,1.34494,239
1758769200,1.34493,1.34544,1.34487,1.34519,739
1758770100,1.34520,1.34521,1.34495,1.34512,481
1758771000,1.34513,1.34545,1.34513,1.34520,404
1758771900,1.34519,1.34577,1.34503,1.34567,675
1758772800,1.34568,1.34591,1.34534,1.34537,597
1758773700,1.34538,1.34538,1.34498,1.34505,440
1758774600,1.34504,1.34536,1.34494,1.34507,433
1758775500,1.34508,1.34547,1.34491,1.34538,425
1758776400,1.34537,1.34600,1.34537,1.34590,399
1758777300,1.34589,1.34590,1.34561,1.34580,318
1758778200,1.34579,1.34613,1.34579,1.34609,367
1758779100,1.34610,1.34621,1.34575,1.34586,448
1758780000,1.34585,1.34585,1.34556,1.34563,271
1758780900,1.34562,1.34615,1.34556,1.34601,285
1758781800,1.34600,1.34617,1.34595,1.34605,216
1758782700,1.34604,1.34626,1.34594,1.34615,201
1758783600,1.34616,1.34638,1.34602,1.34602,244
1758784500,1.34605,1.34641,1.34605,1.34633,216
1758785400,1.34632,1.34646,1.34628,1.34640,188
1758786300,1.34641,1.34645,1.34620,1.34629,261
1758787200,1.34628,1.34629,1.34576,1.34577,258
1758788100,1.34578,1.34581,1.34551,1.34551,263
1758789000,1.34549,1.34577,1.34548,1.34561,287
1758789900,1.34560,1.34561,1.34535,1.34548,302
1758790800,1.34546,1.34546,1.34497,1.34541,377
1758791700,1.34542,1.34589,1.34532,1.34549,664
1758792600,1.34550,1.34609,1.34540,1.34567,722
1758793500,1.34568,1.34671,1.34541,1.34649,860
1758794400,1.34651,1.34652,1.34564,1.34574,733
1758795300,1.34573,1.34628,1.34567,1.34592,579
1758796200,1.34593,1.34632,1.34523,1.34523,879
1758797100,1.34522,1.34526,1.34364,1.34376,1182
1758798000,1.34375,1.34497,1.34344,1.34475,1136
1758798900,1.34476,1.34508,1.34450,1.34481,699
1758799800,1.34482,1.34532,1.34456,1.34488,603
1758800700,1.34489,1.34534,1.34454,1.34527,773
1758801600,1.34526,1.34592,1.34491,1.34557,789
1758802500,1.34558,1.34562,1.34504,1.34510,602
1758803400,1.34511,1.34517,1.34465,1.34476,588
1758804300,1.34477,1.34528,1.34466,1.34498,708
1758805200,1.34501,1.34524,1.34464,1.34519,591
1758806100,1.34521,1.34538,1.34483,1.34493,434
1758807000,1.34494,1.34565,1.34492,1.34532,497
1758807900,1.34531,1.34547,1.34463,1.34463,552
1758808800,1.34462,1.34479,1.34317,1.34318,886
1758809700,1.34317,1.34364,1.34307,1.34328,551
1758810600,1.34326,1.34337,1.34183,1.34187,649
1758811500,1.34186,1.34245,1.34177,1.34216,613
1758812400,1.34215,1.34229,1.34154,1.34173,879
1758813300,1.34174,1.34183,1.34122,1.34154,901
1758814200,1.34155,1.34155,1.33852,1.33893,2875
1758815100,1.33892,1.33916,1.33724,1.33837,2487
1758816000,1.33836,1.33883,1.33765,1.33877,2326
1758816900,1.33878,1.33927,1.33835,1.33857,1910
1758817800,1.33858,1.33944,1.33758,1.33758,2152
1758818700,1.33756,1.33767,1.33633,1.33710,2048
1758819600,1.33709,1.33843,1.33661,1.33741,2034
1758820500,1.33743,1.33812,1.33694,1.33698,1727
1758821400,1.33700,1.33702,1.33551,1.33583,1943
1758822300,1.33582,1.33674,1.33473,1.33476,1674
1758823200,1.33475,1.33489,1.33413,1.33441,1315
1758824100,1.33443,1.33504,1.33432,1.33482,1224
1758825000,1.33483,1.33513,1.33418,1.33500,1263
1758825900,1.33501,1.33516,1.33470,1.33484,974
1758826800,1.33483,1.33572,1.33467,1.33533,941
1758827700,1.33534,1.33536,1.33457,1.33515,993
1758828600,1.33514,1.33514,1.33428,1.33436,499
1758829500,1.33437,1.33442,1.33360,1.33392,614
1758830400,1.33391,1.33432,1.33354,1.33426,726
1758831300,1.33429,1.33437,1.33271,1.33275,1148
1758832200,1.33271,1.33341,1.33267,1.33308,851
1758833100,1.33309,1.33363,1.33295,1.33352,722
1758834000,1.33351,1.33378,1.33238,1.33259,1095
1758834900,1.33258,1.33320,1.33256,1.33300,675
1758835800,1.33298,1.33342,1.33277,1.33327,564
1758836700,1.33328,1.33379,1.33312,1.33339,630
1758837600,1.33340,1.33398,1.33336,1.33397,650
1758838500,1.33400,1.33406,1.33378,1.33378,523
1758839400,1.33377,1.33388,1.33339,1.33349,490
1758840300,1.33349,1.33387,1.33346,1.33366,463
1758841200,1.33365,1.33390,1.33363,1.33389,113
1758842100,1.33390,1.33428,1.33390,1.33428,108
1758843000,1.33429,1.33443,1.33427,1.33436,94
1758843900,1.33437,1.33469,1.33434,1.33457,149
1758844800,1.33351,1.33371,1.33261,1.33371,24
1758845700,1.33376,1.33398,1.33329,1.33396,106
1758846600,1.33395,1.33443,1.33337,1.33342,706
1758847500,1.33341,1.33379,1.33328,1.33355,527
1758848400,1.33355,1.33452,1.33352,1.33450,152
1758849300,1.33450,1.33452,1.33432,1.33438,42
1758850200,1.33437,1.33442,1.33421,1.33439,79
1758851100,1.33439,1.33446,1.33425,1.33437,111
1758852000,1.33436,1.33436,1.33385,1.33389,124
1758852900,1.33388,1.33389,1.33324,1.33336,257
1758853800,1.33337,1.33371,1.33324,1.33367,243
1758854700,1.33366,1.33368,1.33345,1.33355,146
1758855600,1.33353,1.33360,1.33295,1.33338,492
1758856500,1.33339,1.33363,1.33322,1.33362,472
1758857400,1.33360,1.33416,1.33352,1.33414,355
1758858300,1.33415,1.33458,1.33406,1.33452,431
1758859200,1.33451,1.33481,1.33446,1.33449,594
1758860100,1.33448,1.33466,1.33430,1.33451,373
1758861000,1.33450,1.33478,1.33424,1.33432,417
1758861900,1.33435,1.33445,1.33394,1.33418,446
1758862800,1.33419,1.33477,1.33415,1.33465,409
1758863700,1.33464,1.33513,1.33457,1.33512,298
1758864600,1.33510,1.33546,1.33508,1.33539,376
1758865500,1.33540,1.33556,1.33497,1.33498,337
1758866400,1.33497,1.33528,1.33487,1.33507,250
1758867300,1.33508,1.33540,1.33507,1.33537,247
1758868200,1.33536,1.33540,1.33518,1.33540,205
1758869100,1.33541,1.33542,1.33519,1.33539,212
1758870000,1.33538,1.33538,1.33497,1.33522,308
1758870900,1.33523,1.33554,1.33506,1.33509,314
1758871800,1.33508,1.33548,1.33506,1.33529,231
1758872700,1.33530,1.33548,1.33520,1.33544,237
1758873600,1.33543,1.33568,1.33525,1.33544,235
1758874500,1.33542,1.33576,1.33530,1.33569,214
1758875400,1.33571,1.33571,1.33534,1.33551,247
1758876300,1.33553,1.33554,1.33528,1.33536,241
1758877200,1.33535,1.33590,1.33526,1.33546,643
1758878100,1.33547,1.33561,1.33510,1.33546,575
1758879000,1.33545,1.33627,1.33536,1.33601,589
1758879900,1.33600,1.33640,1.33538,1.33637,751
1758880800,1.33635,1.33697,1.33557,1.33563,1209
1758881700,1.33564,1.33564,1.33452,1.33535,806
1758882600,1.33536,1.33565,1.33473,1.33489,748
1758883500,1.33488,1.33536,1.33460,1.33525,619
1758884400,1.33526,1.33587,1.33512,1.33585,620
1758885300,1.33584,1.33645,1.33583,1.33645,520
1758886200,1.33644,1.33706,1.33626,1.33645,730
1758887100,1.33646,1.33657,1.33608,1.33650,677
1758888000,1.33649,1.33662,1.33597,1.33608,634
1758888900,1.33609,1.33615,1.33538,1.33593,506
1758889800,1.33592,1.33653,1.33584,1.33635,311
1758890700,1.33636,1.33636,1.33507,1.33527,497
1758891600,1.33524,1.33554,1.33502,1.33545,570
1758892500,1.33546,1.33556,1.33467,1.33481,463
1758893400,1.33482,1.33516,1.33473,1.33513,376
1758894300,1.33512,1.33512,1.33433,1.33459,570
1758895200,1.33460,1.33512,1.33454,1.33473,442
1758896100,1.33472,1.33506,1.33439,1.33482,488
1758897000,1.33481,1.33545,1.33481,1.33505,501
1758897900,1.33504,1.33563,1.33496,1.33503,574
1758898800,1.33502,1.33565,1.33485,1.33562,687
1758899700,1.33561,1.33694,1.33561,1.33689,725
1758900600,1.33686,1.33757,1.33618,1.33684,2138
1758901500,1.33685,1.33770,1.33655,1.33770,1774
1758902400,1.33769,1.33882,1.33769,1.33865,1678
1758903300,1.33866,1.33877,1.33760,1.33774,1337
1758904200,1.33773,1.33868,1.33753,1.33836,1941
1758905100,1.33835,1.33866,1.33780,1.33850,1396
1758906000,1.33850,1.33985,1.33848,1.33959,1540
1758906900,1.33960,1.34004,1.33915,1.33935,1584
1758907800,1.33934,1.34027,1.33917,1.34003,1391
1758908700,1.34004,1.34064,1.33963,1.34018,1669
1758909600,1.34017,1.34051,1.33944,1.33953,1419
1758910500,1.33954,1.34102,1.33954,1.34099,757
1758911400,1.34101,1.34129,1.34014,1.34027,808
1758912300,1.34028,1.34036,1.33987,1.34016,842
1758913200,1.34017,1.34075,1.33981,1.33983,719
1758914100,1.33979,1.34083,1.33966,1.34082,730
1758915000,1.34081,1.34097,1.34027,1.34031,490
1758915900,1.34032,1.34045,1.33973,1.33983,514
1758916800,1.33984,1.34030,1.33980,1.34026,453
1758917700,1.34027,1.34034,1.34007,1.34033,286
1758918600,1.34034,1.34074,1.34027,1.34062,280
1758919500,1.34063,1.34072,1.34031,1.34048,398
1758920400,1.34047,1.34065,1.34022,1.34036,386
1758921300,1.34037,1.34059,1.34033,1.34045,295
1758922200,1.34046,1.34078,1.34043,1.34044,275
1758923100,1.34043,1.34114,1.34009,1.34095,606
1758924000,1.34096,1.34097,1.34061,1.34062,389
1758924900,1.34061,1.34071,1.34045,1.34053,288
1758925800,1.34054,1.34075,1.34044,1.34057,238
1758926700,1.34056,1.34082,1.34035,1.34079,279
1758927600,1.34078,1.34090,1.34059,1.34067,99
1758928500,1.34068,1.34082,1.34055,1.34064,107
1758929400,1.34062,1.34062,1.34016,1.34045,72
1758930300,1.34043,1.34060,1.34032,1.34039,243
1759104000,1.33866,1.33918,1.33866,1.33913,12
1759104900,1.33916,1.33937,1.33910,1.33919,54
1759105800,1.33917,1.33988,1.33887,1.33987,185
1759106700,1.33988,1.33998,1.33958,1.33998,236
1759107600,1.33997,1.34031,1.33936,1.34031,311
1759108500,1.34031,1.34057,1.34031,1.34048,75
1759109400,1.34049,1.34054,1.34038,1.34046,65
1759110300,1.34047,1.34049,1.34036,1.34042,76
1759111200,1.34043,1.34061,1.34037,1.34060,120
1759112100,1.34061,1.34103,1.34057,1.34100,144
1759113000,1.34097,1.34110,1.34093,1.34106,126
1759113900,1.34105,1.34107,1.34069,1.34072,196
1759114800,1.34072,1.34176,1.34067,1.34165,666
1759115700,1.34166,1.34193,1.34152,1.34176,365
1759116600,1.34175,1.34224,1.34174,1.34213,359
1759117500,1.34214,1.34248,1.34213,1.34239,365
1759118400,1.34238,1.34238,1.34167,1.34167,477
1759119300,1.34168,1.34217,1.34164,1.34210,614
1759120200,1.34209,1.34285,1.34200,1.34256,572
1759121100,1.34257,1.34277,1.34233,1.34267,544
1759122000,1.34266,1.34322,1.34259,1.34274,516
1759122900,1.34271,1.34321,1.34268,1.34304,392
1759123800,1.34303,1.34340,1.34298,1.34323,380
1759124700,1.34321,1.34333,1.34286,1.34294,377
1759125600,1.34296,1.34328,1.34288,1.34319,444
1759126500,1.34317,1.34339,1.34312,1.34331,231
1759127400,1.34330,1.34337,1.34314,1.34335,258
1759128300,1.34334,1.34344,1.34319,1.34321,290
1759129200,1.34320,1.34323,1.34285,1.34316,321
1759130100,1.34317,1.34331,1.34308,1.34325,192
1759131000,1.34324,1.34357,1.34320,1.34356,234
1759131900,1.34357,1.34415,1.34355,1.34376,333
1759132800,1.34375,1.34409,1.34362,1.34407,356
1759133700,1.34408,1.34408,1.34384,1.34396,232
1759134600,1.34395,1.34429,1.34343,1.34390,491
1759135500,1.34391,1.34423,1.34383,1.34418,449
1759136400,1.34417,1.34426,1.34343,1.34393,865
1759137300,1.34394,1.34417,1.34375,1.34394,469
1759138200,1.34395,1.34412,1.34359,1.34388,505
1759139100,1.34386,1.34408,1.34351,1.34381,559
1759140000,1.34380,1.34460,1.34367,1.34445,749
1759140900,1.34444,1.34483,1.34441,1.34461,547
1759141800,1.34463,1.34473,1.34393,1.34433,666
1759142700,1.34432,1.34497,1.34428,1.34464,617
1759143600,1.34463,1.34493,1.34435,1.34478,592
1759144500,1.34479,1.34505,1.34316,1.34365,729
1759145400,1.34367,1.34417,1.34343,1.34347,542
1759146300,1.34348,1.34391,1.34345,1.34356,502
1759147200,1.34361,1.34400,1.34335,1.34384,485
1759148100,1.34384,1.34423,1.34370,1.34402,479
1759149000,1.34404,1.34426,1.34353,1.34370,468
1759149900,1.34370,1.34373,1.34303,1.34313,459
1759150800,1.34314,1.34322,1.34295,1.34322,354
1759151700,1.34323,1.34332,1.34272,1.34294,445
1759152600,1.34293,1.34306,1.34253,1.34279,421
1759153500,1.34280,1.34319,1.34271,1.34281,511
1759154400,1.34282,1.34308,1.34246,1.34256,477
1759155300,1.34255,1.34291,1.34252,1.34267,452
1759156200,1.34266,1.34363,1.34261,1.34351,439
1759157100,1.34352,1.34474,1.34293,1.34474,597
1759158000,1.34475,1.34484,1.34371,1.34409,893
1759158900,1.34410,1.34437,1.34363,1.34385,603
1759159800,1.34384,1.34486,1.34344,1.34448,1190
1759160700,1.34448,1.34566,1.34448,1.34515,1227
1759161600,1.34514,1.34520,1.34436,1.34461,1209
1759162500,1.34462,1.34472,1.34409,1.34445,831
1759163400,1.34446,1.34517,1.34438,1.34482,1350
1759164300,1.34483,1.34516,1.34376,1.34385,911
1759165200,1.34378,1.34398,1.34285,1.34293,1332
1759166100,1.34294,1.34306,1.34201,1.34230,968
1759167000,1.34229,1.34279,1.34206,1.34263,952
1759167900,1.34264,1.34264,1.34160,1.34182,1124
1759168800,1.34183,1.34234,1.34172,1.34221,1239
1759169700,1.34222,1.34363,1.34210,1.34352,957
1759170600,1.34353,1.34355,1.34278,1.34304,825
1759171500,1.34305,1.34345,1.34296,1.34322,553
1759172400,1.34324,1.34354,1.34263,1.34341,534
1759173300,1.34342,1.34360,1.34306,1.34324,423
1759174200,1.34325,1.34340,1.34282,1.34284,364
1759175100,1.34287,1.34310,1.34274,1.34310,355
1759176000,1.34309,1.34341,1.34288,1.34293,475
1759176900,1.34292,1.34297,1.34255,1.34264,451
1759177800,1.34263,1.34268,1.34238,1.34250,440
1759178700,1.34249,1.34296,1.34246,1.34251,430
1759179600,1.34253,1.34287,1.34233,1.34286,283
1759180500,1.34285,1.34337,1.34284,1.34334,292
1759181400,1.34333,1.34354,1.34323,1.34337,296
1759182300,1.34344,1.34388,1.34333,1.34378,239
1759183200,1.34379,1.34380,1.34346,1.34360,344
1759184100,1.34361,1.34385,1.34349,1.34367,275
1759185000,1.34366,1.34375,1.34345,1.34359,141
1759185900,1.34360,1.34370,1.34345,1.34359,275
1759186800,1.34358,1.34358,1.34323,1.34323,128
1759187700,1.34324,1.34330,1.34306,1.34306,79
1759188600,1.34307,1.34311,1.34296,1.34308,65
1759189500,1.34309,1.34311,1.34297,1.34311,127
1759190400,1.34208,1.34252,1.34208,1.34252,19
1759191300,1.34250,1.34269,1.34230,1.34232,122
1759192200,1.34230,1.34270,1.34207,1.34239,292
1759193100,1.34239,1.34265,1.34208,1.34212,236
1759194000,1.34217,1.34331,1.34201,1.34315,125
1759194900,1.34315,1.34330,1.34313,1.34314,50
1759195800,1.34314,1.34315,1.34305,1.34315,78
1759196700,1.34315,1.34337,1.34315,1.34335,68
1759197600,1.34335,1.34350,1.34334,1.34350,25
1759198500,1.34349,1.34375,1.34347,1.34364,61
1759199400,1.34365,1.34367,1.34357,1.34362,38
1759200300,1.34363,1.34376,1.34346,1.34350,122
1759201200,1.34349,1.34349,1.34295,1.34340,570
1759202100,1.34341,1.34361,1.34319,1.34327,381
1759203000,1.34326,1.34326,1.34274,1.34279,328
1759203900,1.34283,1.34284,1.34207,1.34250,879
1759204800,1.34249,1.34332,1.34249,1.34321,851
1759205700,1.34322,1.34330,1.34295,1.34327,405
1759206600,1.34328,1.34346,1.34276,1.34283,525
1759207500,1.34286,1.34299,1.34223,1.34230,531
1759208400,1.34229,1.34250,1.34206,1.34246,454
1759209300,1.34247,1.34299,1.34244,1.34282,291
1759210200,1.34281,1.34319,1.34274,1.34304,262
1759211100,1.34305,1.34322,1.34295,1.34311,336
1759212000,1.34312,1.34336,1.34279,1.34327,362
1759212900,1.34328,1.34353,1.34308,1.34348,313
1759213800,1.34349,1.34358,1.34323,1.34342,296
1759214700,1.34343,1.34388,1.34343,1.34354,300
1759215600,1.34354,1.34366,1.34328,1.34330,264
1759216500,1.34331,1.34338,1.34279,1.34287,273
1759217400,1.34286,1.34353,1.34279,1.34326,502
1759218300,1.34327,1.34384,1.34319,1.34383,385
1759219200,1.34384,1.34434,1.34378,1.34426,466
1759220100,1.34427,1.34467,1.34405,1.34407,470
1759221000,1.34406,1.34419,1.34356,1.34358,495
1759221900,1.34357,1.34407,1.34333,1.34333,519
1759222800,1.34333,1.34398,1.34284,1.34377,1026
1759223700,1.34379,1.34457,1.34365,1.34448,746
1759224600,1.34447,1.34517,1.34443,1.34503,697
1759225500,1.34504,1.34514,1.34404,1.34404,747
1759226400,1.34403,1.34434,1.34374,1.34405,766
1759227300,1.34406,1.34515,1.34397,1.34487,803
1759228200,1.34486,1.34489,1.34319,1.34390,1363
1759229100,1.34389,1.34475,1.34389,1.34469,988
1759230000,1.34468,1.34520,1.34456,1.34504,1115
1759230900,1.34503,1.34512,1.34407,1.34434,834
1759231800,1.34433,1.34518,1.34433,1.34486,976
1759232700,1.34486,1.34520,1.34447,1.34459,659
1759233600,1.34458,1.34496,1.34412,1.34429,858
1759234500,1.34428,1.34465,1.34417,1.34418,616
1759235400,1.34416,1.34441,1.34409,1.34439,525
1759236300,1.34438,1.34490,1.34429,1.34443,711
1759237200,1.34444,1.34507,1.34414,1.34425,400
1759238100,1.34424,1.34449,1.34384,1.34397,577
1759239000,1.34395,1.34431,1.34389,1.34420,519
1759239900,1.34421,1.34435,1.34363,1.34377,645
1759240800,1.34378,1.34438,1.34249,1.34254,758
1759241700,1.34255,1.34332,1.34247,1.34314,582
1759242600,1.34313,1.34366,1.34312,1.34337,318
1759243500,1.34336,1.34374,1.34323,1.34369,454
1759244400,1.34370,1.34477,1.34365,1.34450,978
1759245300,1.34449,1.34520,1.34437,1.34470,875
1759246200,1.34470,1.34480,1.34387,1.34387,734
1759247100,1.34388,1.34443,1.34382,1.34423,646
1759248000,1.34424,1.34450,1.34227,1.34298,962
1759248900,1.34299,1.34299,1.34136,1.34198,888
1759249800,1.34199,1.34378,1.34196,1.34376,985
1759250700,1.34377,1.34503,1.34367,1.34432,1457
1759251600,1.34430,1.34499,1.34349,1.34485,1983
1759252500,1.34486,1.34487,1.34393,1.34447,1491
1759253400,1.34448,1.34559,1.34448,1.34531,1252
1759254300,1.34533,1.34671,1.34514,1.34620,2136
1759255200,1.34618,1.34630,1.34480,1.34495,1682
1759256100,1.34497,1.34500,1.34417,1.34418,1120
1759257000,1.34420,1.34459,1.34382,1.34397,1308
1759257900,1.34398,1.34432,1.34363,1.34430,1026
1759258800,1.34429,1.34476,1.34395,1.34413,1000
1759259700,1.34413,1.34492,1.34402,1.34491,700
1759260600,1.34491,1.34546,1.34464,1.34533,792
1759261500,1.34532,1.34624,1.34500,1.34588,838
1759262400,1.34587,1.34608,1.34546,1.34561,662
1759263300,1.34560,1.34638,1.34560,1.34606,572
1759264200,1.34605,1.34627,1.34596,1.34606,447
1759265100,1.34605,1.34606,1.34497,1.34508,719
1759266000,1.34507,1.34529,1.34474,1.34525,604
1759266900,1.34524,1.34528,1.34447,1.34459,472
1759267800,1.34458,1.34497,1.34407,1.34466,622
1759268700,1.34467,1.34521,1.34447,1.34487,450
1759269600,1.34488,1.34506,1.34438,1.34481,574
1759270500,1.34480,1.34514,1.34471,1.34485,378
1759271400,1.34485,1.34486,1.34456,1.34477,428
1759272300,1.34480,1.34520,1.34473,1.34489,363
1759273200,1.34490,1.34495,1.34408,1.34416,240
1759274100,1.34417,1.34449,1.34396,1.34406,135
1759275000,1.34407,1.34419,1.34398,1.34398,95
1759275900,1.34399,1.34432,1.34399,1.34414,257
1759276800,1.34405,1.34408,1.34403,1.34408,4
1759277700,1.34408,1.34409,1.34404,1.34405,15
1759278600,1.34405,1.34431,1.34405,1.34427,307
1759279500,1.34427,1.34440,1.34384,1.34428,659
1759280400,1.34425,1.34511,1.34408,1.34473,224
1759281300,1.34473,1.34477,1.34457,1.34457,114
1759282200,1.34458,1.34461,1.34439,1.34440,74
1759283100,1.34440,1.34441,1.34427,1.34437,155
1759284000,1.34437,1.34499,1.34429,1.34474,171
1759284900,1.34475,1.34491,1.34466,1.34466,101
1759285800,1.34466,1.34467,1.34434,1.34451,109
1759286700,1.34453,1.34464,1.34424,1.34427,163
1759287600,1.34426,1.34426,1.34359,1.34369,607
1759288500,1.34370,1.34432,1.34365,1.34416,507
1759289400,1.34414,1.34432,1.34397,1.34408,327
1759290300,1.34407,1.34440,1.34395,1.34409,348
1759291200,1.34408,1.34419,1.34350,1.34387,383
1759292100,1.34388,1.34419,1.34386,1.34411,314
1759293000,1.34410,1.34420,1.34377,1.34416,355
1759293900,1.34417,1.34424,1.34385,1.34420,310
1759294800,1.34419,1.34436,1.34390,1.34390,349
1759295700,1.34391,1.34432,1.34391,1.34410,285
1759296600,1.34409,1.34415,1.34351,1.34370,372
1759297500,1.34371,1.34425,1.34369,1.34413,370
1759298400,1.34414,1.34428,1.34389,1.34397,323
1759299300,1.34398,1.34404,1.34378,1.34397,290
1759300200,1.34396,1.34397,1.34360,1.34382,237
1759301100,1.34383,1.34423,1.34379,1.34408,309
1759302000,1.34409,1.34467,1.34409,1.34444,296
1759302900,1.34447,1.34478,1.34446,1.34476,279
1759303800,1.34477,1.34526,1.34477,1.34519,327
1759304700,1.34518,1.34638,1.34514,1.34631,444
1759305600,1.34634,1.34722,1.34596,1.34624,908
1759306500,1.34625,1.34664,1.34605,1.34624,535
1759307400,1.34623,1.34636,1.34604,1.34607,323
1759308300,1.34608,1.34609,1.34556,1.34557,401
1759309200,1.34556,1.34660,1.34553,1.34622,794
1759310100,1.34621,1.34675,1.34590,1.34674,713
1759311000,1.34672,1.34777,1.34657,1.34766,843
1759311900,1.34767,1.34775,1.34654,1.34661,1297
1759312800,1.34659,1.34771,1.34658,1.34747,1545
1759313700,1.34749,1.34775,1.34559,1.34577,1467
1759314600,1.34576,1.34668,1.34536,1.34596,1632
1759315500,1.34595,1.34701,1.34589,1.34673,1193
1759316400,1.34672,1.34732,1.34666,1.34686,1338
1759317300,1.34687,1.34767,1.34676,1.34721,1057
1759318200,1.34719,1.34802,1.34701,1.34752,843
1759319100,1.34754,1.34764,1.34668,1.34673,613
1759320000,1.34674,1.34736,1.34666,1.34713,636
1759320900,1.34712,1.34721,1.34662,1.34708,621
1759321800,1.34707,1.34751,1.34667,1.34727,773
1759322700,1.34724,1.34750,1.34626,1.34645,793
1759323600,1.34642,1.34680,1.34619,1.34674,909
1759324500,1.34673,1.34685,1.34596,1.34603,924
1759325400,1.34600,1.34725,1.34578,1.34709,708
1759326300,1.34710,1.34760,1.34686,1.34710,685
1759327200,1.34709,1.34808,1.34707,1.34786,756
1759328100,1.34787,1.34855,1.34785,1.34846,689
1759329000,1.34844,1.34870,1.34815,1.34857,630
1759329900,1.34859,1.34886,1.34803,1.34820,650
1759330800,1.34819,1.34836,1.34696,1.34746,1038
1759331700,1.34744,1.35194,1.34718,1.35011,4516
1759332600,1.35010,1.35184,1.35006,1.35179,3065
1759333500,1.35183,1.35216,1.35069,1.35126,1924
1759334400,1.35125,1.35202,1.35077,1.35139,1803
1759335300,1.35138,1.35181,1.35065,1.35165,1379
1759336200,1.35163,1.35274,1.35162,1.35253,1434
1759337100,1.35254,1.35267,1.35112,1.35163,1442
1759338000,1.35163,1.35243,1.34977,1.34977,2410
1759338900,1.34978,1.35056,1.34928,1.35022,1718
1759339800,1.35024,1.35142,1.35018,1.35122,1618
1759340700,1.35123,1.35189,1.34935,1.35068,4679
1759341600,1.35067,1.35080,1.34828,1.34848,2546
1759342500,1.34849,1.34856,1.34720,1.34757,1582
1759343400,1.34759,1.34837,1.34731,1.34796,1326
1759344300,1.34797,1.34821,1.34708,1.34717,888
1759345200,1.34718,1.34767,1.34654,1.34705,1013
1759346100,1.34704,1.34758,1.34678,1.34748,682
1759347000,1.34746,1.34750,1.34654,1.34666,731
1759347900,1.34665,1.34757,1.34665,1.34742,734
1759348800,1.34743,1.34782,1.34721,1.34770,612
1759349700,1.34771,1.34790,1.34761,1.34767,393
1759350600,1.34766,1.34768,1.34716,1.34730,483
1759351500,1.34731,1.34748,1.34717,1.34726,581
1759352400,1.34727,1.34778,1.34687,1.34776,597
1759353300,1.34775,1.34831,1.34773,1.34829,489
1759354200,1.34828,1.34865,1.34826,1.34847,624
1759355100,1.34846,1.34894,1.34835,1.34859,677
1759356000,1.34858,1.34883,1.34807,1.34821,308
1759356900,1.34822,1.34825,1.34797,1.34818,247
1759357800,1.34817,1.34859,1.34812,1.34829,308
1759358700,1.34828,1.34839,1.34791,1.34797,433
1759359600,1.34798,1.34799,1.34749,1.34757,127
1759360500,1.34756,1.34762,1.34723,1.34728,123
1759361400,1.34729,1.34749,1.34729,1.34740,127
1759362300,1.34739,1.34744,1.34719,1.34739,171
1759363200,1.34723,1.34723,1.34687,1.34721,7
1759364100,1.34703,1.34719,1.34699,1.34719,7
1759365000,1.34718,1.34752,1.34713,1.34749,73
1759365900,1.34750,1.34774,1.34695,1.34762,179
1759366800,1.34766,1.34802,1.34762,1.34777,133
1759367700,1.34778,1.34810,1.34778,1.34804,106
1759368600,1.34803,1.34809,1.34788,1.34800,95
1759369500,1.34800,1.34803,1.34789,1.34789,66
1759370400,1.34789,1.34820,1.34789,1.34812,86
1759371300,1.34813,1.34831,1.34802,1.34831,50
1759372200,1.34830,1.34832,1.34812,1.34819,64
1759373100,1.34820,1.34820,1.34782,1.34784,144
1759374000,1.34783,1.34786,1.34707,1.34710,611
1759374900,1.34712,1.34743,1.34699,1.34713,379
1759375800,1.34712,1.34723,1.34694,1.34714,378
1759376700,1.34715,1.34742,1.34692,1.34693,623
1759377600,1.34694,1.34752,1.34673,1.34740,681
1759378500,1.34741,1.34819,1.34734,1.34799,422
1759379400,1.34800,1.34839,1.34794,1.34807,442
1759380300,1.34806,1.34841,1.34806,1.34841,351
1759381200,1.34840,1.34875,1.34819,1.34850,412
1759382100,1.34851,1.34851,1.34803,1.34828,333
1759383000,1.34827,1.34841,1.34810,1.34810,225
1759383900,1.34809,1.34833,1.34797,1.34809,268
1759384800,1.34810,1.34812,1.34760,1.34812,226
1759385700,1.34813,1.34813,1.34792,1.34794,215
1759386600,1.34793,1.34793,1.34762,1.34764,250
1759387500,1.34765,1.34791,1.34765,1.34780,243
1759388400,1.34781,1.34789,1.34755,1.34758,227
1759389300,1.34759,1.34776,1.34757,1.34771,211
1759390200,1.34770,1.34775,1.34740,1.34746,273
1759391100,1.34747,1.34773,1.34742,1.34754,199
1759392000,1.34753,1.34786,1.34691,1.34698,506
1759392900,1.34701,1.34738,1.34700,1.34732,284
1759393800,1.34734,1.34779,1.34720,1.34772,341
1759394700,1.34773,1.34783,1.34741,1.34753,290
1759395600,1.34752,1.34821,1.34752,1.34782,512
1759396500,1.34780,1.34797,1.34767,1.34778,346
1759397400,1.34780,1.34860,1.34741,1.34759,1073
1759398300,1.34758,1.34896,1.34735,1.34896,1253
1759399200,1.34895,1.35005,1.34877,1.34971,1337
1759400100,1.34972,1.34991,1.34892,1.34892,770
1759401000,1.34891,1.34964,1.34891,1.34963,663
1759401900,1.34962,1.35006,1.34922,1.34942,901
1759402800,1.34944,1.35000,1.34921,1.34980,754
1759403700,1.34981,1.35012,1.34937,1.34957,658
1759404600,1.34958,1.34990,1.34918,1.34971,660
1759405500,1.34972,1.35102,1.34952,1.35046,687
1759406400,1.35045,1.35079,1.34979,1.35040,710
1759407300,1.35041,1.35061,1.34989,1.35019,632
1759408200,1.35017,1.35065,1.34969,1.34997,554
1759409100,1.34999,1.35021,1.34978,1.34989,616
1759410000,1.34988,1.34988,1.34914,1.34922,706
1759410900,1.34919,1.34927,1.34849,1.34871,519
1759411800,1.34874,1.34898,1.34808,1.34821,564
1759412700,1.34820,1.34856,1.34801,1.34801,551
1759413600,1.34802,1.34829,1.34717,1.34775,641
1759414500,1.34773,1.34778,1.34732,1.34741,538
1759415400,1.34740,1.34797,1.34711,1.34780,782
1759416300,1.34781,1.34788,1.34708,1.34764,843
1759417200,1.34763,1.34810,1.34748,1.34803,866
1759418100,1.34804,1.34829,1.34782,1.34808,557
1759419000,1.34807,1.34812,1.34697,1.34720,837
1759419900,1.34722,1.34732,1.34640,1.34658,1037
1759420800,1.34659,1.34687,1.34567,1.34567,1149
1759421700,1.34560,1.34597,1.34520,1.34576,987
1759422600,1.34577,1.34606,1.34357,1.34370,1681
1759423500,1.34369,1.34413,1.34266,1.34305,1711
1759424400,1.34304,1.34305,1.34171,1.34218,1752
1759425300,1.34219,1.34237,1.34152,1.34227,1240
1759426200,1.34228,1.34243,1.34170,1.34174,1156
1759427100,1.34178,1.34246,1.34106,1.34207,1623
1759428000,1.34206,1.34272,1.34181,1.34183,1356
1759428900,1.34184,1.34186,1.34107,1.34140,1295
1759429800,1.34139,1.34139,1.34003,1.34071,1178
1759430700,1.34072,1.34217,1.34035,1.34213,991
1759431600,1.34212,1.34326,1.34203,1.34302,990
1759432500,1.34300,1.34350,1.34283,1.34324,670
1759433400,1.34323,1.34379,1.34308,1.34371,591
1759434300,1.34372,1.34393,1.34332,1.34391,476
1759435200,1.34390,1.34453,1.34370,1.34399,536
1759436100,1.34400,1.34427,1.34391,1.34398,517
1759437000,1.34400,1.34404,1.34359,1.34377,489
1759437900,1.34378,1.34409,1.34365,1.34379,435
1759438800,1.34378,1.34439,1.34362,1.34423,511
1759439700,1.34424,1.34451,1.34416,1.34449,377
1759440600,1.34448,1.34475,1.34438,1.34442,395
1759441500,1.34443,1.34480,1.34441,1.34468,424
1759442400,1.34467,1.34519,1.34467,1.34491,313
1759443300,1.34492,1.34494,1.34474,1.34474,228
1759444200,1.34473,1.34473,1.34438,1.34441,286
1759445100,1.34442,1.34457,1.34431,1.34432,343
1759446000,1.34431,1.34497,1.34418,1.34454,177
1759446900,1.34452,1.34452,1.34421,1.34430,91
1759447800,1.34429,1.34445,1.34420,1.34420,69
1759448700,1.34419,1.34419,1.34395,1.34412,267
1759449600,1.34296,1.34376,1.34296,1.34357,27
1759450500,1.34357,1.34413,1.34285,1.34300,116
1759451400,1.34300,1.34386,1.34296,1.34385,175
1759452300,1.34386,1.34387,1.34350,1.34371,132
1759453200,1.34371,1.34542,1.34345,1.34446,236
1759454100,1.34446,1.34446,1.34418,1.34424,86
1759455000,1.34424,1.34424,1.34398,1.34410,44
1759455900,1.34410,1.34414,1.34405,1.34410,39
1759456800,1.34410,1.34418,1.34409,1.34410,35
1759457700,1.34411,1.34439,1.34410,1.34430,47
1759458600,1.34429,1.34451,1.34429,1.34441,42
1759459500,1.34442,1.34464,1.34442,1.34464,97
1759460400,1.34462,1.34463,1.34393,1.34434,425
1759461300,1.34435,1.34443,1.34420,1.34431,291
1759462200,1.34430,1.34444,1.34410,1.34436,239
1759463100,1.34437,1.34461,1.34435,1.34448,376
1759464000,1.34447,1.34507,1.34396,1.34402,896
1759464900,1.34401,1.34412,1.34331,1.34350,590
1759465800,1.34349,1.34397,1.34337,1.34393,485
1759466700,1.34394,1.34469,1.34389,1.34452,383
1759467600,1.34453,1.34459,1.34399,1.34417,300
1759468500,1.34418,1.34424,1.34387,1.34388,230
1759469400,1.34384,1.34412,1.34360,1.34410,268
1759470300,1.34411,1.34412,1.34380,1.34395,209
1759471200,1.34394,1.34416,1.34361,1.34368,229
1759472100,1.34366,1.34378,1.34357,1.34357,179
1759473000,1.34356,1.34398,1.34356,1.34392,136
1759473900,1.34393,1.34452,1.34386,1.34448,148
1759474800,1.34447,1.34461,1.34427,1.34429,250
1759475700,1.34428,1.34428,1.34409,1.34419,97
1759476600,1.34418,1.34418,1.34370,1.34400,169
1759477500,1.34401,1.34401,1.34354,1.34355,218
1759478400,1.34354,1.34360,1.34315,1.34347,412
1759479300,1.34348,1.34365,1.34319,1.34341,513
1759480200,1.34340,1.34351,1.34327,1.34338,286
1759481100,1.34339,1.34368,1.34306,1.34322,398
1759482000,1.34321,1.34386,1.34288,1.34378,685
1759482900,1.34380,1.34413,1.34349,1.34362,477
1759483800,1.34361,1.34437,1.34361,1.34417,581
1759484700,1.34418,1.34429,1.34326,1.34341,555
1759485600,1.34345,1.34417,1.34345,1.34402,627
1759486500,1.34403,1.34461,1.34384,1.34452,442
1759487400,1.34451,1.34611,1.34451,1.34560,679
1759488300,1.34561,1.34605,1.34513,1.34603,612
1759489200,1.34602,1.34672,1.34596,1.34640,800
1759490100,1.34641,1.34645,1.34586,1.34612,608
1759491000,1.34599,1.34610,1.34526,1.34609,746
1759491900,1.34607,1.34643,1.34568,1.34580,836
1759492800,1.34579,1.34582,1.34467,1.34484,740
1759493700,1.34485,1.34497,1.34420,1.34471,599
1759494600,1.34473,1.34521,1.34472,1.34512,410
1759495500,1.34513,1.34541,1.34496,1.34538,419
1759496400,1.34539,1.34551,1.34484,1.34536,424
1759497300,1.34537,1.34542,1.34486,1.34500,310
1759498200,1.34501,1.34560,1.34496,1.34559,380
1759499100,1.34560,1.34563,1.34514,1.34525,446
1759500000,1.34526,1.34528,1.34454,1.34490,422
1759500900,1.34491,1.34519,1.34447,1.34488,510
1759501800,1.34487,1.34553,1.34481,1.34520,618
1759502700,1.34519,1.34524,1.34465,1.34491,796
1759503600,1.34492,1.34519,1.34448,1.34457,649
1759504500,1.34456,1.34526,1.34443,1.34475,597
1759505400,1.34476,1.34496,1.34371,1.34451,1018
1759506300,1.34452,1.34599,1.34434,1.34581,988
1759507200,1.34583,1.34606,1.34505,1.34537,1031
1759508100,1.34536,1.34626,1.34535,1.34621,1003
1759509000,1.34620,1.34689,1.34606,1.34648,1211
1759509900,1.34649,1.34673,1.34610,1.34615,1491
1759510800,1.34636,1.34778,1.34573,1.34612,2892
1759511700,1.34609,1.34666,1.34583,1.34611,2045
1759512600,1.34609,1.34648,1.34574,1.34617,1553
1759513500,1.34618,1.34730,1.34589,1.34720,1297
1759514400,1.34719,1.34720,1.34657,1.34704,1007
1759515300,1.34703,1.34787,1.34683,1.34759,896
1759516200,1.34758,1.34787,1.34725,1.34775,831
1759517100,1.34776,1.34853,1.34774,1.34794,792
1759518000,1.34792,1.34846,1.34763,1.34796,610
1759518900,1.34797,1.34802,1.34732,1.34761,467
1759519800,1.34760,1.34785,1.34755,1.34770,334
1759520700,1.34771,1.34793,1.34761,1.34776,342
1759521600,1.34775,1.34799,1.34747,1.34788,395
1759522500,1.34789,1.34804,1.34769,1.34800,356
1759523400,1.34799,1.34824,1.34788,1.34807,333
1759524300,1.34806,1.34806,1.34671,1.34711,646
1759525200,1.34712,1.34720,1.34631,1.34700,836
1759526100,1.34701,1.34719,1.34685,1.34709,510
1759527000,1.34708,1.34768,1.34706,1.34767,398
1759527900,1.34768,1.34808,1.34747,1.34799,387
1759528800,1.34798,1.34822,1.34771,1.34800,373
1759529700,1.34801,1.34837,1.34801,1.34821,193
1759530600,1.34820,1.34838,1.34812,1.34837,141
1759531500,1.34838,1.34841,1.34796,1.34829,160
1759532400,1.34830,1.34860,1.34818,1.34818,125
1759533300,1.34819,1.34827,1.34801,1.34819,144
1759534200,1.34819,1.34819,1.34781,1.34790,104
1759535100,1.34789,1.34806,1.34778,1.34798,95
1759708800,1.34357,1.34409,1.34312,1.34409,27
1759709700,1.34408,1.34458,1.34367,1.34386,245
1759710600,1.34388,1.34482,1.34339,1.34396,140
1759711500,1.34396,1.34462,1.34376,1.34404,138
1759712400,1.34403,1.34419,1.34230,1.34270,770
1759713300,1.34270,1.34335,1.34270,1.34326,439
1759714200,1.34325,1.34369,1.34317,1.34369,392
1759715100,1.34370,1.34370,1.34341,1.34349,180
1759716000,1.34349,1.34354,1.34299,1.34343,507
1759716900,1.34342,1.34384,1.34316,1.34342,920
1759717800,1.34343,1.34344,1.34264,1.34300,1158
1759718700,1.34303,1.34338,1.34284,1.34318,1256
1759719600,1.34319,1.34389,1.34279,1.34287,1009
1759720500,1.34288,1.34359,1.34287,1.34328,427
1759721400,1.34329,1.34369,1.34327,1.34333,542
1759722300,1.34334,1.34401,1.34334,1.34400,612
1759723200,1.34399,1.34427,1.34365,1.34410,473
1759724100,1.34416,1.34426,1.34356,1.34372,497
1759725000,1.34373,1.34470,1.34369,1.34448,544
1759725900,1.34450,1.34507,1.34446,1.34500,631
1759726800,1.34499,1.34560,1.34493,1.34539,489
1759727700,1.34540,1.34560,1.34535,1.34546,306
1759728600,1.34545,1.34567,1.34527,1.34536,360
1759729500,1.34537,1.34575,1.34530,1.34547,273
1759730400,1.34545,1.34576,1.34542,1.34552,290
1759731300,1.34553,1.34577,1.34549,1.34574,228
1759732200,1.34575,1.34580,1.34556,1.34570,284
1759733100,1.34571,1.34581,1.34517,1.34520,339
1759734000,1.34519,1.34551,1.34485,1.34490,416
1759734900,1.34492,1.34518,1.34458,1.34497,296
1759735800,1.34494,1.34509,1.34463,1.34486,286
1759736700,1.34488,1.34501,1.34466,1.34469,307
1759737600,1.34468,1.34526,1.34418,1.34418,420
1759738500,1.34416,1.34463,1.34402,1.34444,461
1759739400,1.34443,1.34450,1.34407,1.34428,357
1759740300,1.34425,1.34444,1.34416,1.34434,211
1759741200,1.34434,1.34484,1.34308,1.34338,930
1759742100,1.34337,1.34420,1.34334,1.34417,672
1759743000,1.34418,1.34447,1.34380,1.34394,921
1759743900,1.34395,1.34428,1.34326,1.34416,1126
1759744800,1.34413,1.34573,1.34368,1.34528,1315
1759745700,1.34523,1.34579,1.34475,1.34576,974
1759746600,1.34575,1.34644,1.34373,1.34373,2394
1759747500,1.34375,1.34469,1.34363,1.34437,2612
1759748400,1.34436,1.34452,1.34237,1.34269,2283
1759749300,1.34270,1.34278,1.34185,1.34268,1245
1759750200,1.34267,1.34369,1.34265,1.34352,1088
1759751100,1.34355,1.34398,1.34347,1.34360,876
1759752000,1.34359,1.34359,1.34249,1.34305,836
1759752900,1.34304,1.34311,1.34247,1.34297,622
1759753800,1.34295,1.34373,1.34245,1.34245,824
1759754700,1.34246,1.34389,1.34242,1.34371,713
1759755600,1.34370,1.34370,1.34249,1.34290,715
1759756500,1.34292,1.34323,1.34253,1.34322,617
1759757400,1.34321,1.34376,1.34317,1.34361,495
1759758300,1.34362,1.34362,1.34218,1.34222,1167
1759759200,1.34221,1.34247,1.34163,1.34236,851
1759760100,1.34237,1.34307,1.34224,1.34278,685
1759761000,1.34279,1.34317,1.34258,1.34267,696
1759761900,1.34266,1.34298,1.34225,1.34248,773
1759762800,1.34247,1.34357,1.34233,1.34330,1877
1759763700,1.34331,1.34374,1.34295,1.34347,1290
1759764600,1.34346,1.34372,1.34316,1.34350,830
1759765500,1.34351,1.34403,1.34351,1.34374,631
1759766400,1.34375,1.34446,1.34374,1.34401,545
1759767300,1.34400,1.34427,1.34386,1.34406,479
1759768200,1.34407,1.34581,1.34384,1.34560,1270
1759769100,1.34561,1.34647,1.34549,1.34614,1541
1759770000,1.34615,1.34696,1.34589,1.34668,1281
1759770900,1.34667,1.34747,1.34651,1.34734,920
1759771800,1.34735,1.34778,1.34687,1.34770,1016
1759772700,1.34769,1.34841,1.34756,1.34800,1350
1759773600,1.34800,1.34838,1.34768,1.34804,1203
1759774500,1.34803,1.34810,1.34737,1.34737,871
1759775400,1.34736,1.34747,1.34692,1.34724,685
1759776300,1.34723,1.34757,1.34686,1.34748,786
1759777200,1.34749,1.34767,1.34687,1.34688,713
1759778100,1.34687,1.34716,1.34674,1.34679,456
1759779000,1.34678,1.34700,1.34658,1.34700,319
1759779900,1.34699,1.34753,1.34697,1.34752,266
1759780800,1.34753,1.34819,1.34752,1.34799,369
1759781700,1.34798,1.34817,1.34786,1.34809,326
1759782600,1.34807,1.34823,1.34790,1.34794,341
1759783500,1.34793,1.34841,1.34770,1.34841,425
1759784400,1.34840,1.34868,1.34808,1.34810,282
1759785300,1.34811,1.34860,1.34806,1.34847,291
1759786200,1.34846,1.34854,1.34823,1.34837,217
1759787100,1.34836,1.34853,1.34799,1.34826,311
1759788000,1.34825,1.34855,1.34820,1.34848,328
1759788900,1.34847,1.34851,1.34829,1.34848,135
1759789800,1.34846,1.34900,1.34842,1.34897,291
1759790700,1.34894,1.34895,1.34806,1.34817,342
1759791600,1.34816,1.34838,1.34804,1.34837,113
1759792500,1.34838,1.34868,1.34829,1.34845,103
1759793400,1.34844,1.34862,1.34844,1.34856,59
1759794300,1.34857,1.34858,1.34848,1.34856,139
1759795200,1.34796,1.34824,1.34796,1.34805,28
1759796100,1.34806,1.34812,1.34786,1.34803,39
1759797000,1.34803,1.34803,1.34771,1.34781,76
1759797900,1.34780,1.34797,1.34776,1.34777,88
1759798800,1.34777,1.34836,1.34777,1.34836,249
1759799700,1.34836,1.34861,1.34829,1.34851,210
1759800600,1.34851,1.34851,1.34815,1.34824,182
1759801500,1.34825,1.34827,1.34816,1.34816,94
1759802400,1.34817,1.34820,1.34799,1.34806,58
1759803300,1.34807,1.34820,1.34807,1.34817,83
1759804200,1.34816,1.34870,1.34815,1.34858,111
1759805100,1.34859,1.34867,1.34836,1.34841,195
1759806000,1.34840,1.34846,1.34788,1.34798,517
1759806900,1.34799,1.34843,1.34799,1.34829,366
1759807800,1.34827,1.34832,1.34777,1.34780,282
1759808700,1.34781,1.34827,1.34780,1.34823,435
1759809600,1.34821,1.34821,1.34730,1.34770,415
1759810500,1.34771,1.34811,1.34769,1.34791,295
1759811400,1.34790,1.34790,1.34727,1.34738,200
1759812300,1.34739,1.34757,1.34735,1.34740,228
1759813200,1.34739,1.34778,1.34728,1.34770,306
1759814100,1.34771,1.34781,1.34755,1.34781,167
1759815000,1.34784,1.34797,1.34746,1.34749,154
1759815900,1.34750,1.34783,1.34750,1.34760,194
1759816800,1.34759,1.34794,1.34747,1.34793,255
1759817700,1.34792,1.34809,1.34777,1.34777,195
1759818600,1.34776,1.34779,1.34747,1.34778,223
1759819500,1.34777,1.34779,1.34751,1.34761,213
1759820400,1.34760,1.34788,1.34738,1.34786,262
1759821300,1.34787,1.34806,1.34778,1.34783,218
1759822200,1.34782,1.34799,1.34732,1.34734,226
1759823100,1.34735,1.34735,1.34680,1.34696,352
1759824000,1.34694,1.34709,1.34622,1.34631,403
1759824900,1.34632,1.34642,1.34584,1.34587,351
1759825800,1.34586,1.34591,1.34546,1.34581,292
1759826700,1.34580,1.34608,1.34563,1.34598,479
1759827600,1.34597,1.34600,1.34450,1.34463,1106
1759828500,1.34462,1.34503,1.34448,1.34503,728
1759829400,1.34505,1.34564,1.34485,1.34561,486
1759830300,1.34562,1.34562,1.34498,1.34529,472
1759831200,1.34528,1.34535,1.34293,1.34347,943
1759832100,1.34348,1.34418,1.34319,1.34372,906
1759833000,1.34371,1.34421,1.34351,1.34352,891
1759833900,1.34351,1.34383,1.34331,1.34368,835
1759834800,1.34367,1.34441,1.34358,1.34438,780
1759835700,1.34439,1.34452,1.34347,1.34351,540
1759836600,1.34350,1.34388,1.34327,1.34371,681
1759837500,1.34372,1.34410,1.34347,1.34369,636
1759838400,1.34368,1.34406,1.34347,1.34387,605
1759839300,1.34386,1.34387,1.34331,1.34349,445
1759840200,1.34348,1.34372,1.34327,1.34369,525
1759841100,1.34370,1.34441,1.34358,1.34441,523
1759842000,1.34440,1.34441,1.34398,1.34403,535
1759842900,1.34404,1.34425,1.34400,1.34407,354
1759843800,1.34406,1.34433,1.34399,1.34402,397
1759844700,1.34401,1.34410,1.34242,1.34254,1055
1759845600,1.34255,1.34280,1.34181,1.34191,1012
1759846500,1.34193,1.34199,1.34043,1.34052,687
1759847400,1.34051,1.34063,1.34022,1.34048,632
1759848300,1.34047,1.34052,1.33922,1.34013,891
1759849200,1.34012,1.34064,1.33970,1.33971,875
1759850100,1.33972,1.34053,1.33938,1.34053,913
1759851000,1.34051,1.34097,1.33998,1.34092,1174
1759851900,1.34091,1.34153,1.34042,1.34142,929
1759852800,1.34143,1.34196,1.34097,1.34118,1109
1759853700,1.34120,1.34253,1.34117,1.34221,1067
1759854600,1.34222,1.34280,1.34211,1.34228,965
1759855500,1.34229,1.34244,1.34154,1.34180,1134
1759856400,1.34179,1.34225,1.34142,1.34180,951
1759857300,1.34182,1.34264,1.34182,1.34222,688
1759858200,1.34221,1.34277,1.34210,1.34215,1003
1759859100,1.34214,1.34336,1.34214,1.34313,992
1759860000,1.34312,1.34412,1.34312,1.34381,1307
1759860900,1.34380,1.34468,1.34380,1.34446,913
1759861800,1.34445,1.34457,1.34368,1.34454,841
1759862700,1.34456,1.34544,1.34401,1.34401,1018
1759863600,1.34403,1.34503,1.34402,1.34473,970
1759864500,1.34474,1.34485,1.34424,1.34442,747
1759865400,1.34441,1.34459,1.34392,1.34411,693
1759866300,1.34412,1.34445,1.34394,1.34425,402
1759867200,1.34426,1.34519,1.34424,1.34491,629
1759868100,1.34490,1.34490,1.34427,1.34469,478
1759869000,1.34468,1.34480,1.34428,1.34479,604
1759869900,1.34476,1.34480,1.34400,1.34405,460
1759870800,1.34406,1.34414,1.34351,1.34381,847
1759871700,1.34382,1.34392,1.34346,1.34388,621
1759872600,1.34387,1.34389,1.34299,1.34316,760
1759873500,1.34317,1.34342,1.34291,1.34301,497
1759874400,1.34300,1.34309,1.34252,1.34253,452
1759875300,1.34254,1.34255,1.34214,1.34228,414
1759876200,1.34221,1.34241,1.34158,1.34176,545
1759877100,1.34178,1.34214,1.34172,1.34214,469
1759878000,1.34213,1.34234,1.34189,1.34199,205
1759878900,1.34200,1.34225,1.34190,1.34225,104
1759879800,1.34226,1.34256,1.34221,1.34256,84
1759880700,1.34257,1.34258,1.34240,1.34251,123
1759881600,1.34258,1.34259,1.34193,1.34195,66
1759882500,1.34196,1.34252,1.34196,1.34245,160
1759883400,1.34245,1.34268,1.34234,1.34263,245
1759884300,1.34263,1.34280,1.34249,1.34278,166
1759885200,1.34278,1.34278,1.34248,1.34266,173
1759886100,1.34266,1.34273,1.34254,1.34270,111
1759887000,1.34270,1.34270,1.34256,1.34269,92
1759887900,1.34269,1.34271,1.34251,1.34252,67
1759888800,1.34253,1.34257,1.34228,1.34237,107
1759889700,1.34238,1.34243,1.34213,1.34240,180
1759890600,1.34239,1.34251,1.34226,1.34244,106
1759891500,1.34248,1.34262,1.34195,1.34202,466
1759892400,1.34203,1.34214,1.34128,1.34141,606
1759893300,1.34142,1.34155,1.34119,1.34140,372
1759894200,1.34139,1.34160,1.34121,1.34150,408
1759895100,1.34151,1.34199,1.34145,1.34153,385
1759896000,1.34155,1.34155,1.34070,1.34130,1353
1759896900,1.34131,1.34147,1.34025,1.34048,935
1759897800,1.34047,1.34068,1.34009,1.34013,839
1759898700,1.34014,1.34014,1.33964,1.33974,461
1759899600,1.33973,1.33981,1.33916,1.33950,393
1759900500,1.33951,1.34025,1.33931,1.34013,718
1759901400,1.34015,1.34021,1.33982,1.34005,419
1759902300,1.34009,1.34029,1.33961,1.33973,382
1759903200,1.33971,1.33974,1.33913,1.33919,208
1759904100,1.33920,1.33945,1.33906,1.33928,344
1759905000,1.33927,1.33940,1.33921,1.33936,299
1759905900,1.33937,1.33999,1.33936,1.33994,396
1759906800,1.33995,1.34007,1.33932,1.33938,333
1759907700,1.33937,1.33944,1.33917,1.33928,218
1759908600,1.33927,1.33932,1.33904,1.33907,325
1759909500,1.33905,1.33939,1.33902,1.33938,213
1759910400,1.33935,1.33935,1.33876,1.33879,292
1759911300,1.33880,1.33907,1.33878,1.33885,198
1759912200,1.33884,1.33914,1.33850,1.33853,253
1759913100,1.33854,1.33916,1.33850,1.33915,370
1759914000,1.33917,1.33942,1.33841,1.33849,749
1759914900,1.33850,1.33966,1.33843,1.33905,717
1759915800,1.33904,1.33964,1.33854,1.33903,771
1759916700,1.33902,1.33974,1.33887,1.33966,709
1759917600,1.33969,1.34033,1.33943,1.34004,1125
1759918500,1.34003,1.34072,1.33956,1.34047,847
1759919400,1.34046,1.34154,1.34030,1.34110,1090
1759920300,1.34111,1.34176,1.34106,1.34174,884
1759921200,1.34173,1.34258,1.34163,1.34233,681
1759922100,1.34234,1.34259,1.34155,1.34188,779
1759923000,1.34190,1.34228,1.34153,1.34164,550
1759923900,1.34165,1.34177,1.34057,1.34086,799
1759924800,1.34085,1.34117,1.34049,1.34114,844
1759925700,1.34115,1.34130,1.34088,1.34128,463
1759926600,1.34127,1.34136,1.34043,1.34044,757
1759927500,1.34045,1.34083,1.34004,1.34031,844
1759928400,1.34033,1.34126,1.34015,1.34125,575
1759929300,1.34126,1.34208,1.34104,1.34206,586
1759930200,1.34205,1.34264,1.34201,1.34255,459
1759931100,1.34256,1.34273,1.34112,1.34123,780
1759932000,1.34125,1.34162,1.34068,1.34122,989
1759932900,1.34123,1.34127,1.34027,1.34043,571
1759933800,1.34042,1.34063,1.34011,1.34042,399
1759934700,1.34043,1.34102,1.34032,1.34073,456
1759935600,1.34074,1.34172,1.34073,1.34156,971
1759936500,1.34158,1.34167,1.34112,1.34134,680
1759937400,1.34135,1.34166,1.34091,1.34146,674
1759938300,1.34147,1.34217,1.34120,1.34193,684
1759939200,1.34192,1.34247,1.34172,1.34234,611
1759940100,1.34235,1.34306,1.34206,1.34208,869
1759941000,1.34207,1.34296,1.34196,1.34279,943
1759941900,1.34277,1.34282,1.34206,1.34244,1018
1759942800,1.34243,1.34357,1.34217,1.34333,1081
1759943700,1.34332,1.34367,1.34316,1.34365,780
1759944600,1.34364,1.34386,1.34340,1.34356,732
1759945500,1.34357,1.34377,1.34192,1.34209,1053
1759946400,1.34210,1.34231,1.34101,1.34117,892
1759947300,1.34116,1.34122,1.34045,1.34086,735
1759948200,1.34088,1.34096,1.34016,1.34032,751
1759949100,1.34033,1.34035,1.33868,1.33888,1076
1759950000,1.33887,1.33906,1.33804,1.33804,804
1759950900,1.33803,1.33813,1.33777,1.33792,468
1759951800,1.33794,1.33834,1.33722,1.33823,715
1759952700,1.33824,1.33882,1.33799,1.33873,490
1759953600,1.33874,1.33874,1.33803,1.33833,608
1759954500,1.33831,1.33847,1.33823,1.33833,473
1759955400,1.33832,1.33846,1.33801,1.33826,399
1759956300,1.33829,1.33847,1.33793,1.33810,288
1759957200,1.33810,1.33817,1.33711,1.33746,832
1759958100,1.33745,1.33846,1.33735,1.33836,1497
1759959000,1.33837,1.33894,1.33816,1.33857,644
1759959900,1.33856,1.33896,1.33853,1.33894,489
1759960800,1.33897,1.33957,1.33897,1.33925,686
1759961700,1.33924,1.33952,1.33915,1.33946,290
1759962600,1.33945,1.33967,1.33935,1.33947,343
1759963500,1.33948,1.34006,1.33947,1.33997,322
1759964400,1.33996,1.34033,1.33996,1.34016,146
1759965300,1.34017,1.34037,1.33980,1.33984,167
1759966200,1.33985,1.34032,1.33966,1.34026,128
1759967100,1.34027,1.34063,1.34025,1.34039,179
1759968000,1.34031,1.34031,1.33893,1.34014,254
1759968900,1.34014,1.34022,1.34001,1.34009,222
1759969800,1.34009,1.34018,1.34004,1.34012,107
1759970700,1.34014,1.34018,1.34006,1.34008,66
1759971600,1.34009,1.34042,1.34004,1.34038,129
1759972500,1.34038,1.34042,1.34021,1.34028,84
1759973400,1.34028,1.34034,1.34018,1.34024,111
1759974300,1.34024,1.34075,1.34024,1.34062,149
1759975200,1.34062,1.34063,1.34028,1.34045,95
1759976100,1.34046,1.34047,1.33998,1.34011,202
1759977000,1.34010,1.34034,1.34010,1.34016,133
1759977900,1.34017,1.34018,1.33991,1.34003,432
1759978800,1.34002,1.34058,1.33992,1.34049,490
1759979700,1.34048,1.34092,1.34033,1.34079,424
1759980600,1.34080,1.34129,1.34077,1.34128,325
1759981500,1.34129,1.34131,1.34094,1.34099,538
1759982400,1.34098,1.34192,1.34095,1.34156,1114
1759983300,1.34157,1.34187,1.34146,1.34168,799
1759984200,1.34167,1.34176,1.34100,1.34110,542
1759985100,1.34111,1.34117,1.34079,1.34098,490
1759986000,1.34097,1.34110,1.34065,1.34109,439
1759986900,1.34110,1.34122,1.34087,1.34122,263
1759987800,1.34121,1.34167,1.34117,1.34167,310
1759988700,1.34166,1.34192,1.34153,1.34162,289
1759989600,1.34161,1.34183,1.34099,1.34102,386
1759990500,1.34104,1.34133,1.34087,1.34127,330
1759991400,1.34126,1.34160,1.34120,1.34156,183
1759992300,1.34157,1.34167,1.34140,1.34151,160
1759993200,1.34149,1.34160,1.34132,1.34138,175
1759994100,1.34139,1.34157,1.34122,1.34123,181
1759995000,1.34122,1.34122,1.34086,1.34101,208
1759995900,1.34104,1.34137,1.34104,1.34126,223
1759996800,1.34127,1.34166,1.34124,1.34166,182
1759997700,1.34165,1.34166,1.34110,1.34116,252
1759998600,1.34116,1.34137,1.34082,1.34108,329
1759999500,1.34107,1.34108,1.34051,1.34056,391
1760000400,1.34061,1.34069,1.33891,1.33927,840
1760001300,1.33928,1.33948,1.33735,1.33747,1073
1760002200,1.33739,1.33767,1.33666,1.33678,1357
1760003100,1.33677,1.33697,1.33578,1.33642,1280
1760004000,1.33643,1.33726,1.33607,1.33678,1717
1760004900,1.33680,1.33682,1.33552,1.33571,889
1760005800,1.33570,1.33627,1.33500,1.33547,1075
1760006700,1.33546,1.33572,1.33509,1.33524,911
1760007600,1.33525,1.33544,1.33471,1.33518,765
1760008500,1.33519,1.33586,1.33512,1.33524,773
1760009400,1.33522,1.33638,1.33426,1.33620,1112
1760010300,1.33621,1.33641,1.33546,1.33617,956
1760011200,1.33615,1.33736,1.33586,1.33681,1872
1760012100,1.33680,1.33781,1.33648,1.33779,1141
1760013000,1.33774,1.33873,1.33743,1.33828,997
1760013900,1.33829,1.33887,1.33786,1.33872,806
1760014800,1.33873,1.33901,1.33857,1.33870,669
1760015700,1.33872,1.33873,1.33797,1.33843,738
1760016600,1.33842,1.33843,1.33760,1.33777,594
1760017500,1.33775,1.33823,1.33689,1.33696,1248
1760018400,1.33697,1.33718,1.33584,1.33662,1203
1760019300,1.33663,1.33736,1.33655,1.33736,459
1760020200,1.33735,1.33795,1.33726,1.33779,539
1760021100,1.33780,1.33816,1.33721,1.33750,832
1760022000,1.33751,1.33779,1.33694,1.33697,1007
1760022900,1.33696,1.33791,1.33685,1.33747,887
1760023800,1.33745,1.33886,1.33740,1.33832,1196
1760024700,1.33833,1.33853,1.33799,1.33847,1203
1760025600,1.33847,1.33954,1.33796,1.33871,2478
1760026500,1.33872,1.33902,1.33685,1.33748,1435
1760027400,1.33747,1.33758,1.33562,1.33580,1694
1760028300,1.33581,1.33705,1.33561,1.33686,1506
1760029200,1.33684,1.33687,1.33487,1.33520,2045
1760030100,1.33520,1.33550,1.33365,1.33378,1884
1760031000,1.33379,1.33380,1.33297,1.33318,1758
1760031900,1.33319,1.33362,1.33261,1.33322,1912
1760032800,1.33321,1.33344,1.33124,1.33177,1674
1760033700,1.33178,1.33299,1.32992,1.32992,1748
1760034600,1.32992,1.33017,1.32912,1.32967,1748
1760035500,1.32966,1.33126,1.32964,1.33090,1478
1760036400,1.33091,1.33147,1.32984,1.32991,935
1760037300,1.32989,1.33002,1.32940,1.32994,1086
1760038200,1.32993,1.33002,1.32922,1.32972,1195
1760039100,1.32971,1.33003,1.32910,1.32941,1190
1760040000,1.32940,1.33000,1.32885,1.32978,1523
1760040900,1.32977,1.33012,1.32931,1.33001,1174
1760041800,1.33002,1.33032,1.32961,1.32982,832
1760042700,1.32982,1.33002,1.32922,1.32983,823
1760043600,1.32984,1.32984,1.32937,1.32952,750
1760044500,1.32953,1.32982,1.32922,1.32931,530
1760045400,1.32930,1.32944,1.32879,1.32891,496
1760046300,1.32892,1.32892,1.32797,1.32814,771
1760047200,1.32815,1.32856,1.32814,1.32848,541
1760048100,1.32849,1.32911,1.32837,1.32897,507
1760049000,1.32895,1.32980,1.32889,1.32942,501
1760049900,1.32943,1.32978,1.32929,1.32968,601
1760050800,1.32966,1.33029,1.32961,1.33023,247
1760051700,1.33022,1.33035,1.32985,1.33013,156
1760052600,1.33011,1.33058,1.33001,1.33036,143
1760053500,1.33036,1.33058,1.33028,1.33039,131
1760054400,1.32901,1.32902,1.32866,1.32901,7
1760055300,1.32894,1.33017,1.32894,1.33017,57
1760056200,1.33016,1.33044,1.33006,1.33020,177
1760057100,1.33020,1.33055,1.32990,1.33029,242
1760058000,1.33028,1.33054,1.32993,1.33004,206
1760058900,1.33004,1.33007,1.32985,1.32991,62
1760059800,1.32991,1.33000,1.32990,1.33000,51
1760060700,1.33000,1.33007,1.32990,1.33001,56
1760061600,1.33000,1.33001,1.32929,1.32942,138
1760062500,1.32943,1.33000,1.32942,1.33000,118
1760063400,1.32997,1.33019,1.32985,1.33010,126
1760064300,1.33011,1.33039,1.33003,1.33029,136
1760065200,1.33028,1.33039,1.32961,1.32973,652
1760066100,1.32976,1.33011,1.32976,1.32991,371
1760067000,1.32992,1.33020,1.32988,1.33010,347
1760067900,1.33011,1.33058,1.33002,1.33044,552
1760068800,1.33045,1.33086,1.33026,1.33038,592
1760069700,1.33039,1.33068,1.33029,1.33055,399
1760070600,1.33058,1.33060,1.33000,1.33019,509
1760071500,1.33018,1.33049,1.33010,1.33022,465
1760072400,1.33021,1.33109,1.33010,1.33087,460
1760073300,1.33086,1.33109,1.33076,1.33094,387
1760074200,1.33093,1.33107,1.33076,1.33081,373
1760075100,1.33082,1.33089,1.33049,1.33083,342
1760076000,1.33082,1.33112,1.33077,1.33078,272
1760076900,1.33077,1.33116,1.33066,1.33115,312
1760077800,1.33117,1.33139,1.33108,1.33123,372
1760078700,1.33122,1.33130,1.33106,1.33117,319
1760079600,1.33118,1.33133,1.33062,1.33064,379
1760080500,1.33063,1.33098,1.33053,1.33090,271
1760081400,1.33088,1.33098,1.33067,1.33090,233
1760082300,1.33091,1.33100,1.33072,1.33088,216
1760083200,1.33089,1.33127,1.33077,1.33099,380
1760084100,1.33098,1.33145,1.33098,1.33117,281
1760085000,1.33118,1.33123,1.33077,1.33122,378
1760085900,1.33119,1.33133,1.33067,1.33067,421
1760086800,1.33065,1.33065,1.33006,1.33040,695
1760087700,1.33041,1.33093,1.33031,1.33033,600
1760088600,1.33034,1.33113,1.32981,1.32992,1692
1760089500,1.32995,1.32998,1.32883,1.32963,1553
1760090400,1.32962,1.33012,1.32868,1.32897,1498
1760091300,1.32899,1.32913,1.32795,1.32880,1239
1760092200,1.32881,1.32932,1.32867,1.32911,848
1760093100,1.32912,1.33062,1.32908,1.33032,770
1760094000,1.33031,1.33110,1.32979,1.33098,956
1760094900,1.33100,1.33108,1.33023,1.33027,790
1760095800,1.33026,1.33101,1.32991,1.33100,972
1760096700,1.33099,1.33130,1.33053,1.33082,896
1760097600,1.33081,1.33091,1.33019,1.33021,365
1760098500,1.33022,1.33022,1.32920,1.32946,689
1760099400,1.32947,1.32969,1.32907,1.32921,537
1760100300,1.32920,1.32930,1.32870,1.32910,824
1760101200,1.32909,1.32942,1.32858,1.32941,835
1760102100,1.32942,1.32987,1.32869,1.32888,638
1760103000,1.32887,1.32909,1.32811,1.32814,608
1760103900,1.32813,1.32819,1.32615,1.32617,1398
1760104800,1.32619,1.32748,1.32618,1.32741,1301
1760105700,1.32742,1.32759,1.32714,1.32740,558
1760106600,1.32741,1.32780,1.32706,1.32762,994
1760107500,1.32761,1.32766,1.32689,1.32719,877
1760108400,1.32720,1.32862,1.32720,1.32848,1033
1760109300,1.32847,1.32877,1.32795,1.32825,637
1760110200,1.32824,1.32850,1.32758,1.32768,883
1760111100,1.32767,1.32817,1.32717,1.32793,705
1760112000,1.32792,1.32803,1.32686,1.32728,621
1760112900,1.32729,1.32817,1.32713,1.32727,671
1760113800,1.32728,1.32779,1.32686,1.32749,1203
1760114700,1.32748,1.32787,1.32716,1.32769,1090
1760115600,1.32767,1.32869,1.32724,1.32831,1488
1760116500,1.32831,1.32903,1.32777,1.32840,1250
1760117400,1.32841,1.32944,1.32828,1.32943,1079
1760118300,1.32942,1.33093,1.32928,1.33028,1968
1760119200,1.33027,1.33710,1.33013,1.33470,4386
1760120100,1.33471,1.33593,1.33411,1.33569,3252
1760121000,1.33568,1.33598,1.33352,1.33358,4203
1760121900,1.33358,1.33454,1.33346,1.33426,3079
1760122800,1.33425,1.33577,1.33403,1.33507,2499
1760123700,1.33508,1.33541,1.33381,1.33508,1884
1760124600,1.33507,1.33543,1.33423,1.33459,1798
1760125500,1.33458,1.33514,1.33390,1.33450,1358
1760126400,1.33449,1.33471,1.33316,1.33390,1522
1760127300,1.33391,1.33455,1.33381,1.33411,950
1760128200,1.33409,1.33468,1.33390,1.33440,658
1760129100,1.33439,1.33471,1.33419,1.33450,504
1760130000,1.33449,1.33463,1.33430,1.33451,579
1760130900,1.33453,1.33521,1.33445,1.33497,758
1760131800,1.33499,1.33534,1.33460,1.33461,659
1760132700,1.33462,1.33535,1.33458,1.33464,716
1760133600,1.33463,1.33479,1.33422,1.33474,667
1760134500,1.33476,1.33511,1.33470,1.33501,481
1760135400,1.33502,1.33549,1.33499,1.33538,512
1760136300,1.33538,1.33546,1.33490,1.33500,598
1760137200,1.33499,1.33523,1.33477,1.33503,442
1760138100,1.33504,1.33510,1.33459,1.33491,305
1760139000,1.33490,1.33510,1.33431,1.33446,451
1760139900,1.33446,1.33553,1.33361,1.33525,979
1760313600,1.33436,1.33438,1.33351,1.33380,69
1760314500,1.33380,1.33406,1.33261,1.33277,228
1760315400,1.33278,1.33442,1.33278,1.33433,258
1760316300,1.33433,1.33433,1.33287,1.33305,199
1760317200,1.33311,1.33534,1.33311,1.33419,781
1760318100,1.33419,1.33420,1.33366,1.33395,478
1760319000,1.33396,1.33438,1.33379,1.33429,403
1760319900,1.33428,1.33430,1.33399,1.33420,237
1760320800,1.33421,1.33478,1.33406,1.33406,465
1760321700,1.33407,1.33450,1.33370,1.33445,387
1760322600,1.33444,1.33458,1.33359,1.33375,388
1760323500,1.33376,1.33415,1.33348,1.33356,660
1760324400,1.33355,1.33450,1.33349,1.33421,1009
1760325300,1.33422,1.33430,1.33377,1.33387,572
1760326200,1.33383,1.33488,1.33363,1.33477,738
1760327100,1.33478,1.33509,1.33461,1.33509,675
1760328000,1.33508,1.33549,1.33467,1.33478,1018
1760328900,1.33477,1.33509,1.33455,1.33460,652
1760329800,1.33461,1.33574,1.33452,1.33560,745
1760330700,1.33561,1.33568,1.33516,1.33547,682
1760331600,1.33546,1.33631,1.33536,1.33628,658
1760332500,1.33629,1.33630,1.33530,1.33532,418
1760333400,1.33531,1.33553,1.33523,1.33530,349
1760334300,1.33531,1.33537,1.33504,1.33520,328
1760335200,1.33519,1.33550,1.33516,1.33527,228
1760336100,1.33529,1.33532,1.33493,1.33493,226
1760337000,1.33491,1.33536,1.33482,1.33527,289
1760337900,1.33528,1.33545,1.33501,1.33533,257
1760338800,1.33532,1.33563,1.33522,1.33561,222
1760339700,1.33563,1.33601,1.33563,1.33588,258
1760340600,1.33587,1.33596,1.33551,1.33556,178
1760341500,1.33557,1.33565,1.33541,1.33565,128
1760342400,1.33566,1.33577,1.33522,1.33562,360
1760343300,1.33563,1.33613,1.33554,1.33556,355
1760344200,1.33555,1.33574,1.33541,1.33547,326
1760345100,1.33546,1.33552,1.33472,1.33482,451
1760346000,1.33483,1.33547,1.33463,1.33540,650
1760346900,1.33541,1.33662,1.33539,1.33643,867
1760347800,1.33642,1.33651,1.33596,1.33639,730
1760348700,1.33638,1.33639,1.33482,1.33485,1360
1760349600,1.33486,1.33500,1.33301,1.33318,1716
1760350500,1.33317,1.33439,1.33301,1.33408,1334
1760351400,1.33409,1.33424,1.33332,1.33385,1359
1760352300,1.33384,1.33410,1.33327,1.33349,1046
1760353200,1.33348,1.33391,1.33319,1.33331,1008
1760354100,1.33332,1.33332,1.33200,1.33208,1029
1760355000,1.33207,1.33221,1.33150,1.33180,967
1760355900,1.33179,1.33272,1.33179,1.33263,998
1760356800,1.33262,1.33365,1.33247,1.33351,810
1760357700,1.33350,1.33363,1.33325,1.33339,462
1760358600,1.33337,1.33387,1.33313,1.33387,519
1760359500,1.33388,1.33432,1.33358,1.33373,748
1760360400,1.33375,1.33385,1.33333,1.33341,503
1760361300,1.33342,1.33369,1.33286,1.33351,662
1760362200,1.33352,1.33429,1.33350,1.33376,687
1760363100,1.33375,1.33389,1.33331,1.33367,725
1760364000,1.33366,1.33525,1.33364,1.33474,1795
1760364900,1.33476,1.33517,1.33397,1.33422,841
1760365800,1.33420,1.33433,1.33331,1.33353,925
1760366700,1.33354,1.33389,1.33273,1.33311,1453
1760367600,1.33310,1.33391,1.33292,1.33367,1105
1760368500,1.33370,1.33398,1.33332,1.33334,1075
1760369400,1.33333,1.33349,1.33268,1.33334,1015
1760370300,1.33335,1.33348,1.33249,1.33337,961
1760371200,1.33335,1.33380,1.33284,1.33370,1151
1760372100,1.33369,1.33386,1.33340,1.33352,943
1760373000,1.33351,1.33353,1.33252,1.33292,1605
1760373900,1.33291,1.33352,1.33286,1.33329,1526
1760374800,1.33328,1.33332,1.33221,1.33239,1542
1760375700,1.33240,1.33280,1.33201,1.33211,1467
1760376600,1.33210,1.33262,1.33202,1.33256,1270
1760377500,1.33255,1.33281,1.33194,1.33267,1457
1760378400,1.33268,1.33312,1.33238,1.33310,1009
1760379300,1.33311,1.33344,1.33282,1.33289,795
1760380200,1.33288,1.33352,1.33277,1.33341,732
1760381100,1.33340,1.33352,1.33282,1.33282,672
1760382000,1.33284,1.33369,1.33284,1.33345,690
1760382900,1.33346,1.33356,1.33270,1.33322,818
1760383800,1.33323,1.33328,1.33257,1.33308,684
1760384700,1.33309,1.33343,1.33278,1.33301,601
1760385600,1.33302,1.33311,1.33263,1.33290,480
1760386500,1.33290,1.33343,1.33282,1.33331,478
1760387400,1.33333,1.33335,1.33293,1.33297,310
1760388300,1.33296,1.33336,1.33294,1.33323,473
1760389200,1.33322,1.33366,1.33321,1.33362,335
1760390100,1.33361,1.33393,1.33361,1.33381,351
1760391000,1.33380,1.33402,1.33363,1.33382,386
1760391900,1.33383,1.33387,1.33311,1.33341,459
1760392800,1.33342,1.33373,1.33338,1.33361,557
1760393700,1.33362,1.33392,1.33359,1.33366,279
1760394600,1.33364,1.33369,1.33327,1.33339,266
1760395500,1.33338,1.33352,1.33302,1.33309,262
1760396400,1.33308,1.33334,1.33302,1.33332,117
1760397300,1.33333,1.33342,1.33316,1.33318,108
1760398200,1.33317,1.33322,1.33305,1.33312,51
1760399100,1.33313,1.33322,1.33303,1.33311,167
1760400000,1.33254,1.33327,1.33254,1.33324,39
1760400900,1.33323,1.33327,1.33315,1.33327,26
1760401800,1.33327,1.33350,1.33327,1.33348,81
1760402700,1.33347,1.33347,1.33313,1.33313,49
1760403600,1.33313,1.33363,1.33276,1.33361,138
1760404500,1.33361,1.33370,1.33353,1.33355,46
1760405400,1.33355,1.33356,1.33324,1.33324,68
1760406300,1.33325,1.33333,1.33309,1.33309,70
1760407200,1.33310,1.33315,1.33268,1.33277,85
1760408100,1.33278,1.33308,1.33277,1.33288,72
1760409000,1.33290,1.33326,1.33290,1.33303,113
1760409900,1.33305,1.33349,1.33298,1.33323,418
1760410800,1.33322,1.33337,1.33257,1.33307,959
1760411700,1.33310,1.33340,1.33293,1.33305,401
1760412600,1.33305,1.33354,1.33297,1.33332,548
1760413500,1.33333,1.33383,1.33324,1.33362,514
1760414400,1.33361,1.33442,1.33352,1.33439,657
1760415300,1.33437,1.33471,1.33405,1.33451,383
1760416200,1.33450,1.33467,1.33420,1.33438,532
1760417100,1.33440,1.33451,1.33420,1.33435,470
1760418000,1.33436,1.33449,1.33422,1.33432,270
1760418900,1.33431,1.33443,1.33398,1.33406,260
1760419800,1.33405,1.33442,1.33396,1.33418,325
1760420700,1.33417,1.33458,1.33401,1.33437,282
1760421600,1.33436,1.33455,1.33397,1.33418,402
1760422500,1.33421,1.33456,1.33419,1.33447,338
1760423400,1.33448,1.33466,1.33429,1.33466,356
1760424300,1.33467,1.33500,1.33453,1.33453,365
1760425200,1.33455,1.33488,1.33435,1.33473,703
1760426100,1.33474,1.33512,1.33460,1.33500,733
1760427000,1.33499,1.33500,1.33467,1.33472,419
1760427900,1.33471,1.33524,1.33468,1.33520,427
1760428800,1.33521,1.33522,1.33450,1.33468,452
1760429700,1.33469,1.33473,1.33438,1.33458,335
1760430600,1.33457,1.33509,1.33435,1.33471,719
1760431500,1.33472,1.33472,1.33400,1.33404,903
1760432400,1.33401,1.33408,1.33041,1.33071,1973
1760433300,1.33072,1.33097,1.32926,1.32960,1762
1760434200,1.32959,1.32973,1.32759,1.32806,1712
1760435100,1.32805,1.32836,1.32751,1.32801,1309
1760436000,1.32802,1.32833,1.32697,1.32752,1636
1760436900,1.32750,1.32771,1.32580,1.32592,1484
1760437800,1.32590,1.32635,1.32547,1.32555,2028
1760438700,1.32556,1.32614,1.32528,1.32569,1353
1760439600,1.32568,1.32694,1.32534,1.32693,1269
1760440500,1.32694,1.32712,1.32656,1.32709,868
1760441400,1.32710,1.32773,1.32675,1.32746,942
1760442300,1.32744,1.32841,1.32732,1.32840,1010
1760443200,1.32839,1.32839,1.32753,1.32772,982
1760444100,1.32771,1.32840,1.32750,1.32824,866
1760445000,1.32821,1.32835,1.32752,1.32772,928
1760445900,1.32773,1.32773,1.32641,1.32678,1319
1760446800,1.32679,1.32717,1.32646,1.32691,977
1760447700,1.32692,1.32692,1.32588,1.32617,982
1760448600,1.32618,1.32649,1.32589,1.32631,1025
1760449500,1.32632,1.32673,1.32586,1.32645,1057
1760450400,1.32646,1.32713,1.32611,1.32661,1161
1760451300,1.32662,1.32759,1.32657,1.32713,1059
1760452200,1.32714,1.32742,1.32635,1.32652,811
1760453100,1.32653,1.32701,1.32640,1.32687,1073
1760454000,1.32688,1.32698,1.32557,1.32661,1322
1760454900,1.32659,1.32727,1.32657,1.32677,1492
1760455800,1.32676,1.32682,1.32511,1.32529,1619
1760456700,1.32530,1.32631,1.32486,1.32615,1143
1760457600,1.32613,1.32838,1.32608,1.32830,1270
1760458500,1.32831,1.32925,1.32765,1.32880,1825
1760459400,1.32881,1.32957,1.32819,1.32845,2699
1760460300,1.32844,1.32880,1.32814,1.32820,2617
1760461200,1.32819,1.32924,1.32796,1.32908,2139
1760462100,1.32907,1.32975,1.32847,1.32922,1779
1760463000,1.32919,1.33031,1.32894,1.32967,1534
1760463900,1.32968,1.33007,1.32905,1.32967,2242
1760464800,1.32969,1.32978,1.32882,1.32945,1607
1760465700,1.32943,1.32985,1.32896,1.32917,1468
1760466600,1.32919,1.33020,1.32919,1.32968,1806
1760467500,1.32973,1.33191,1.32973,1.33178,1683
1760468400,1.33179,1.33217,1.33070,1.33097,962
1760469300,1.33098,1.33233,1.33096,1.33167,1730
1760470200,1.33168,1.33241,1.33076,1.33234,1397
1760471100,1.33235,1.33293,1.33157,1.33177,1398
1760472000,1.33178,1.33244,1.33123,1.33167,1240
1760472900,1.33167,1.33227,1.33128,1.33219,924
1760473800,1.33218,1.33234,1.33193,1.33218,649
1760474700,1.33217,1.33298,1.33207,1.33277,709
1760475600,1.33276,1.33292,1.33226,1.33256,685
1760476500,1.33254,1.33279,1.33202,1.33254,566
1760477400,1.33253,1.33316,1.33252,1.33297,599
1760478300,1.33298,1.33316,1.33272,1.33275,557
1760479200,1.33276,1.33322,1.33275,1.33282,521
1760480100,1.33283,1.33316,1.33264,1.33272,319
1760481000,1.33273,1.33316,1.33224,1.33267,1703
1760481900,1.33268,1.33272,1.33227,1.33255,989
1760482800,1.33254,1.33271,1.33206,1.33206,239
1760483700,1.33205,1.33207,1.33143,1.33148,162
1760484600,1.33147,1.33190,1.33145,1.33177,81
1760485500,1.33176,1.33200,1.33176,1.33195,84
1760486400,1.33172,1.33195,1.33148,1.33164,52
1760487300,1.33167,1.33190,1.33101,1.33180,89
1760488200,1.33180,1.33181,1.33154,1.33169,44
1760489100,1.33170,1.33173,1.33167,1.33167,35
1760490000,1.33165,1.33214,1.33161,1.33214,162
1760490900,1.33214,1.33224,1.33203,1.33211,83
1760491800,1.33211,1.33224,1.33200,1.33200,89
1760492700,1.33199,1.33207,1.33191,1.33191,56
1760493600,1.33190,1.33199,1.33171,1.33196,115
1760494500,1.33197,1.33228,1.33190,1.33226,109
1760495400,1.33227,1.33245,1.33219,1.33245,85
1760496300,1.33246,1.33246,1.33201,1.33218,224
1760497200,1.33217,1.33272,1.33200,1.33243,653
1760498100,1.33242,1.33275,1.33228,1.33263,515
1760499000,1.33262,1.33280,1.33243,1.33275,598
1760499900,1.33276,1.33309,1.33273,1.33287,533
1760500800,1.33288,1.33308,1.33257,1.33301,593
1760501700,1.33302,1.33394,1.33299,1.33381,938
1760502600,1.33380,1.33396,1.33350,1.33361,505
1760503500,1.33362,1.33407,1.33362,1.33398,471
1760504400,1.33401,1.33487,1.33397,1.33476,604
1760505300,1.33475,1.33497,1.33467,1.33483,444
1760506200,1.33482,1.33508,1.33466,1.33486,452
1760507100,1.33487,1.33511,1.33476,1.33492,568
1760508000,1.33491,1.33527,1.33481,1.33501,472
1760508900,1.33502,1.33517,1.33486,1.33507,344
1760509800,1.33508,1.33538,1.33496,1.33521,339
1760510700,1.33517,1.33528,1.33495,1.33513,323
1760511600,1.33512,1.33539,1.33512,1.33520,346
1760512500,1.33519,1.33525,1.33482,1.33484,299
1760513400,1.33485,1.33492,1.33447,1.33462,351
1760514300,1.33465,1.33496,1.33457,1.33487,267
1760515200,1.33488,1.33502,1.33467,1.33482,345
1760516100,1.33481,1.33536,1.33477,1.33534,307
1760517000,1.33533,1.33587,1.33526,1.33572,439
1760517900,1.33573,1.33577,1.33526,1.33526,382
1760518800,1.33524,1.33682,1.33506,1.33679,965
1760519700,1.33677,1.33735,1.33615,1.33647,1210
1760520600,1.33648,1.33675,1.33602,1.33649,736
1760521500,1.33647,1.33673,1.33613,1.33626,1068
1760522400,1.33627,1.33638,1.33516,1.33569,1255
1760523300,1.33570,1.33578,1.33431,1.33449,1254
1760524200,1.33448,1.33571,1.33419,1.33568,1229
1760525100,1.33567,1.33612,1.33500,1.33500,1089
1760526000,1.33499,1.33555,1.33486,1.33524,1027
1760526900,1.33523,1.33539,1.33476,1.33525,1011
1760527800,1.33526,1.33539,1.33488,1.33507,491
1760528700,1.33510,1.33552,1.33416,1.33458,1111
1760529600,1.33457,1.33462,1.33363,1.33421,1027
1760530500,1.33422,1.33452,1.33407,1.33444,959
1760531400,1.33443,1.33573,1.33443,1.33512,881
1760532300,1.33511,1.33544,1.33467,1.33507,759
1760533200,1.33508,1.33568,1.33466,1.33550,659
1760534100,1.33551,1.33551,1.33483,1.33496,632
1760535000,1.33497,1.33561,1.33475,1.33552,489
1760535900,1.33549,1.33660,1.33541,1.33648,469
1760536800,1.33647,1.33665,1.33600,1.33638,560
1760537700,1.33640,1.33668,1.33571,1.33596,664
1760538600,1.33595,1.33596,1.33536,1.33557,643
1760539500,1.33558,1.33562,1.33500,1.33517,867
1760540400,1.33519,1.33563,1.33488,1.33541,941
1760541300,1.33540,1.33542,1.33492,1.33524,875
1760542200,1.33518,1.33555,1.33451,1.33481,1272
1760543100,1.33480,1.33512,1.33413,1.33458,1510
1760544000,1.33459,1.33487,1.33379,1.33440,1441
1760544900,1.33439,1.33451,1.33347,1.33356,1216
1760545800,1.33357,1.33496,1.33356,1.33480,2065
1760546700,1.33481,1.33526,1.33396,1.33495,2183
1760547600,1.33496,1.33608,1.33465,1.33606,1374
1760548500,1.33605,1.33640,1.33590,1.33596,963
1760549400,1.33595,1.33616,1.33547,1.33577,823
1760550300,1.33576,1.33668,1.33570,1.33653,1111
1760551200,1.33652,1.33753,1.33622,1.33744,1051
1760552100,1.33745,1.33971,1.33735,1.33956,1098
1760553000,1.33955,1.34008,1.33931,1.33997,1456
1760553900,1.33998,1.34033,1.33882,1.33938,1790
1760554800,1.33939,1.33946,1.33854,1.33892,1414
1760555700,1.33893,1.33935,1.33884,1.33935,1070
1760556600,1.33934,1.33936,1.33847,1.33871,972
1760557500,1.33872,1.33931,1.33855,1.33907,997
1760558400,1.33906,1.33906,1.33798,1.33800,1405
1760559300,1.33801,1.33807,1.33750,1.33767,1602
1760560200,1.33768,1.33777,1.33715,1.33738,955
1760561100,1.33735,1.33770,1.33727,1.33769,672
1760562000,1.33770,1.33783,1.33703,1.33758,848
1760562900,1.33757,1.33868,1.33746,1.33841,748
1760563800,1.33840,1.33867,1.33821,1.33834,342
1760564700,1.33833,1.33837,1.33807,1.33827,397
1760565600,1.33828,1.33856,1.33827,1.33847,464
1760566500,1.33848,1.33880,1.33836,1.33870,320
1760567400,1.33869,1.33898,1.33859,1.33870,277
1760568300,1.33871,1.33938,1.33845,1.33934,357
1760569200,1.33933,1.34077,1.33922,1.33998,458
1760570100,1.33999,1.34018,1.33967,1.33994,197
1760571000,1.33992,1.34000,1.33976,1.33981,160
1760571900,1.33982,1.34018,1.33961,1.34016,120
1760572800,1.33980,1.34000,1.33976,1.33976,26
1760573700,1.33976,1.33982,1.33970,1.33978,46
1760574600,1.33978,1.33980,1.33940,1.33947,63
1760575500,1.33947,1.33948,1.33855,1.33855,185
1760576400,1.33866,1.34013,1.33855,1.33990,261
1760577300,1.33991,1.34045,1.33991,1.34036,102
1760578200,1.34037,1.34060,1.34035,1.34060,78
1760579100,1.34062,1.34078,1.34028,1.34036,153
1760580000,1.34037,1.34039,1.34010,1.34015,146
1760580900,1.34016,1.34020,1.34004,1.34009,117
1760581800,1.34008,1.34038,1.34008,1.34034,168
1760582700,1.34035,1.34046,1.34020,1.34033,388
1760583600,1.34032,1.34071,1.33998,1.34060,704
1760584500,1.34061,1.34169,1.34053,1.34168,589
1760585400,1.34160,1.34265,1.34137,1.34252,1203
1760586300,1.34255,1.34282,1.34201,1.34220,933
1760587200,1.34221,1.34272,1.34218,1.34242,808
1760588100,1.34243,1.34311,1.34240,1.34271,1056
1760589000,1.34272,1.34362,1.34261,1.34342,938
1760589900,1.34343,1.34421,1.34338,1.34362,679
1760590800,1.34361,1.34398,1.34341,1.34366,674
1760591700,1.34367,1.34367,1.34314,1.34316,494
1760592600,1.34317,1.34320,1.34289,1.34290,450
1760593500,1.34291,1.34332,1.34290,1.34311,373
1760594400,1.34310,1.34311,1.34272,1.34282,405
1760595300,1.34283,1.34322,1.34261,1.34270,353
1760596200,1.34268,1.34268,1.34229,1.34238,281
1760597100,1.34239,1.34246,1.34220,1.34222,254
1760598000,1.34221,1.34230,1.34191,1.34227,276
1760598900,1.34222,1.34225,1.34168,1.34171,249
1760599800,1.34170,1.34172,1.34136,1.34146,310
1760600700,1.34147,1.34151,1.34127,1.34142,298
1760601600,1.34141,1.34162,1.34131,1.34140,347
1760602500,1.34141,1.34161,1.34129,1.34158,419
1760603400,1.34157,1.34196,1.34117,1.34177,632
1760604300,1.34178,1.34211,1.34160,1.34169,602
1760605200,1.34168,1.34214,1.34096,1.34211,1103
1760606100,1.34212,1.34228,1.34138,1.34166,1047
1760607000,1.34165,1.34172,1.34083,1.34112,953
1760607900,1.34111,1.34130,1.34042,1.34108,1026
1760608800,1.34107,1.34157,1.34090,1.34137,1334
1760609700,1.34139,1.34202,1.34119,1.34169,1102
1760610600,1.34168,1.34248,1.34082,1.34240,1092
1760611500,1.34241,1.34278,1.34148,1.34266,1743
1760612400,1.34267,1.34389,1.34237,1.34319,1498
1760613300,1.34320,1.34429,1.34302,1.34375,887
1760614200,1.34376,1.34397,1.34334,1.34376,777
1760615100,1.34374,1.34387,1.34327,1.34380,641
1760616000,1.34382,1.34412,1.34362,1.34397,528
1760616900,1.34398,1.34402,1.34330,1.34331,588
1760617800,1.34332,1.34407,1.34327,1.34381,668
1760618700,1.34382,1.34406,1.34340,1.34361,504
1760619600,1.34362,1.34416,1.34335,1.34408,772
1760620500,1.34407,1.34482,1.34407,1.34459,575
1760621400,1.34458,1.34467,1.34315,1.34357,819
1760622300,1.34358,1.34379,1.34301,1.34340,662
1760623200,1.34339,1.34346,1.34268,1.34277,788
1760624100,1.34276,1.34292,1.34228,1.34228,782
1760625000,1.34226,1.34358,1.34215,1.34286,1129
1760625900,1.34287,1.34453,1.34287,1.34406,1221
1760626800,1.34404,1.34414,1.34256,1.34286,1220
1760627700,1.34287,1.34337,1.34238,1.34242,633
1760628600,1.34241,1.34352,1.34237,1.34311,1471
1760629500,1.34310,1.34488,1.34294,1.34477,1110
1760630400,1.34476,1.34477,1.34336,1.34446,1246
1760631300,1.34445,1.34546,1.34338,1.34353,1120
1760632200,1.34352,1.34412,1.34226,1.34361,1716
1760633100,1.34362,1.34401,1.34202,1.34207,1591
1760634000,1.34206,1.34237,1.34118,1.34224,1757
1760634900,1.34223,1.34351,1.34223,1.34326,1492
1760635800,1.34328,1.34350,1.34256,1.34285,1314
1760636700,1.34286,1.34359,1.34265,1.34336,1539
1760637600,1.34337,1.34360,1.34288,1.34318,1253
1760638500,1.34317,1.34320,1.34253,1.34295,992
1760639400,1.34294,1.34299,1.34227,1.34288,1728
1760640300,1.34289,1.34294,1.34176,1.34229,1634
1760641200,1.34228,1.34328,1.34221,1.34318,1091
1760642100,1.34319,1.34333,1.34199,1.34207,1274
1760643000,1.34208,1.34232,1.34149,1.34183,2682
1760643900,1.34182,1.34298,1.34160,1.34267,1782
1760644800,1.34266,1.34445,1.34257,1.34441,1444
1760645700,1.34442,1.34478,1.34398,1.34449,1315
1760646600,1.34447,1.34453,1.34388,1.34431,966
1760647500,1.34432,1.34443,1.34357,1.34381,807
1760648400,1.34379,1.34383,1.34333,1.34341,968
1760649300,1.34339,1.34339,1.34201,1.34243,1206
1760650200,1.34248,1.34327,1.34213,1.34302,675
1760651100,1.34303,1.34379,1.34292,1.34349,734
1760652000,1.34352,1.34362,1.34299,1.34319,681
1760652900,1.34319,1.34385,1.34318,1.34353,573
1760653800,1.34352,1.34379,1.34318,1.34356,818
1760654700,1.34357,1.34370,1.34329,1.34342,668
1760655600,1.34341,1.34368,1.34326,1.34350,247
1760656500,1.34351,1.34368,1.34346,1.34346,114
1760657400,1.34345,1.34357,1.34311,1.34357,196
1760658300,1.34358,1.34361,1.34340,1.34361,134
1760659200,1.34278,1.34353,1.34269,1.34291,28
1760660100,1.34288,1.34290,1.34275,1.34287,24
1760661000,1.34287,1.34311,1.34284,1.34311,113
1760661900,1.34312,1.34341,1.34309,1.34310,138
1760662800,1.34303,1.34404,1.34302,1.34391,161
1760663700,1.34391,1.34444,1.34391,1.34414,196
1760664600,1.34415,1.34418,1.34388,1.34401,145
1760665500,1.34400,1.34419,1.34364,1.34370,177
1760666400,1.34370,1.34416,1.34363,1.34389,146
1760667300,1.34390,1.34420,1.34386,1.34409,101
1760668200,1.34408,1.34449,1.34406,1.34438,202
1760669100,1.34439,1.34453,1.34409,1.34439,273
1760670000,1.34438,1.34448,1.34402,1.34429,481
1760670900,1.34427,1.34481,1.34423,1.34470,429
1760671800,1.34471,1.34509,1.34461,1.34490,374
1760672700,1.34488,1.34523,1.34463,1.34472,581
1760673600,1.34471,1.34513,1.34450,1.34452,648
1760674500,1.34451,1.34467,1.34398,1.34421,743
1760675400,1.34420,1.34462,1.34403,1.34421,887
1760676300,1.34420,1.34463,1.34381,1.34387,892
1760677200,1.34386,1.34402,1.34311,1.34379,859
1760678100,1.34380,1.34439,1.34375,1.34438,488
1760679000,1.34439,1.34488,1.34438,1.34470,412
1760679900,1.34471,1.34482,1.34418,1.34442,468
1760680800,1.34441,1.34475,1.34437,1.34466,276
1760681700,1.34467,1.34510,1.34467,1.34483,309
1760682600,1.34482,1.34501,1.34453,1.34475,354
1760683500,1.34476,1.34502,1.34471,1.34484,394
1760684400,1.34486,1.34502,1.34480,1.34486,312
1760685300,1.34485,1.34490,1.34461,1.34482,207
1760686200,1.34484,1.34532,1.34481,1.34482,293
1760687100,1.34483,1.34537,1.34482,1.34521,387
1760688000,1.34520,1.34582,1.34518,1.34581,490
1760688900,1.34582,1.34602,1.34553,1.34565,465
1760689800,1.34566,1.34629,1.34566,1.34627,436
1760690700,1.34628,1.34712,1.34600,1.34687,621
1760691600,1.34690,1.34699,1.34608,1.34667,1001
1760692500,1.34668,1.34714,1.34617,1.34630,1064
1760693400,1.34631,1.34631,1.34502,1.34552,1367
1760694300,1.34551,1.34595,1.34509,1.34555,1252
1760695200,1.34553,1.34579,1.34377,1.34447,2378
1760696100,1.34448,1.34522,1.34244,1.34342,2631
1760697000,1.34343,1.34376,1.34306,1.34347,2066
1760697900,1.34349,1.34404,1.34301,1.34322,1382
1760698800,1.34323,1.34372,1.34176,1.34181,995
1760699700,1.34184,1.34220,1.34131,1.34199,1013
1760700600,1.34198,1.34283,1.34112,1.34254,965
1760701500,1.34253,1.34299,1.34205,1.34240,1173
1760702400,1.34242,1.34362,1.34237,1.34342,871
1760703300,1.34341,1.34394,1.34301,1.34322,982
1760704200,1.34321,1.34367,1.34283,1.34356,867
1760705100,1.34351,1.34379,1.34286,1.34355,880
1760706000,1.34356,1.34356,1.34277,1.34328,789
1760706900,1.34329,1.34363,1.34297,1.34331,974
1760707800,1.34329,1.34354,1.34306,1.34347,1183
1760708700,1.34346,1.34416,1.34297,1.34343,1095
1760709600,1.34345,1.34433,1.34304,1.34389,1955
1760710500,1.34390,1.34405,1.34317,1.34345,1511
1760711400,1.34346,1.34400,1.34336,1.34343,986
1760712300,1.34344,1.34383,1.34315,1.34348,1218
1760713200,1.34349,1.34358,1.34258,1.34300,1649
1760714100,1.34301,1.34312,1.34183,1.34200,1450
1760715000,1.34199,1.34208,1.34084,1.34097,1442
1760715900,1.34098,1.34133,1.34083,1.34122,1250
1760716800,1.34121,1.34136,1.34069,1.34123,1144
1760717700,1.34122,1.34210,1.34122,1.34192,967
1760718600,1.34191,1.34228,1.34085,1.34121,2687
1760719500,1.34120,1.34162,1.34016,1.34037,1976
1760720400,1.34036,1.34094,1.33985,1.34032,2363
1760721300,1.34031,1.34056,1.33981,1.34033,1914
1760722200,1.34034,1.34071,1.33976,1.34026,1620
1760723100,1.34024,1.34063,1.33910,1.33918,2079
1760724000,1.33919,1.33987,1.33909,1.33960,1660
1760724900,1.33961,1.34016,1.33935,1.33940,1230
1760725800,1.33941,1.34113,1.33941,1.34096,1491
1760726700,1.34097,1.34221,1.34097,1.34220,1226
1760727600,1.34221,1.34230,1.34131,1.34227,992
1760728500,1.34226,1.34308,1.34223,1.34262,962
1760729400,1.34261,1.34297,1.34198,1.34210,832
1760730300,1.34211,1.34247,1.34169,1.34171,851
1760731200,1.34170,1.34178,1.34106,1.34157,979
1760732100,1.34157,1.34222,1.34155,1.34212,509
1760733000,1.34215,1.34249,1.34205,1.34217,625
1760733900,1.34216,1.34248,1.34157,1.34167,992
1760734800,1.34168,1.34232,1.34137,1.34218,819
1760735700,1.34214,1.34372,1.34205,1.34326,837
1760736600,1.34327,1.34390,1.34307,1.34366,611
1760737500,1.34367,1.34385,1.34311,1.34338,592
1760738400,1.34338,1.34378,1.34331,1.34342,536
1760739300,1.34343,1.34352,1.34318,1.34322,372
1760740200,1.34323,1.34328,1.34293,1.34300,369
1760741100,1.34301,1.34376,1.34290,1.34376,427
1760742000,1.34377,1.34377,1.34271,1.34303,265
1760742900,1.34301,1.34308,1.34266,1.34271,155
1760743800,1.34270,1.34291,1.34209,1.34277,253
1760744700,1.34276,1.34280,1.34228,1.34269,756
1760918400,1.34265,1.34295,1.34261,1.34293,30
1760919300,1.34292,1.34294,1.34288,1.34289,32
1760920200,1.34266,1.34266,1.34142,1.34194,47
1760921100,1.34199,1.34219,1.34166,1.34219,190
1760922000,1.34219,1.34289,1.34203,1.34285,197
1760922900,1.34285,1.34287,1.34253,1.34262,136
1760923800,1.34261,1.34292,1.34254,1.34284,134
1760924700,1.34285,1.34291,1.34261,1.34272,119
1760925600,1.34274,1.34278,1.34247,1.34259,158
1760926500,1.34260,1.34293,1.34256,1.34288,139
1760927400,1.34289,1.34307,1.34278,1.34291,112
1760928300,1.34290,1.34291,1.34246,1.34252,275
1760929200,1.34251,1.34279,1.34230,1.34231,659
1760930100,1.34232,1.34289,1.34218,1.34257,414
1760931000,1.34251,1.34297,1.34246,1.34292,382
1760931900,1.34293,1.34350,1.34282,1.34343,521
1760932800,1.34342,1.34371,1.34326,1.34361,583
1760933700,1.34362,1.34370,1.34311,1.34311,460
1760934600,1.34310,1.34310,1.34271,1.34309,464
1760935500,1.34310,1.34359,1.34302,1.34329,308
1760936400,1.34330,1.34378,1.34326,1.34377,336
1760937300,1.34378,1.34421,1.34375,1.34420,270
1760938200,1.34419,1.34430,1.34391,1.34392,283
1760939100,1.34393,1.34393,1.34351,1.34357,305
1760940000,1.34356,1.34372,1.34341,1.34368,175
1760940900,1.34367,1.34393,1.34366,1.34387,154
1760941800,1.34386,1.34388,1.34368,1.34368,166
1760942700,1.34367,1.34409,1.34366,1.34401,272
1760943600,1.34400,1.34412,1.34368,1.34370,219
1760944500,1.34371,1.34397,1.34371,1.34380,169
1760945400,1.34381,1.34396,1.34372,1.34389,283
1760946300,1.34390,1.34428,1.34356,1.34358,285
1760947200,1.34356,1.34389,1.34327,1.34381,290
1760948100,1.34380,1.34393,1.34358,1.34391,198
1760949000,1.34390,1.34410,1.34375,1.34386,281
1760949900,1.34384,1.34409,1.34376,1.34406,295
1760950800,1.34405,1.34406,1.34292,1.34292,894
1760951700,1.34293,1.34317,1.34207,1.34230,758
1760952600,1.34229,1.34277,1.34219,1.34261,536
1760953500,1.34262,1.34262,1.34156,1.34169,629
1760954400,1.34168,1.34169,1.34055,1.34132,1445
1760955300,1.34133,1.34220,1.34127,1.34218,834
1760956200,1.34217,1.34278,1.34201,1.34238,823
1760957100,1.34239,1.34248,1.34130,1.34157,874
1760958000,1.34158,1.34227,1.34115,1.34209,859
1760958900,1.34208,1.34237,1.34186,1.34228,532
1760959800,1.34227,1.34272,1.34209,1.34227,569
1760960700,1.34229,1.34285,1.34226,1.34278,833
1760961600,1.34277,1.34349,1.34247,1.34306,1306
1760962500,1.34305,1.34388,1.34302,1.34368,749
1760963400,1.34367,1.34379,1.34338,1.34357,638
1760964300,1.34358,1.34360,1.34252,1.34283,952
1760965200,1.34281,1.34322,1.34148,1.34184,638
1760966100,1.34183,1.34190,1.34122,1.34151,609
1760967000,1.34152,1.34182,1.34140,1.34162,538
1760967900,1.34161,1.34173,1.34100,1.34105,626
1760968800,1.34103,1.34135,1.34058,1.34080,723
1760969700,1.34078,1.34128,1.34070,1.34117,503
1760970600,1.34118,1.34118,1.34001,1.34028,1002
1760971500,1.34027,1.34119,1.34021,1.34119,628
1760972400,1.34121,1.34144,1.34097,1.34141,770
1760973300,1.34139,1.34161,1.34112,1.34137,811
1760974200,1.34136,1.34242,1.34129,1.34226,948
1760975100,1.34227,1.34298,1.34218,1.34258,1200
1760976000,1.34259,1.34269,1.34217,1.34239,1202
1760976900,1.34238,1.34243,1.34172,1.34198,806
1760977800,1.34197,1.34200,1.34089,1.34101,1227
1760978700,1.34100,1.34117,1.34023,1.34046,1197
1760979600,1.34043,1.34176,1.34019,1.34168,1099
1760980500,1.34167,1.34222,1.34148,1.34218,698
1760981400,1.34219,1.34252,1.34177,1.34187,873
1760982300,1.34186,1.34209,1.34111,1.34161,1018
1760983200,1.34160,1.34186,1.34109,1.34179,993
1760984100,1.34180,1.34268,1.34170,1.34248,661
1760985000,1.34247,1.34256,1.34205,1.34205,530
1760985900,1.34206,1.34274,1.34190,1.34200,818
1760986800,1.34199,1.34234,1.34138,1.34142,676
1760987700,1.34144,1.34184,1.34118,1.34164,811
1760988600,1.34162,1.34189,1.34146,1.34167,479
1760989500,1.34168,1.34178,1.34140,1.34158,370
1760990400,1.34157,1.34162,1.34124,1.34138,562
1760991300,1.34139,1.34139,1.34072,1.34110,414
1760992200,1.34109,1.34111,1.34053,1.34074,304
1760993100,1.34075,1.34080,1.34021,1.34022,380
1760994000,1.34023,1.34038,1.34003,1.34019,330
1760994900,1.34021,1.34049,1.34007,1.34047,351
1760995800,1.34047,1.34072,1.34030,1.34041,343
1760996700,1.34040,1.34114,1.34039,1.34091,520
1760997600,1.34090,1.34130,1.34087,1.34109,445
1760998500,1.34110,1.34110,1.34086,1.34089,237
1760999400,1.34091,1.34091,1.34053,1.34067,281
1761000300,1.34067,1.34069,1.34050,1.34064,262
1761001200,1.34063,1.34106,1.34059,1.34079,189
1761002100,1.34080,1.34091,1.34063,1.34067,108
1761003000,1.34068,1.34073,1.34055,1.34064,104
1761003900,1.34065,1.34070,1.34045,1.34045,101
1761004800,1.33984,1.34027,1.33983,1.34019,37
1761005700,1.34019,1.34074,1.34014,1.34073,223
1761006600,1.34073,1.34078,1.34040,1.34072,145
1761007500,1.34072,1.34072,1.34040,1.34041,61
1761008400,1.34041,1.34077,1.34037,1.34076,86
1761009300,1.34076,1.34086,1.34039,1.34040,70
1761010200,1.34039,1.34057,1.34038,1.34043,76
1761011100,1.34043,1.34066,1.34037,1.34041,111
1761012000,1.34040,1.34043,1.34030,1.34038,61
1761012900,1.34039,1.34046,1.34029,1.34038,73
1761013800,1.34037,1.34044,1.34034,1.34040,76
1761014700,1.34039,1.34049,1.34035,1.34044,140
1761015600,1.34042,1.34107,1.34030,1.34091,542
1761016500,1.34092,1.34106,1.34077,1.34092,422
1761017400,1.34093,1.34138,1.34091,1.34138,235
1761018300,1.34136,1.34160,1.34129,1.34142,300
1761019200,1.34141,1.34141,1.34091,1.34092,442
1761020100,1.34091,1.34102,1.34045,1.34047,366
1761021000,1.34046,1.34062,1.33991,1.34004,413
1761021900,1.34005,1.34044,1.33993,1.34004,473
1761022800,1.34005,1.34006,1.33938,1.33989,504
1761023700,1.33991,1.33998,1.33968,1.33988,346
1761024600,1.33989,1.33994,1.33914,1.33927,535
1761025500,1.33928,1.33934,1.33908,1.33928,327
1761026400,1.33929,1.33939,1.33911,1.33926,300
1761027300,1.33927,1.33930,1.33902,1.33914,271
1761028200,1.33913,1.33932,1.33897,1.33924,171
1761029100,1.33925,1.33931,1.33906,1.33929,235
1761030000,1.33928,1.33928,1.33891,1.33918,221
1761030900,1.33919,1.33928,1.33902,1.33905,171
1761031800,1.33904,1.33937,1.33886,1.33921,256
1761032700,1.33922,1.33937,1.33877,1.33922,660
1761033600,1.33921,1.33941,1.33879,1.33902,678
1761034500,1.33903,1.33905,1.33817,1.33821,473
1761035400,1.33820,1.33850,1.33752,1.33753,568
1761036300,1.33754,1.33781,1.33740,1.33751,681
1761037200,1.33750,1.33830,1.33721,1.33774,884
1761038100,1.33775,1.33805,1.33734,1.33764,682
1761039000,1.33763,1.33907,1.33750,1.33846,795
1761039900,1.33845,1.33923,1.33845,1.33899,1052
1761040800,1.33902,1.33972,1.33824,1.33834,1400
1761041700,1.33835,1.33920,1.33809,1.33892,985
1761042600,1.33896,1.33902,1.33797,1.33883,1182
1761043500,1.33881,1.33952,1.33851,1.33930,1306
1761044400,1.33924,1.33924,1.33792,1.33803,1607
1761045300,1.33804,1.33851,1.33783,1.33822,1295
1761046200,1.33821,1.33875,1.33807,1.33838,804
1761047100,1.33837,1.33852,1.33738,1.33797,1300
1761048000,1.33798,1.33828,1.33752,1.33780,911
1761048900,1.33776,1.33873,1.33768,1.33855,720
1761049800,1.33856,1.33918,1.33841,1.33854,619
1761050700,1.33855,1.33880,1.33813,1.33845,697
1761051600,1.33846,1.33876,1.33802,1.33825,587
1761052500,1.33826,1.33831,1.33662,1.33731,865
1761053400,1.33730,1.33758,1.33707,1.33727,692
1761054300,1.33728,1.33844,1.33714,1.33828,871
1761055200,1.33829,1.33891,1.33813,1.33882,565
1761056100,1.33883,1.33944,1.33882,1.33896,814
1761057000,1.33895,1.33908,1.33779,1.33779,827
1761057900,1.33780,1.33850,1.33723,1.33844,1112
1761058800,1.33846,1.33890,1.33712,1.33753,1521
1761059700,1.33751,1.33829,1.33728,1.33747,1028
1761060600,1.33748,1.33765,1.33689,1.33713,1427
1761061500,1.33714,1.33876,1.33688,1.33867,1362
1761062400,1.33866,1.33877,1.33795,1.33834,1275
1761063300,1.33833,1.33874,1.33821,1.33844,1116
1761064200,1.33843,1.33878,1.33704,1.33712,1307
1761065100,1.33713,1.33781,1.33612,1.33764,1916
1761066000,1.33765,1.33833,1.33713,1.33824,1871
1761066900,1.33823,1.33865,1.33787,1.33817,1341
1761067800,1.33815,1.33826,1.33673,1.33678,1650
1761068700,1.33681,1.33769,1.33643,1.33728,1705
1761069600,1.33730,1.33905,1.33729,1.33873,1340
1761070500,1.33874,1.33939,1.33859,1.33937,1077
1761071400,1.33938,1.33941,1.33773,1.33837,1074
1761072300,1.33838,1.33922,1.33826,1.33886,1066
1761073200,1.33887,1.33981,1.33847,1.33861,1473
1761074100,1.33860,1.33861,1.33802,1.33822,779
1761075000,1.33821,1.33848,1.33759,1.33792,727
1761075900,1.33791,1.33798,1.33717,1.33733,1038
1761076800,1.33732,1.33733,1.33677,1.33698,1093
1761077700,1.33697,1.33711,1.33655,1.33671,828
1761078600,1.33672,1.33693,1.33653,1.33677,717
1761079500,1.33678,1.33733,1.33672,1.33721,693
1761080400,1.33725,1.33769,1.33723,1.33748,604
1761081300,1.33747,1.33754,1.33717,1.33728,396
1761082200,1.33727,1.33759,1.33725,1.33727,348
1761083100,1.33728,1.33756,1.33712,1.33726,437
1761084000,1.33725,1.33754,1.33723,1.33736,521
1761084900,1.33737,1.33742,1.33699,1.33702,350
1761085800,1.33701,1.33731,1.33692,1.33730,232
1761086700,1.33727,1.33745,1.33708,1.33720,380
1761087600,1.33721,1.33721,1.33672,1.33674,155
1761088500,1.33673,1.33680,1.33662,1.33671,66
1761089400,1.33670,1.33683,1.33663,1.33672,63
1761090300,1.33671,1.33684,1.33662,1.33663,47
1761091200,1.33638,1.33657,1.33637,1.33655,9
1761092100,1.33659,1.33693,1.33635,1.33693,55
1761093000,1.33694,1.33695,1.33665,1.33669,57
1761093900,1.33670,1.33695,1.33668,1.33683,83
1761094800,1.33682,1.33700,1.33654,1.33670,141
1761095700,1.33670,1.33703,1.33670,1.33702,51
1761096600,1.33701,1.33705,1.33695,1.33699,37
1761097500,1.33699,1.33699,1.33681,1.33685,77
1761098400,1.33685,1.33697,1.33675,1.33684,101
1761099300,1.33685,1.33692,1.33670,1.33673,128
1761100200,1.33672,1.33688,1.33672,1.33684,81
1761101100,1.33682,1.33682,1.33640,1.33651,222
1761102000,1.33652,1.33703,1.33639,1.33697,838
1761102900,1.33696,1.33733,1.33682,1.33721,593
1761103800,1.33722,1.33745,1.33705,1.33723,417
1761104700,1.33724,1.33739,1.33707,1.33712,472
1761105600,1.33711,1.33773,1.33711,1.33742,604
1761106500,1.33743,1.33752,1.33702,1.33703,349
1761107400,1.33702,1.33728,1.33680,1.33699,396
1761108300,1.33700,1.33725,1.33695,1.33710,310
1761109200,1.33711,1.33800,1.33711,1.33789,276
1761110100,1.33790,1.33801,1.33740,1.33743,301
1761111000,1.33742,1.33774,1.33731,1.33771,221
1761111900,1.33772,1.33777,1.33752,1.33763,205
1761112800,1.33765,1.33770,1.33739,1.33740,224
1761113700,1.33739,1.33742,1.33711,1.33721,220
1761114600,1.33722,1.33762,1.33722,1.33753,188
1761115500,1.33752,1.33763,1.33734,1.33742,208
1761116400,1.33741,1.33771,1.33741,1.33761,253
1761117300,1.33765,1.33781,1.33743,1.33757,172
1761118200,1.33756,1.33790,1.33752,1.33783,107
1761119100,1.33784,1.33798,1.33782,1.33793,161
1761120000,1.33792,1.33851,1.33792,1.33841,233
1761120900,1.33842,1.33849,1.33831,1.33847,179
1761121800,1.33846,1.33858,1.33837,1.33841,186
1761122700,1.33842,1.33870,1.33800,1.33827,314
1761123600,1.33821,1.33835,1.33377,1.33441,2224
1761124500,1.33442,1.33508,1.33327,1.33419,1424
1761125400,1.33418,1.33426,1.33294,1.33315,1615
1761126300,1.33316,1.33403,1.33296,1.33348,986
1761127200,1.33347,1.33352,1.33227,1.33247,1237
1761128100,1.33248,1.33278,1.33194,1.33236,1096
1761129000,1.33237,1.33379,1.33227,1.33345,1003
1761129900,1.33343,1.33368,1.33218,1.33221,825
1761130800,1.33222,1.33258,1.33146,1.33154,1238
1761131700,1.33151,1.33247,1.33149,1.33240,1286
1761132600,1.33239,1.33241,1.33128,1.33134,940
1761133500,1.33133,1.33260,1.33131,1.33206,1037
1761134400,1.33205,1.33270,1.33190,1.33228,848
1761135300,1.33227,1.33237,1.33167,1.33228,655
1761136200,1.33226,1.33257,1.33209,1.33211,539
1761137100,1.33210,1.33235,1.33186,1.33190,416
1761138000,1.33188,1.33232,1.33148,1.33176,519
1761138900,1.33177,1.33191,1.33071,1.33084,582
1761139800,1.33083,1.33127,1.33057,1.33107,583
1761140700,1.33106,1.33157,1.33095,1.33129,683
1761141600,1.33128,1.33163,1.33116,1.33156,715
1761142500,1.33160,1.33167,1.33116,1.33137,522
1761143400,1.33136,1.33234,1.33133,1.33231,827
1761144300,1.33232,1.33332,1.33194,1.33280,917
1761145200,1.33278,1.33404,1.33268,1.33367,1143
1761146100,1.33368,1.33380,1.33289,1.33316,830
1761147000,1.33315,1.33336,1.33137,1.33141,671
1761147900,1.33140,1.33343,1.33101,1.33239,1511
1761148800,1.33244,1.33269,1.33161,1.33237,1046
1761149700,1.33238,1.33322,1.33206,1.33319,905
1761150600,1.33318,1.33428,1.33316,1.33377,1267
1761151500,1.33376,1.33437,1.33312,1.33418,1264
1761152400,1.33417,1.33548,1.33417,1.33497,1239
1761153300,1.33498,1.33527,1.33457,1.33521,899
1761154200,1.33522,1.33557,1.33457,1.33526,952
1761155100,1.33525,1.33573,1.33437,1.33547,1239
1761156000,1.33546,1.33690,1.33541,1.33602,1302
1761156900,1.33603,1.33695,1.33577,1.33677,1039
1761157800,1.33676,1.33728,1.33632,1.33703,1240
1761158700,1.33704,1.33746,1.33663,1.33702,1009
1761159600,1.33706,1.33723,1.33656,1.33673,702
1761160500,1.33673,1.33707,1.33645,1.33661,518
1761161400,1.33662,1.33765,1.33655,1.33744,2224
1761162300,1.33743,1.33753,1.33690,1.33713,1000
1761163200,1.33712,1.33724,1.33642,1.33663,734
1761164100,1.33659,1.33674,1.33617,1.33651,735
1761165000,1.33650,1.33702,1.33604,1.33623,653
1761165900,1.33626,1.33638,1.33577,1.33600,599
1761166800,1.33603,1.33616,1.33586,1.33597,453
1761167700,1.33595,1.33608,1.33575,1.33589,418
1761168600,1.33588,1.33605,1.33552,1.33555,517
1761169500,1.33556,1.33575,1.33539,1.33556,441
1761170400,1.33557,1.33592,1.33525,1.33589,490
1761171300,1.33590,1.33609,1.33576,1.33577,384
1761172200,1.33578,1.33589,1.33565,1.33581,409
1761173100,1.33580,1.33580,1.33551,1.33569,357
1761174000,1.33568,1.33620,1.33557,1.33609,139
1761174900,1.33607,1.33610,1.33582,1.33607,63
1761175800,1.33606,1.33612,1.33578,1.33596,76
1761176700,1.33597,1.33598,1.33586,1.33587,66
1761177600,1.33497,1.33532,1.33489,1.33532,29
1761178500,1.33533,1.33556,1.33501,1.33522,102
1761179400,1.33523,1.33551,1.33496,1.33546,170
1761180300,1.33544,1.33565,1.33518,1.33522,187
1761181200,1.33522,1.33587,1.33522,1.33585,113
1761182100,1.33586,1.33592,1.33579,1.33580,35
1761183000,1.33580,1.33582,1.33569,1.33572,45
1761183900,1.33572,1.33573,1.33556,1.33557,78
1761184800,1.33557,1.33559,1.33537,1.33537,83
1761185700,1.33533,1.33546,1.33533,1.33535,114
1761186600,1.33536,1.33542,1.33522,1.33525,89
1761187500,1.33524,1.33527,1.33495,1.33506,289
1761188400,1.33504,1.33505,1.33445,1.33451,435
1761189300,1.33452,1.33452,1.33393,1.33414,412
1761190200,1.33413,1.33448,1.33412,1.33431,284
1761191100,1.33432,1.33467,1.33429,1.33454,361
1761192000,1.33455,1.33472,1.33425,1.33438,344
1761192900,1.33437,1.33453,1.33393,1.33399,341
1761193800,1.33402,1.33437,1.33398,1.33422,378
1761194700,1.33423,1.33438,1.33387,1.33392,381
1761195600,1.33391,1.33392,1.33361,1.33384,315
1761196500,1.33385,1.33398,1.33368,1.33375,257
1761197400,1.33373,1.33377,1.33347,1.33357,271
1761198300,1.33356,1.33383,1.33356,1.33368,206
1761199200,1.33367,1.33398,1.33367,1.33397,229
1761200100,1.33396,1.33401,1.33365,1.33367,174
1761201000,1.33366,1.33380,1.33348,1.33360,211
1761201900,1.33361,1.33361,1.33328,1.33332,174
1761202800,1.33331,1.33331,1.33295,1.33323,221
1761203700,1.33326,1.33352,1.33326,1.33349,149
1761204600,1.33350,1.33359,1.33339,1.33356,130
1761205500,1.33357,1.33394,1.33351,1.33392,179
1761206400,1.33390,1.33410,1.33382,1.33390,131
1761207300,1.33392,1.33416,1.33386,1.33408,151
1761208200,1.33407,1.33420,1.33396,1.33406,188
1761209100,1.33407,1.33509,1.33404,1.33477,377
1761210000,1.33476,1.33530,1.33451,1.33521,582
1761210900,1.33522,1.33571,1.33504,1.33518,511
1761211800,1.33519,1.33564,1.33447,1.33477,717
1761212700,1.33478,1.33502,1.33463,1.33496,702
1761213600,1.33495,1.33552,1.33481,1.33531,767
1761214500,1.33530,1.33558,1.33478,1.33481,612
1761215400,1.33479,1.33513,1.33444,1.33507,651
1761216300,1.33506,1.33542,1.33471,1.33507,619
1761217200,1.33508,1.33552,1.33488,1.33541,599
1761218100,1.33542,1.33551,1.33493,1.33542,513
1761219000,1.33541,1.33553,1.33456,1.33477,481
1761219900,1.33478,1.33496,1.33439,1.33496,570
1761220800,1.33495,1.33527,1.33478,1.33501,437
1761221700,1.33500,1.33531,1.33496,1.33522,425
1761222600,1.33521,1.33548,1.33506,1.33511,347
1761223500,1.33509,1.33524,1.33484,1.33489,396
1761224400,1.33488,1.33511,1.33462,1.33506,348
1761225300,1.33504,1.33519,1.33477,1.33490,396
1761226200,1.33489,1.33507,1.33436,1.33436,304
1761227100,1.33437,1.33437,1.33351,1.33372,587
1761228000,1.33370,1.33392,1.33337,1.33372,528
1761228900,1.33374,1.33392,1.33365,1.33381,335
1761229800,1.33380,1.33422,1.33368,1.33390,450
1761230700,1.33389,1.33402,1.33353,1.33360,569
1761231600,1.33361,1.33402,1.33356,1.33377,701
1761232500,1.33378,1.33378,1.33267,1.33336,776
1761233400,1.33335,1.33442,1.33334,1.33428,694
1761234300,1.33428,1.33502,1.33418,1.33434,788
1761235200,1.33435,1.33473,1.33430,1.33457,854
1761236100,1.33458,1.33471,1.33411,1.33468,801
1761237000,1.33467,1.33478,1.33364,1.33368,1621
1761237900,1.33367,1.33367,1.33243,1.33270,1453
1761238800,1.33269,1.33365,1.33263,1.33289,1625
1761239700,1.33287,1.33322,1.33254,1.33298,1062
1761240600,1.33297,1.33371,1.33281,1.33306,862
1761241500,1.33307,1.33308,1.33200,1.33218,1372
1761242400,1.33219,1.33243,1.33109,1.33120,1069
1761243300,1.33121,1.33233,1.33109,1.33222,1080
1761244200,1.33223,1.33258,1.33158,1.33207,943
1761245100,1.33208,1.33239,1.33181,1.33209,754
1761246000,1.33210,1.33261,1.33206,1.33241,590
1761246900,1.33242,1.33242,1.33176,1.33192,623
1761247800,1.33191,1.33223,1.33177,1.33187,428
1761248700,1.33188,1.33192,1.33119,1.33126,556
1761249600,1.33127,1.33163,1.33081,1.33098,796
1761250500,1.33100,1.33134,1.33082,1.33124,567
1761251400,1.33125,1.33202,1.33123,1.33193,489
1761252300,1.33192,1.33211,1.33170,1.33171,333
1761253200,1.33170,1.33204,1.33159,1.33202,414
1761254100,1.33204,1.33212,1.33178,1.33185,355
1761255000,1.33186,1.33240,1.33181,1.33238,234
1761255900,1.33239,1.33242,1.33226,1.33232,225
1761256800,1.33231,1.33266,1.33231,1.33252,374
1761257700,1.33251,1.33251,1.33236,1.33241,135
1761258600,1.33240,1.33250,1.33231,1.33240,182
1761259500,1.33241,1.33249,1.33227,1.33242,327
1761260400,1.33241,1.33241,1.33213,1.33228,121
1761261300,1.33227,1.33227,1.33210,1.33217,55
1761262200,1.33218,1.33248,1.33216,1.33240,56
1761263100,1.33241,1.33280,1.33241,1.33280,74
1761264000,1.33204,1.33206,1.33188,1.33188,17
1761264900,1.33188,1.33189,1.33186,1.33186,82
1761265800,1.33186,1.33218,1.33186,1.33215,129
1761266700,1.33215,1.33249,1.33213,1.33238,109
1761267600,1.33240,1.33291,1.33240,1.33291,120
1761268500,1.33292,1.33294,1.33279,1.33294,55
1761269400,1.33294,1.33296,1.33269,1.33269,93
1761270300,1.33270,1.33280,1.33263,1.33263,92
1761271200,1.33263,1.33270,1.33258,1.33265,79
1761272100,1.33266,1.33273,1.33254,1.33256,64
1761273000,1.33256,1.33266,1.33241,1.33266,115
1761273900,1.33265,1.33279,1.33262,1.33267,128
1761274800,1.33266,1.33313,1.33255,1.33286,519
1761275700,1.33287,1.33298,1.33277,1.33292,333
1761276600,1.33295,1.33318,1.33289,1.33316,239
1761277500,1.33317,1.33324,1.33295,1.33302,339
1761278400,1.33301,1.33312,1.33265,1.33286,333
1761279300,1.33285,1.33288,1.33227,1.33242,330
1761280200,1.33241,1.33252,1.33216,1.33252,389
1761281100,1.33249,1.33251,1.33212,1.33215,307
1761282000,1.33216,1.33262,1.33212,1.33255,254
1761282900,1.33257,1.33259,1.33226,1.33226,300
1761283800,1.33225,1.33243,1.33196,1.33197,489
1761284700,1.33198,1.33209,1.33178,1.33187,290
1761285600,1.33186,1.33206,1.33186,1.33193,195
1761286500,1.33194,1.33238,1.33191,1.33233,239
1761287400,1.33236,1.33254,1.33232,1.33252,193
1761288300,1.33253,1.33281,1.33251,1.33253,182
1761289200,1.33254,1.33255,1.33223,1.33238,195
1761290100,1.33236,1.33242,1.33208,1.33216,200
1761291000,1.33217,1.33223,1.33210,1.33211,144
1761291900,1.33212,1.33213,1.33191,1.33211,160
1761292800,1.33210,1.33213,1.33191,1.33193,210
1761293700,1.33194,1.33211,1.33124,1.33128,216
1761294600,1.33126,1.33162,1.33115,1.33149,291
1761295500,1.33148,1.33198,1.33147,1.33179,283
1761296400,1.33178,1.33311,1.33122,1.33128,1157
1761297300,1.33127,1.33297,1.33126,1.33286,810
1761298200,1.33288,1.33336,1.33237,1.33293,996
1761299100,1.33295,1.33327,1.33259,1.33324,685
1761300000,1.33322,1.33331,1.33259,1.33263,1065
1761300900,1.33264,1.33277,1.33208,1.33241,961
1761301800,1.33245,1.33318,1.33241,1.33241,1291
1761302700,1.33242,1.33260,1.33141,1.33154,661
1761303600,1.33156,1.33166,1.33095,1.33101,773
1761304500,1.33099,1.33116,1.33008,1.33014,895
1761305400,1.33012,1.33212,1.33012,1.33186,1199
1761306300,1.33190,1.33265,1.33165,1.33209,817
1761307200,1.33206,1.33206,1.33133,1.33153,742
1761308100,1.33154,1.33228,1.33142,1.33181,666
1761309000,1.33182,1.33208,1.33177,1.33195,390
1761309900,1.33196,1.33251,1.33192,1.33218,630
1761310800,1.33219,1.33254,1.33195,1.33196,679
1761311700,1.33203,1.33213,1.33161,1.33182,407
1761312600,1.33183,1.33221,1.33171,1.33201,359
1761313500,1.33200,1.33207,1.33138,1.33174,409
1761314400,1.33174,1.33178,1.33096,1.33134,680
1761315300,1.33135,1.33196,1.33112,1.33112,676
1761316200,1.33106,1.33106,1.33043,1.33043,514
1761317100,1.33044,1.33067,1.33002,1.33060,697
1761318000,1.33061,1.33127,1.33061,1.33092,723
1761318900,1.33092,1.33136,1.33047,1.33071,779
1761319800,1.33049,1.33651,1.33047,1.33496,4429
1761320700,1.33494,1.33517,1.33351,1.33457,2868
1761321600,1.33456,1.33592,1.33419,1.33512,2113
1761322500,1.33513,1.33526,1.33435,1.33471,1844
1761323400,1.33472,1.33509,1.33383,1.33452,1528
1761324300,1.33453,1.33453,1.33289,1.33380,1705
1761325200,1.33381,1.33393,1.33241,1.33323,2174
1761326100,1.33322,1.33336,1.33175,1.33182,1613
1761327000,1.33178,1.33178,1.33089,1.33094,1493
1761327900,1.33095,1.33112,1.32936,1.33002,1781
1761328800,1.33000,1.33077,1.32954,1.33052,1450
1761329700,1.33053,1.33057,1.33000,1.33043,903
1761330600,1.33044,1.33064,1.32932,1.33006,981
1761331500,1.33010,1.33011,1.32908,1.32962,1391
1761332400,1.32963,1.32986,1.32942,1.32985,640
1761333300,1.32984,1.32993,1.32922,1.32948,426
1761334200,1.32947,1.32956,1.32876,1.32912,550
1761335100,1.32911,1.32967,1.32910,1.32955,443
1761336000,1.32954,1.33068,1.32954,1.33036,388
1761336900,1.33037,1.33052,1.33006,1.33046,397
1761337800,1.33040,1.33061,1.33017,1.33047,303
1761338700,1.33048,1.33050,1.33006,1.33028,353
1761339600,1.33031,1.33067,1.33006,1.33054,424
1761340500,1.33054,1.33059,1.33042,1.33046,323
1761341400,1.33045,1.33052,1.33027,1.33035,293
1761342300,1.33034,1.33052,1.33027,1.33043,319
1761343200,1.33042,1.33060,1.33031,1.33035,301
1761344100,1.33036,1.33058,1.33032,1.33038,255
1761345000,1.33037,1.33066,1.33027,1.33062,254
1761345900,1.33061,1.33124,1.33043,1.33118,333
1761346800,1.33119,1.33172,1.33119,1.33166,194
1761347700,1.33167,1.33178,1.33143,1.33143,103
1761348600,1.33142,1.33142,1.33070,1.33091,188
1761349500,1.33092,1.33149,1.33087,1.33098,361
1761523200,1.33210,1.33231,1.33178,1.33189,335
1761524100,1.33189,1.33244,1.33181,1.33204,245
1761525000,1.33203,1.33271,1.33189,1.33247,453
1761525900,1.33247,1.33258,1.33226,1.33229,217
1761526800,1.33229,1.33236,1.33189,1.33200,252
1761527700,1.33201,1.33227,1.33198,1.33227,214
1761528600,1.33226,1.33249,1.33216,1.33222,203
1761529500,1.33223,1.33229,1.33192,1.33216,183
1761530400,1.33215,1.33248,1.33176,1.33178,385
1761531300,1.33179,1.33221,1.33179,1.33216,276
1761532200,1.33215,1.33264,1.33215,1.33243,437
1761533100,1.33244,1.33280,1.33229,1.33239,480
1761534000,1.33241,1.33339,1.33217,1.33309,615
1761534900,1.33310,1.33358,1.33308,1.33349,594
1761535800,1.33348,1.33350,1.33287,1.33306,477
1761536700,1.33307,1.33313,1.33263,1.33278,389
1761537600,1.33277,1.33281,1.33213,1.33216,310
1761538500,1.33218,1.33236,1.33218,1.33227,245
1761539400,1.33226,1.33231,1.33211,1.33217,203
1761540300,1.33218,1.33238,1.33212,1.33231,215
1761541200,1.33230,1.33260,1.33225,1.33256,237
1761542100,1.33257,1.33267,1.33242,1.33250,296
1761543000,1.33249,1.33254,1.33225,1.33225,167
1761543900,1.33227,1.33238,1.33200,1.33218,212
1761544800,1.33217,1.33223,1.33155,1.33159,314
1761545700,1.33161,1.33170,1.33148,1.33156,219
1761546600,1.33154,1.33167,1.33132,1.33153,206
1761547500,1.33154,1.33163,1.33138,1.33162,149
1761548400,1.33161,1.33172,1.33134,1.33141,237
1761549300,1.33142,1.33172,1.33128,1.33171,224
1761550200,1.33172,1.33220,1.33171,1.33189,278
1761551100,1.33188,1.33207,1.33181,1.33204,303
1761552000,1.33203,1.33294,1.33203,1.33262,709
1761552900,1.33261,1.33295,1.33244,1.33276,521
1761553800,1.33275,1.33346,1.33257,1.33287,463
1761554700,1.33288,1.33298,1.33214,1.33234,362
1761555600,1.33235,1.33260,1.33160,1.33173,827
1761556500,1.33174,1.33175,1.33103,1.33116,657
1761557400,1.33119,1.33195,1.33117,1.33176,556
1761558300,1.33177,1.33193,1.33149,1.33156,647
1761559200,1.33155,1.33163,1.33107,1.33163,717
1761560100,1.33163,1.33223,1.33154,1.33203,731
1761561000,1.33205,1.33331,1.33196,1.33303,857
1761561900,1.33302,1.33340,1.33242,1.33267,855
1761562800,1.33268,1.33300,1.33231,1.33285,852
1761563700,1.33286,1.33377,1.33267,1.33313,764
1761564600,1.33312,1.33416,1.33311,1.33416,630
1761565500,1.33413,1.33468,1.33396,1.33452,835
1761566400,1.33451,1.33484,1.33421,1.33482,465
1761567300,1.33481,1.33511,1.33436,1.33443,550
1761568200,1.33442,1.33466,1.33417,1.33443,405
1761569100,1.33444,1.33478,1.33431,1.33448,464
1761570000,1.33447,1.33466,1.33422,1.33431,477
1761570900,1.33432,1.33461,1.33380,1.33412,552
1761571800,1.33411,1.33456,1.33374,1.33431,836
1761572700,1.33432,1.33532,1.33395,1.33477,753
1761573600,1.33479,1.33518,1.33455,1.33479,917
1761574500,1.33480,1.33508,1.33427,1.33427,770
1761575400,1.33425,1.33466,1.33406,1.33453,782
1761576300,1.33454,1.33480,1.33437,1.33480,653
1761577200,1.33478,1.33517,1.33451,1.33465,561
1761578100,1.33467,1.33472,1.33407,1.33415,693
1761579000,1.33414,1.33425,1.33268,1.33315,1369
1761579900,1.33312,1.33367,1.33253,1.33346,1455
1761580800,1.33345,1.33358,1.33298,1.33325,1138
1761581700,1.33329,1.33342,1.33261,1.33324,988
1761582600,1.33323,1.33328,1.33280,1.33309,794
1761583500,1.33308,1.33367,1.33274,1.33309,886
1761584400,1.33308,1.33310,1.33177,1.33215,1145
1761585300,1.33216,1.33274,1.33194,1.33260,593
1761586200,1.33261,1.33316,1.33253,1.33313,696
1761587100,1.33311,1.33327,1.33231,1.33289,940
1761588000,1.33290,1.33308,1.33235,1.33277,774
1761588900,1.33278,1.33310,1.33256,1.33306,396
1761589800,1.33305,1.33340,1.33305,1.33317,420
1761590700,1.33318,1.33352,1.33302,1.33349,452
1761591600,1.33350,1.33388,1.33348,1.33369,455
1761592500,1.33368,1.33369,1.33326,1.33348,405
1761593400,1.33349,1.33374,1.33349,1.33355,145
1761594300,1.33356,1.33358,1.33330,1.33337,114
1761595200,1.33336,1.33342,1.33306,1.33325,204
1761596100,1.33324,1.33332,1.33247,1.33257,249
1761597000,1.33256,1.33340,1.33255,1.33326,357
1761597900,1.33325,1.33388,1.33315,1.33379,672
1761598800,1.33378,1.33386,1.33337,1.33347,383
1761599700,1.33345,1.33347,1.33287,1.33295,270
1761600600,1.33296,1.33329,1.33288,1.33306,311
1761601500,1.33305,1.33373,1.33301,1.33349,400
1761602400,1.33350,1.33377,1.33325,1.33344,316
1761603300,1.33345,1.33380,1.33343,1.33380,101
1761604200,1.33379,1.33379,1.33356,1.33376,92
1761605100,1.33377,1.33387,1.33337,1.33338,192
1761606000,1.33353,1.33354,1.33351,1.33351,8
1761606900,1.33354,1.33371,1.33350,1.33371,37
1761607800,1.33357,1.33366,1.33357,1.33363,568
1761608700,1.33363,1.33364,1.33355,1.33363,93
1761609600,1.33358,1.33380,1.33353,1.33353,263
1761610500,1.33353,1.33371,1.33351,1.33366,85
1761611400,1.33365,1.33373,1.33363,1.33367,106
1761612300,1.33367,1.33395,1.33366,1.33392,100
1761613200,1.33392,1.33399,1.33384,1.33386,84
1761614100,1.33388,1.33425,1.33387,1.33420,78
1761615000,1.33420,1.33428,1.33409,1.33425,79
1761615900,1.33426,1.33442,1.33399,1.33403,111
1761616800,1.33402,1.33442,1.33369,1.33442,269
1761617700,1.33443,1.33497,1.33436,1.33478,308
1761618600,1.33477,1.33536,1.33477,1.33515,340
1761619500,1.33516,1.33530,1.33495,1.33501,405
1761620400,1.33500,1.33566,1.33486,1.33561,578
1761621300,1.33562,1.33582,1.33478,1.33481,624
1761622200,1.33480,1.33530,1.33477,1.33522,486
1761623100,1.33523,1.33535,1.33497,1.33522,413
1761624000,1.33521,1.33585,1.33521,1.33572,554
1761624900,1.33573,1.33579,1.33539,1.33558,366
1761625800,1.33557,1.33557,1.33511,1.33531,335
1761626700,1.33532,1.33534,1.33489,1.33492,360
1761627600,1.33491,1.33535,1.33488,1.33512,290
1761628500,1.33513,1.33533,1.33497,1.33528,325
1761629400,1.33527,1.33532,1.33493,1.33516,254
1761630300,1.33517,1.33577,1.33517,1.33560,368
1761631200,1.33559,1.33643,1.33551,1.33642,401
1761632100,1.33641,1.33671,1.33612,1.33620,466
1761633000,1.33619,1.33652,1.33599,1.33632,289
1761633900,1.33635,1.33667,1.33635,1.33663,354
1761634800,1.33664,1.33697,1.33653,1.33672,368
1761635700,1.33673,1.33693,1.33608,1.33669,362
1761636600,1.33670,1.33673,1.33612,1.33632,422
1761637500,1.33633,1.33654,1.33607,1.33621,386
1761638400,1.33623,1.33644,1.33602,1.33602,515
1761639300,1.33601,1.33673,1.33601,1.33652,517
1761640200,1.33651,1.33663,1.33553,1.33578,544
1761641100,1.33579,1.33593,1.33524,1.33527,525
1761642000,1.33526,1.33527,1.33441,1.33522,1033
1761642900,1.33521,1.33523,1.33488,1.33497,466
1761643800,1.33498,1.33500,1.33425,1.33459,647
1761644700,1.33460,1.33460,1.33317,1.33363,770
1761645600,1.33362,1.33380,1.33248,1.33270,1281
1761646500,1.33271,1.33329,1.33204,1.33210,1108
1761647400,1.33209,1.33295,1.33051,1.33065,1644
1761648300,1.33066,1.33104,1.33006,1.33076,1042
1761649200,1.33075,1.33090,1.33027,1.33046,907
1761650100,1.33050,1.33094,1.33006,1.33046,522
1761651000,1.33049,1.33185,1.33049,1.33182,560
1761651900,1.33185,1.33224,1.33123,1.33173,629
1761652800,1.33174,1.33206,1.33116,1.33186,857
1761653700,1.33187,1.33259,1.33174,1.33210,647
1761654600,1.33209,1.33256,1.33157,1.33246,763
1761655500,1.33245,1.33286,1.33201,1.33252,832
1761656400,1.33253,1.33257,1.33135,1.33141,611
1761657300,1.33142,1.33199,1.33075,1.33076,685
1761658200,1.33077,1.33113,1.33059,1.33063,591
1761659100,1.33062,1.33087,1.33042,1.33079,467
1761660000,1.33084,1.33137,1.32997,1.33007,839
1761660900,1.33005,1.33057,1.32956,1.33001,824
1761661800,1.32997,1.33031,1.32918,1.32965,933
1761662700,1.32966,1.32980,1.32798,1.32841,1312
1761663600,1.32842,1.32851,1.32693,1.32702,993
1761664500,1.32703,1.32713,1.32615,1.32667,840
1761665400,1.32666,1.32666,1.32545,1.32573,1327
1761666300,1.32569,1.32597,1.32477,1.32554,1358
1761667200,1.32555,1.32672,1.32540,1.32600,1105
1761668100,1.32595,1.32764,1.32592,1.32637,1139
1761669000,1.32636,1.32738,1.32598,1.32697,855
1761669900,1.32699,1.32785,1.32648,1.32767,770
1761670800,1.32766,1.32809,1.32716,1.32726,820
1761671700,1.32727,1.32781,1.32719,1.32780,614
1761672600,1.32781,1.32832,1.32781,1.32822,683
1761673500,1.32821,1.32821,1.32676,1.32771,1088
1761674400,1.32770,1.32808,1.32742,1.32773,770
1761675300,1.32774,1.32832,1.32745,1.32831,427
1761676200,1.32830,1.32863,1.32749,1.32794,1228
1761677100,1.32793,1.32911,1.32778,1.32898,948
1761678000,1.32899,1.32901,1.32764,1.32793,712
1761678900,1.32789,1.32831,1.32770,1.32773,479
1761679800,1.32772,1.32813,1.32760,1.32783,354
1761680700,1.32781,1.32792,1.32756,1.32771,284
1761681600,1.32772,1.32775,1.32741,1.32763,364
1761682500,1.32764,1.32774,1.32731,1.32732,266
1761683400,1.32731,1.32745,1.32697,1.32731,353
1761684300,1.32733,1.32828,1.32727,1.32797,477
1761685200,1.32798,1.32835,1.32798,1.32815,314
1761686100,1.32816,1.32835,1.32809,1.32810,351
1761687000,1.32809,1.32818,1.32793,1.32794,198
1761687900,1.32795,1.32796,1.32726,1.32731,403
1761688800,1.32730,1.32778,1.32722,1.32776,188
1761689700,1.32777,1.32788,1.32723,1.32737,148
1761690600,1.32736,1.32776,1.32734,1.32776,160
1761691500,1.32777,1.32784,1.32696,1.32696,267
1761692400,1.32705,1.32719,1.32685,1.32687,27
1761693300,1.32688,1.32730,1.32688,1.32719,41
1761694200,1.32718,1.32729,1.32709,1.32726,43
1761695100,1.32727,1.32751,1.32714,1.32726,38
1761696000,1.32727,1.32742,1.32703,1.32736,221
1761696900,1.32736,1.32743,1.32715,1.32741,176
1761697800,1.32740,1.32740,1.32707,1.32717,68
1761698700,1.32717,1.32721,1.32704,1.32715,78
1761699600,1.32715,1.32722,1.32709,1.32722,47
1761700500,1.32721,1.32732,1.32706,1.32706,38
1761701400,1.32707,1.32721,1.32707,1.32721,19
1761702300,1.32722,1.32781,1.32694,1.32781,166
1761703200,1.32782,1.32804,1.32760,1.32769,431
1761704100,1.32770,1.32792,1.32746,1.32784,376
1761705000,1.32785,1.32805,1.32741,1.32765,876
1761705900,1.32766,1.32791,1.32680,1.32722,755
1761706800,1.32721,1.32740,1.32707,1.32725,469
1761707700,1.32726,1.32732,1.32655,1.32674,434
1761708600,1.32673,1.32688,1.32640,1.32658,539
1761709500,1.32657,1.32677,1.32638,1.32642,436
1761710400,1.32641,1.32681,1.32630,1.32667,439
1761711300,1.32668,1.32668,1.32610,1.32610,318
1761712200,1.32608,1.32608,1.32570,1.32580,367
1761713100,1.32581,1.32639,1.32581,1.32639,273
1761714000,1.32640,1.32643,1.32580,1.32582,213
1761714900,1.32583,1.32591,1.32562,1.32563,167
1761715800,1.32562,1.32567,1.32507,1.32523,286
1761716700,1.32524,1.32533,1.32506,1.32523,235
1761717600,1.32522,1.32545,1.32515,1.32533,273
1761718500,1.32534,1.32546,1.32521,1.32542,248
1761719400,1.32541,1.32545,1.32512,1.32522,243
1761720300,1.32523,1.32530,1.32491,1.32512,286
1761721200,1.32511,1.32514,1.32402,1.32420,377
1761722100,1.32421,1.32426,1.32365,1.32369,493
1761723000,1.32368,1.32415,1.32358,1.32380,443
1761723900,1.32381,1.32403,1.32333,1.32352,344
1761724800,1.32351,1.32378,1.32292,1.32366,586
1761725700,1.32367,1.32390,1.32340,1.32357,312
1761726600,1.32356,1.32410,1.32356,1.32367,454
1761727500,1.32366,1.32367,1.32253,1.32268,434
1761728400,1.32267,1.32343,1.32222,1.32322,1027
1761729300,1.32323,1.32342,1.32204,1.32246,741
1761730200,1.32248,1.32298,1.32211,1.32291,600
1761731100,1.32288,1.32296,1.32243,1.32282,716
1761732000,1.32281,1.32293,1.32122,1.32126,837
1761732900,1.32125,1.32207,1.32120,1.32173,682
1761733800,1.32175,1.32194,1.32093,1.32146,609
1761734700,1.32147,1.32162,1.32086,1.32089,623
1761735600,1.32088,1.32088,1.31977,1.32012,760
1761736500,1.32013,1.32097,1.31995,1.32092,606
1761737400,1.32093,1.32201,1.32081,1.32177,637
1761738300,1.32178,1.32286,1.32176,1.32202,842
1761739200,1.32201,1.32218,1.32173,1.32195,557
1761740100,1.32194,1.32229,1.32182,1.32205,461
1761741000,1.32206,1.32223,1.32161,1.32183,570
1761741900,1.32184,1.32203,1.32144,1.32184,428
1761742800,1.32185,1.32238,1.32169,1.32213,580
1761743700,1.32212,1.32217,1.32144,1.32177,642
1761744600,1.32178,1.32246,1.32152,1.32225,656
1761745500,1.32226,1.32250,1.32175,1.32176,568
1761746400,1.32175,1.32213,1.32169,1.32179,548
1761747300,1.32178,1.32195,1.32015,1.32047,825
1761748200,1.32048,1.32077,1.32011,1.32036,972
1761749100,1.32037,1.32056,1.31969,1.32037,856
1761750000,1.32036,1.32157,1.31993,1.32147,935
1761750900,1.32152,1.32243,1.32142,1.32156,1241
1761751800,1.32157,1.32213,1.32081,1.32081,1027
1761752700,1.32082,1.32097,1.31947,1.32065,1306
1761753600,1.32064,1.32123,1.32022,1.32114,1320
1761754500,1.32115,1.32226,1.32087,1.32175,1127
1761755400,1.32174,1.32208,1.32124,1.32138,1103
1761756300,1.32139,1.32274,1.32137,1.32273,843
1761757200,1.32274,1.32339,1.32266,1.32274,1161
1761758100,1.32275,1.32342,1.32257,1.32304,858
1761759000,1.32305,1.32398,1.32301,1.32387,819
1761759900,1.32386,1.32474,1.32358,1.32414,1928
1761760800,1.32412,1.32445,1.32378,1.32418,1244
1761761700,1.32416,1.32416,1.32350,1.32380,668
1761762600,1.32378,1.32378,1.32309,1.32319,540
1761763500,1.32318,1.32332,1.32268,1.32278,588
1761764400,1.32277,1.32316,1.32261,1.32271,484
1761765300,1.32275,1.32317,1.32232,1.32240,393
1761766200,1.32238,1.32238,1.32165,1.32208,650
1761767100,1.32205,1.32288,1.32192,1.32239,571
1761768000,1.32239,1.32279,1.32096,1.32102,2538
1761768900,1.32101,1.32172,1.32068,1.32118,1399
1761769800,1.32120,1.32210,1.31397,1.31601,5446
1761770700,1.31601,1.31780,1.31484,1.31612,4712
1761771600,1.31610,1.31704,1.31468,1.31539,3689
1761772500,1.31540,1.31660,1.31497,1.31556,2743
1761773400,1.31555,1.31788,1.31521,1.31783,1882
1761774300,1.31784,1.31949,1.31780,1.31943,1262
1761775200,1.31942,1.31953,1.31808,1.31838,631
1761776100,1.31839,1.31923,1.31839,1.31909,413
1761777000,1.31909,1.32010,1.31887,1.31958,729
1761777900,1.31956,1.31962,1.31916,1.31916,914
1761778800,1.31911,1.31965,1.31864,1.31878,61
1761779700,1.31876,1.31906,1.31876,1.31901,24
1761780600,1.31898,1.31923,1.31777,1.31823,381
1761781500,1.31823,1.31965,1.31823,1.31943,195
1761782400,1.31946,1.31963,1.31946,1.31961,150
1761783300,1.31962,1.31962,1.31946,1.31949,78
1761784200,1.31950,1.31966,1.31948,1.31965,63
1761785100,1.31965,1.31972,1.31924,1.31934,122
1761786000,1.31935,1.31955,1.31928,1.31941,108
1761786900,1.31940,1.31969,1.31940,1.31968,84
1761787800,1.31967,1.31985,1.31959,1.31965,201
1761788700,1.31966,1.31967,1.31921,1.31942,144
1761789600,1.31943,1.31953,1.31874,1.31939,496
1761790500,1.31940,1.32052,1.31940,1.32042,571
1761791400,1.32041,1.32050,1.32025,1.32040,347
1761792300,1.32039,1.32072,1.32031,1.32037,409
1761793200,1.32036,1.32073,1.32008,1.32026,696
1761794100,1.32027,1.32030,1.31967,1.31975,607
1761795000,1.31972,1.32063,1.31965,1.32056,559
1761795900,1.32057,1.32073,1.32050,1.32062,380
1761796800,1.32061,1.32092,1.32035,1.32090,544
1761797700,1.32091,1.32103,1.32036,1.32050,446
1761798600,1.32049,1.32076,1.32035,1.32064,324
1761799500,1.32065,1.32068,1.32027,1.32043,221
1761800400,1.32045,1.32093,1.32041,1.32093,373
1761801300,1.32094,1.32094,1.31987,1.32011,724
1761802200,1.32010,1.32016,1.31966,1.31995,518
1761803100,1.31993,1.32028,1.31975,1.32026,303
1761804000,1.32027,1.32064,1.32007,1.32056,624
1761804900,1.32057,1.32180,1.32047,1.32157,915
1761805800,1.32156,1.32164,1.32099,1.32138,1092
1761806700,1.32140,1.32174,1.32116,1.32164,478
1761807600,1.32163,1.32187,1.32115,1.32122,480
1761808500,1.32123,1.32125,1.32087,1.32098,494
1761809400,1.32097,1.32138,1.32087,1.32138,331
1761810300,1.32137,1.32154,1.32095,1.32103,434
1761811200,1.32100,1.32141,1.32081,1.32135,534
1761812100,1.32136,1.32137,1.32053,1.32058,570
1761813000,1.32057,1.32083,1.31964,1.31990,919
1761813900,1.31991,1.32088,1.31963,1.32025,685
1761814800,1.32024,1.32024,1.31926,1.31935,1218
1761815700,1.31934,1.32033,1.31923,1.32000,1127
1761816600,1.32001,1.32119,1.31988,1.32035,836
1761817500,1.32034,1.32035,1.31924,1.31977,887
1761818400,1.31984,1.32023,1.31854,1.31925,1508
1761819300,1.31922,1.31971,1.31865,1.31943,1304
1761820200,1.31942,1.32045,1.31888,1.32030,843
1761821100,1.32029,1.32111,1.32018,1.32077,596
1761822000,1.32076,1.32095,1.31956,1.31981,754
1761822900,1.31982,1.32000,1.31933,1.31958,465
1761823800,1.31957,1.31994,1.31852,1.31856,680
1761824700,1.31855,1.31902,1.31842,1.31885,497
1761825600,1.31882,1.31893,1.31833,1.31856,516
1761826500,1.31855,1.31894,1.31828,1.31835,581
1761827400,1.31834,1.31846,1.31776,1.31788,429
1761828300,1.31789,1.31798,1.31744,1.31764,402
1761829200,1.31762,1.31851,1.31743,1.31820,534
1761830100,1.31818,1.31852,1.31792,1.31845,570
1761831000,1.31844,1.31908,1.31783,1.31799,628
1761831900,1.31801,1.31805,1.31756,1.31782,528
1761832800,1.31783,1.31853,1.31725,1.31734,736
1761833700,1.31735,1.31736,1.31583,1.31616,645
1761834600,1.31615,1.31678,1.31472,1.31503,1248
1761835500,1.31505,1.31505,1.31356,1.31375,1371
1761836400,1.31374,1.31387,1.31167,1.31246,1789
1761837300,1.31247,1.31400,1.31233,1.31381,1379
1761838200,1.31380,1.31500,1.31354,1.31492,1490
1761839100,1.31493,1.31646,1.31425,1.31566,2285
1761840000,1.31567,1.31744,1.31522,1.31678,2583
1761840900,1.31678,1.31787,1.31629,1.31746,1899
1761841800,1.31745,1.31805,1.31586,1.31626,1361
1761842700,1.31625,1.31643,1.31530,1.31572,1433
1761843600,1.31573,1.31642,1.31538,1.31626,1147
1761844500,1.31627,1.31692,1.31608,1.31615,684
1761845400,1.31614,1.31614,1.31451,1.31520,784
1761846300,1.31521,1.31540,1.31450,1.31463,869
1761847200,1.31462,1.31490,1.31401,1.31406,810
1761848100,1.31407,1.31492,1.31349,1.31462,747
1761849000,1.31461,1.31590,1.31443,1.31590,930
1761849900,1.31589,1.31602,1.31541,1.31556,626
1761850800,1.31555,1.31557,1.31464,1.31479,615
1761851700,1.31478,1.31581,1.31462,1.31572,492
1761852600,1.31572,1.31577,1.31516,1.31524,519
1761853500,1.31522,1.31592,1.31522,1.31529,646
1761854400,1.31530,1.31578,1.31498,1.31498,553
1761855300,1.31499,1.31530,1.31480,1.31529,523
1761856200,1.31528,1.31563,1.31506,1.31512,382
1761857100,1.31511,1.31522,1.31459,1.31471,483
1761858000,1.31472,1.31503,1.31447,1.31478,669
1761858900,1.31477,1.31482,1.31394,1.31412,503
1761859800,1.31411,1.31448,1.31411,1.31441,282
1761860700,1.31442,1.31454,1.31432,1.31446,361
1761861600,1.31448,1.31492,1.31431,1.31490,232
1761862500,1.31491,1.31524,1.31481,1.31496,120
1761863400,1.31495,1.31527,1.31493,1.31513,127
1761864300,1.31514,1.31558,1.31480,1.31487,349
1761865200,1.31476,1.31485,1.31438,1.31484,27
1761866100,1.31431,1.31484,1.31431,1.31484,49
1761867000,1.31483,1.31511,1.31465,1.31486,237
1761867900,1.31485,1.31517,1.31472,1.31502,308
1761868800,1.31481,1.31521,1.31471,1.31516,176
1761869700,1.31517,1.31530,1.31512,1.31529,54
1761870600,1.31529,1.31533,1.31508,1.31517,75
1761871500,1.31517,1.31541,1.31517,1.31532,84
1761872400,1.31532,1.31541,1.31532,1.31535,46
1761873300,1.31534,1.31536,1.31509,1.31509,46
1761874200,1.31509,1.31541,1.31509,1.31539,51
1761875100,1.31540,1.31600,1.31537,1.31586,136
1761876000,1.31587,1.31607,1.31555,1.31576,269
1761876900,1.31578,1.31579,1.31551,1.31563,200
1761877800,1.31562,1.31606,1.31560,1.31590,242
1761878700,1.31591,1.31610,1.31579,1.31593,498
1761879600,1.31592,1.31622,1.31572,1.31574,422
1761880500,1.31573,1.31647,1.31573,1.31639,288
1761881400,1.31638,1.31641,1.31599,1.31607,362
1761882300,1.31609,1.31609,1.31530,1.31534,372
1761883200,1.31533,1.31568,1.31518,1.31558,425
1761884100,1.31559,1.31579,1.31542,1.31564,224
1761885000,1.31563,1.31567,1.31501,1.31506,311
1761885900,1.31507,1.31544,1.31507,1.31530,209
1761886800,1.31529,1.31550,1.31523,1.31527,218
1761887700,1.31528,1.31532,1.31509,1.31521,228
1761888600,1.31518,1.31538,1.31511,1.31531,134
1761889500,1.31532,1.31537,1.31504,1.31517,163
1761890400,1.31516,1.31558,1.31510,1.31556,174
1761891300,1.31557,1.31560,1.31537,1.31547,196
1761892200,1.31546,1.31567,1.31526,1.31567,185
1761893100,1.31568,1.31572,1.31545,1.31568,191
1761894000,1.31567,1.31571,1.31521,1.31526,254
1761894900,1.31527,1.31528,1.31479,1.31497,269
1761895800,1.31496,1.31541,1.31491,1.31517,304
1761896700,1.31516,1.31542,1.31491,1.31498,310
1761897600,1.31497,1.31529,1.31473,1.31506,566
1761898500,1.31507,1.31535,1.31507,1.31518,337
1761899400,1.31521,1.31572,1.31491,1.31501,350
1761900300,1.31502,1.31502,1.31368,1.31402,498
1761901200,1.31399,1.31417,1.31251,1.31290,749
1761902100,1.31291,1.31362,1.31282,1.31362,544
1761903000,1.31361,1.31422,1.31360,1.31396,602
1761903900,1.31394,1.31509,1.31361,1.31453,909
1761904800,1.31452,1.31461,1.31391,1.31443,1089
1761905700,1.31444,1.31451,1.31407,1.31426,723
1761906600,1.31425,1.31466,1.31396,1.31431,618
1761907500,1.31432,1.31448,1.31385,1.31410,403
1761908400,1.31409,1.31482,1.31395,1.31472,536
1761909300,1.31471,1.31471,1.31352,1.31357,718
1761910200,1.31358,1.31390,1.31331,1.31358,332
1761911100,1.31359,1.31453,1.31346,1.31434,624
1761912000,1.31435,1.31476,1.31412,1.31470,418
1761912900,1.31469,1.31472,1.31357,1.31412,507
1761913800,1.31411,1.31411,1.31326,1.31338,503
1761914700,1.31333,1.31349,1.31301,1.31306,351
1761915600,1.31307,1.31388,1.31287,1.31356,497
1761916500,1.31355,1.31397,1.31334,1.31368,370
1761917400,1.31367,1.31376,1.31149,1.31217,805
1761918300,1.31216,1.31330,1.31206,1.31285,678
1761919200,1.31284,1.31287,1.31103,1.31111,1005
1761920100,1.31112,1.31189,1.31096,1.31155,1004
1761921000,1.31153,1.31211,1.31106,1.31121,1401
1761921900,1.31123,1.31143,1.31048,1.31066,908
1761922800,1.31067,1.31113,1.31026,1.31107,1477
1761923700,1.31106,1.31117,1.31037,1.31067,780
1761924600,1.31065,1.31104,1.30991,1.31003,1048
1761925500,1.31006,1.31165,1.30972,1.31138,1146
1761926400,1.31136,1.31178,1.31112,1.31127,1171
1761927300,1.31126,1.31167,1.31061,1.31063,1054
1761928200,1.31062,1.31268,1.31038,1.31256,893
1761929100,1.31257,1.31269,1.31197,1.31245,806
1761930000,1.31246,1.31253,1.31162,1.31247,984
1761930900,1.31249,1.31277,1.31197,1.31245,747
1761931800,1.31243,1.31285,1.31219,1.31230,1038
1761932700,1.31228,1.31391,1.31206,1.31384,2217
1761933600,1.31385,1.31430,1.31316,1.31330,1224
1761934500,1.31331,1.31347,1.31281,1.31340,904
1761935400,1.31341,1.31404,1.31320,1.31342,698
1761936300,1.31343,1.31347,1.31261,1.31280,622
1761937200,1.31281,1.31293,1.31251,1.31275,598
1761938100,1.31274,1.31314,1.31231,1.31308,602
1761939000,1.31307,1.31339,1.31277,1.31308,446
1761939900,1.31309,1.31377,1.31306,1.31316,526
1761940800,1.31315,1.31347,1.31296,1.31337,544
1761941700,1.31336,1.31368,1.31316,1.31368,387
1761942600,1.31367,1.31373,1.31315,1.31346,369
1761943500,1.31347,1.31425,1.31338,1.31397,574
1761944400,1.31396,1.31415,1.31372,1.31399,323
1761945300,1.31398,1.31424,1.31389,1.31423,194
1761946200,1.31424,1.31440,1.31417,1.31430,234
1761947100,1.31431,1.31437,1.31358,1.31363,422
1761948000,1.31362,1.31431,1.31359,1.31417,266
1761948900,1.31418,1.31445,1.31385,1.31426,264
1761949800,1.31425,1.31437,1.31395,1.31422,175
1761950700,1.31424,1.31494,1.31401,1.31423,1576
1762128000,1.31271,1.31313,1.31271,1.31312,20
1762128900,1.31313,1.31329,1.31281,1.31313,64
1762129800,1.31312,1.31334,1.31269,1.31329,109
1762130700,1.31329,1.31404,1.31318,1.31401,83
1762131600,1.31400,1.31415,1.31357,1.31382,364
1762132500,1.31382,1.31399,1.31342,1.31375,450
1762133400,1.31376,1.31383,1.31343,1.31359,499
1762134300,1.31361,1.31399,1.31324,1.31338,458
1762135200,1.31339,1.31361,1.31324,1.31331,256
1762136100,1.31335,1.31347,1.31300,1.31337,176
1762137000,1.31335,1.31347,1.31318,1.31339,122
1762137900,1.31340,1.31370,1.31324,1.31354,234
1762138800,1.31355,1.31355,1.31326,1.31337,336
1762139700,1.31338,1.31368,1.31338,1.31352,276
1762140600,1.31353,1.31369,1.31326,1.31327,281
1762141500,1.31326,1.31369,1.31326,1.31348,283
1762142400,1.31349,1.31408,1.31331,1.31402,352
1762143300,1.31403,1.31416,1.31396,1.31407,233
1762144200,1.31405,1.31421,1.31381,1.31390,263
1762145100,1.31391,1.31401,1.31372,1.31384,158
1762146000,1.31385,1.31389,1.31373,1.31377,133
1762146900,1.31376,1.31397,1.31376,1.31387,177
1762147800,1.31388,1.31413,1.31375,1.31390,176
1762148700,1.31391,1.31403,1.31376,1.31392,152
1762149600,1.31391,1.31447,1.31386,1.31446,230
1762150500,1.31447,1.31447,1.31427,1.31437,159
1762151400,1.31436,1.31436,1.31417,1.31418,151
1762152300,1.31417,1.31426,1.31396,1.31412,130
1762153200,1.31410,1.31429,1.31397,1.31406,214
1762154100,1.31407,1.31442,1.31405,1.31439,200
1762155000,1.31438,1.31453,1.31427,1.31438,257
1762155900,1.31440,1.31457,1.31420,1.31420,195
1762156800,1.31418,1.31456,1.31417,1.31422,293
1762157700,1.31423,1.31455,1.31418,1.31450,227
1762158600,1.31449,1.31489,1.31449,1.31465,259
1762159500,1.31466,1.31473,1.31452,1.31466,204
1762160400,1.31465,1.31489,1.31433,1.31435,461
1762161300,1.31436,1.31464,1.31431,1.31437,322
1762162200,1.31432,1.31476,1.31417,1.31443,413
1762163100,1.31444,1.31446,1.31343,1.31378,585
1762164000,1.31380,1.31386,1.31267,1.31326,673
1762164900,1.31327,1.31331,1.31288,1.31288,451
1762165800,1.31293,1.31310,1.31223,1.31224,562
1762166700,1.31225,1.31247,1.31172,1.31235,716
1762167600,1.31234,1.31241,1.31202,1.31202,451
1762168500,1.31203,1.31329,1.31185,1.31329,358
1762169400,1.31331,1.31348,1.31291,1.31291,342
1762170300,1.31292,1.31300,1.31227,1.31252,332
1762171200,1.31251,1.31303,1.31206,1.31298,536
1762172100,1.31297,1.31388,1.31275,1.31336,613
1762173000,1.31337,1.31337,1.31287,1.31325,367
1762173900,1.31325,1.31328,1.31266,1.31301,401
1762174800,1.31300,1.31377,1.31285,1.31368,377
1762175700,1.31369,1.31388,1.31330,1.31352,365
1762176600,1.31353,1.31354,1.31247,1.31247,321
1762177500,1.31248,1.31308,1.31240,1.31277,329
1762178400,1.31280,1.31377,1.31260,1.31352,363
1762179300,1.31351,1.31365,1.31336,1.31351,320
1762180200,1.31350,1.31404,1.31331,1.31404,285
1762181100,1.31403,1.31469,1.31388,1.31404,402
1762182000,1.31401,1.31401,1.31337,1.31353,539
1762182900,1.31354,1.31361,1.31229,1.31232,677
1762183800,1.31231,1.31315,1.31231,1.31260,497
1762184700,1.31259,1.31270,1.31212,1.31265,434
1762185600,1.31267,1.31290,1.31210,1.31236,681
1762186500,1.31237,1.31262,1.31200,1.31201,375
1762187400,1.31198,1.31199,1.31106,1.31127,863
1762188300,1.31125,1.31148,1.31080,1.31129,730
1762189200,1.31131,1.31335,1.31131,1.31330,1337
1762190100,1.31329,1.31334,1.31197,1.31204,796
1762191000,1.31204,1.31298,1.31172,1.31290,596
1762191900,1.31289,1.31472,1.31266,1.31460,855
1762192800,1.31461,1.31509,1.31413,1.31438,876
1762193700,1.31437,1.31470,1.31409,1.31459,655
1762194600,1.31458,1.31493,1.31458,1.31488,416
1762195500,1.31490,1.31492,1.31438,1.31477,280
1762196400,1.31475,1.31491,1.31456,1.31486,311
1762197300,1.31487,1.31622,1.31481,1.31535,456
1762198200,1.31536,1.31543,1.31437,1.31447,397
1762199100,1.31448,1.31458,1.31426,1.31450,302
1762200000,1.31449,1.31478,1.31413,1.31413,306
1762200900,1.31412,1.31415,1.31351,1.31382,322
1762201800,1.31381,1.31400,1.31370,1.31395,283
1762202700,1.31396,1.31405,1.31356,1.31385,287
1762203600,1.31391,1.31409,1.31348,1.31387,432
1762204500,1.31388,1.31416,1.31370,1.31398,236
1762205400,1.31397,1.31413,1.31370,1.31379,198
1762206300,1.31377,1.31418,1.31366,1.31376,236
1762207200,1.31377,1.31409,1.31377,1.31406,220
1762208100,1.31407,1.31417,1.31387,1.31387,229
1762209000,1.31386,1.31390,1.31374,1.31388,138
1762209900,1.31389,1.31397,1.31367,1.31391,233
1762210800,1.31390,1.31390,1.31357,1.31357,82
1762211700,1.31358,1.31399,1.31357,1.31370,90
1762212600,1.31369,1.31400,1.31367,1.31397,57
1762213500,1.31396,1.31416,1.31378,1.31411,228
1762214400,1.31316,1.31370,1.31315,1.31366,17
1762215300,1.31365,1.31399,1.31356,1.31392,148
1762216200,1.31391,1.31398,1.31381,1.31395,127
1762217100,1.31395,1.31396,1.31337,1.31345,116
1762218000,1.31346,1.31390,1.31338,1.31360,210
1762218900,1.31360,1.31371,1.31347,1.31364,223
1762219800,1.31363,1.31389,1.31362,1.31363,71
1762220700,1.31362,1.31364,1.31345,1.31345,22
1762221600,1.31344,1.31344,1.31196,1.31211,336
1762222500,1.31212,1.31228,1.31197,1.31197,217
1762223400,1.31196,1.31235,1.31190,1.31205,319
1762224300,1.31206,1.31248,1.31199,1.31247,453
1762225200,1.31246,1.31246,1.31206,1.31241,347
1762226100,1.31240,1.31273,1.31188,1.31204,347
1762227000,1.31203,1.31250,1.31187,1.31245,386
1762227900,1.31246,1.31256,1.31221,1.31246,255
1762228800,1.31245,1.31251,1.31210,1.31220,341
1762229700,1.31221,1.31239,1.31193,1.31219,285
1762230600,1.31220,1.31260,1.31209,1.31221,337
1762231500,1.31222,1.31232,1.31181,1.31231,332
1762232400,1.31232,1.31272,1.31232,1.31268,256
1762233300,1.31269,1.31321,1.31268,1.31314,113
1762234200,1.31315,1.31336,1.31274,1.31301,411
1762235100,1.31300,1.31311,1.31279,1.31280,160
1762236000,1.31281,1.31283,1.31254,1.31261,155
1762236900,1.31262,1.31287,1.31261,1.31274,227
1762237800,1.31272,1.31329,1.31272,1.31300,333
1762238700,1.31301,1.31302,1.31234,1.31235,313
1762239600,1.31233,1.31241,1.31206,1.31207,274
1762240500,1.31208,1.31228,1.31186,1.31222,313
1762241400,1.31221,1.31251,1.31211,1.31219,369
1762242300,1.31220,1.31237,1.31191,1.31213,393
1762243200,1.31215,1.31231,1.31168,1.31197,445
1762244100,1.31198,1.31252,1.31190,1.31251,658
1762245000,1.31250,1.31267,1.31194,1.31261,566
1762245900,1.31262,1.31263,1.31222,1.31239,534
1762246800,1.31237,1.31253,1.31178,1.31247,646
1762247700,1.31248,1.31392,1.31237,1.31376,686
1762248600,1.31375,1.31375,1.31249,1.31259,542
1762249500,1.31260,1.31284,1.31179,1.31212,574
1762250400,1.31210,1.31214,1.31010,1.31086,1042
1762251300,1.31087,1.31141,1.30997,1.31058,1306
1762252200,1.31060,1.31132,1.30974,1.31028,1067
1762253100,1.31027,1.31052,1.30857,1.30917,1159
1762254000,1.30918,1.30956,1.30826,1.30838,963
1762254900,1.30839,1.30889,1.30701,1.30727,1120
1762255800,1.30726,1.30761,1.30666,1.30677,833
1762256700,1.30678,1.30692,1.30592,1.30627,919
1762257600,1.30626,1.30686,1.30612,1.30684,755
1762258500,1.30683,1.30708,1.30667,1.30690,514
1762259400,1.30691,1.30789,1.30682,1.30767,531
1762260300,1.30768,1.30777,1.30714,1.30728,460
1762261200,1.30727,1.30748,1.30653,1.30677,476
1762262100,1.30678,1.30731,1.30671,1.30725,353
1762263000,1.30724,1.30743,1.30667,1.30701,533
1762263900,1.30700,1.30721,1.30570,1.30587,650
1762264800,1.30586,1.30635,1.30568,1.30617,649
1762265700,1.30618,1.30637,1.30529,1.30578,623
1762266600,1.30577,1.30618,1.30542,1.30610,650
1762267500,1.30609,1.30684,1.30585,1.30668,824
1762268400,1.30667,1.30679,1.30627,1.30627,761
1762269300,1.30628,1.30667,1.30598,1.30598,599
1762270200,1.30597,1.30652,1.30596,1.30652,530
1762271100,1.30651,1.30655,1.30572,1.30576,588
1762272000,1.30573,1.30651,1.30517,1.30526,905
1762272900,1.30525,1.30558,1.30422,1.30425,980
1762273800,1.30424,1.30438,1.30336,1.30415,1257
1762274700,1.30414,1.30480,1.30367,1.30480,900
1762275600,1.30479,1.30556,1.30407,1.30525,1144
1762276500,1.30526,1.30530,1.30447,1.30465,1038
1762277400,1.30463,1.30580,1.30437,1.30563,842
1762278300,1.30564,1.30565,1.30439,1.30461,1228
1762279200,1.30462,1.30490,1.30408,1.30433,878
1762280100,1.30434,1.30489,1.30402,1.30460,743
1762281000,1.30459,1.30517,1.30439,1.30457,796
1762281900,1.30458,1.30497,1.30402,1.30429,690
1762282800,1.30430,1.30451,1.30355,1.30355,570
1762283700,1.30356,1.30365,1.30326,1.30339,370
1762284600,1.30338,1.30340,1.30273,1.30275,429
1762285500,1.30275,1.30304,1.30261,1.30286,416
1762286400,1.30285,1.30286,1.30177,1.30208,598
1762287300,1.30209,1.30227,1.30198,1.30217,345
1762288200,1.30216,1.30255,1.30172,1.30253,407
1762289100,1.30254,1.30275,1.30214,1.30230,351
1762290000,1.30229,1.30265,1.30227,1.30249,379
1762290900,1.30250,1.30260,1.30187,1.30187,361
1762291800,1.30186,1.30193,1.30142,1.30151,469
1762292700,1.30152,1.30177,1.30135,1.30149,408
1762293600,1.30150,1.30181,1.30102,1.30180,403
1762294500,1.30179,1.30196,1.30168,1.30191,183
1762295400,1.30192,1.30250,1.30187,1.30234,204
1762296300,1.30235,1.30240,1.30168,1.30188,314
1762297200,1.30187,1.30214,1.30178,1.30196,156
1762298100,1.30197,1.30198,1.30157,1.30158,84
1762299000,1.30159,1.30235,1.30159,1.30222,144
1762299900,1.30223,1.30223,1.30201,1.30201,45
1762300800,1.30156,1.30183,1.30128,1.30153,19
1762301700,1.30153,1.30204,1.30152,1.30199,182
1762302600,1.30199,1.30226,1.30193,1.30224,91
1762303500,1.30224,1.30269,1.30224,1.30250,446
1762304400,1.30250,1.30257,1.30195,1.30206,82
1762305300,1.30205,1.30227,1.30201,1.30221,67
1762306200,1.30220,1.30227,1.30212,1.30226,37
1762307100,1.30227,1.30236,1.30209,1.30211,59
1762308000,1.30210,1.30212,1.30184,1.30209,107
1762308900,1.30210,1.30224,1.30198,1.30220,102
1762309800,1.30219,1.30227,1.30154,1.30159,276
1762310700,1.30160,1.30189,1.30147,1.30189,349
1762311600,1.30192,1.30200,1.30128,1.30157,539
1762312500,1.30158,1.30172,1.30103,1.30140,708
1762313400,1.30139,1.30242,1.30139,1.30230,700
1762314300,1.30229,1.30238,1.30153,1.30157,410
1762315200,1.30159,1.30206,1.30140,1.30145,454
1762316100,1.30143,1.30210,1.30140,1.30208,383
1762317000,1.30209,1.30228,1.30179,1.30190,339
1762317900,1.30191,1.30215,1.30148,1.30156,359
1762318800,1.30155,1.30198,1.30155,1.30174,337
1762319700,1.30175,1.30191,1.30165,1.30173,272
1762320600,1.30175,1.30197,1.30156,1.30197,240
1762321500,1.30199,1.30201,1.30161,1.30201,456
1762322400,1.30198,1.30227,1.30198,1.30215,263
1762323300,1.30216,1.30232,1.30214,1.30222,212
1762324200,1.30221,1.30269,1.30221,1.30266,253
1762325100,1.30267,1.30267,1.30232,1.30257,187
1762326000,1.30256,1.30270,1.30241,1.30267,255
1762326900,1.30268,1.30300,1.30266,1.30292,236
1762327800,1.30291,1.30300,1.30279,1.30298,216
1762328700,1.30299,1.30299,1.30219,1.30219,285
1762329600,1.30218,1.30281,1.30215,1.30278,314
1762330500,1.30277,1.30288,1.30257,1.30271,279
1762331400,1.30270,1.30277,1.30224,1.30266,317
1762332300,1.30265,1.30308,1.30264,1.30281,270
1762333200,1.30280,1.30282,1.30240,1.30260,459
1762334100,1.30261,1.30262,1.30196,1.30228,441
1762335000,1.30227,1.30272,1.30218,1.30254,463
1762335900,1.30253,1.30308,1.30242,1.30270,440
1762336800,1.30271,1.30448,1.30269,1.30429,749
1762337700,1.30430,1.30442,1.30338,1.30368,639
1762338600,1.30367,1.30476,1.30357,1.30422,713
1762339500,1.30423,1.30492,1.30419,1.30452,592
1762340400,1.30449,1.30533,1.30431,1.30471,752
1762341300,1.30470,1.30490,1.30402,1.30409,523
1762342200,1.30408,1.30447,1.30361,1.30371,481
1762343100,1.30370,1.30403,1.30339,1.30397,381
1762344000,1.30396,1.30402,1.30276,1.30288,761
1762344900,1.30289,1.30306,1.30257,1.30301,392
1762345800,1.30300,1.30319,1.30286,1.30299,348
1762346700,1.30300,1.30311,1.30241,1.30253,373
1762347600,1.30252,1.30270,1.30117,1.30132,540
1762348500,1.30131,1.30256,1.30131,1.30247,494
1762349400,1.30246,1.30300,1.30238,1.30275,341
1762350300,1.30274,1.30366,1.30273,1.30352,431
1762351200,1.30351,1.30412,1.30339,1.30402,657
1762352100,1.30403,1.30424,1.30380,1.30398,543
1762353000,1.30397,1.30429,1.30362,1.30429,391
1762353900,1.30428,1.30464,1.30396,1.30420,668
1762354800,1.30418,1.30468,1.30384,1.30384,601
1762355700,1.30387,1.30421,1.30321,1.30421,1020
1762356600,1.30420,1.30420,1.30341,1.30348,1002
1762357500,1.30349,1.30351,1.30253,1.30257,768
1762358400,1.30256,1.30270,1.30188,1.30240,856
1762359300,1.30238,1.30301,1.30238,1.30275,673
1762360200,1.30274,1.30336,1.30255,1.30299,920
1762361100,1.30300,1.30353,1.30239,1.30322,820
1762362000,1.30320,1.30325,1.30136,1.30292,2549
1762362900,1.30294,1.30457,1.30291,1.30448,1922
1762363800,1.30443,1.30471,1.30372,1.30380,1140
1762364700,1.30381,1.30451,1.30372,1.30413,1185
1762365600,1.30412,1.30428,1.30311,1.30340,1121
1762366500,1.30341,1.30432,1.30338,1.30403,833
1762367400,1.30402,1.30428,1.30374,1.30428,827
1762368300,1.30427,1.30492,1.30400,1.30482,841
1762369200,1.30485,1.30491,1.30448,1.30449,528
1762370100,1.30450,1.30469,1.30431,1.30437,383
1762371000,1.30436,1.30436,1.30395,1.30407,381
1762371900,1.30409,1.30412,1.30347,1.30387,495
1762372800,1.30388,1.30442,1.30378,1.30416,493
1762373700,1.30413,1.30435,1.30395,1.30427,331
1762374600,1.30424,1.30436,1.30398,1.30411,275
1762375500,1.30412,1.30458,1.30400,1.30451,382
1762376400,1.30453,1.30454,1.30425,1.30427,296
1762377300,1.30424,1.30471,1.30417,1.30469,231
1762378200,1.30470,1.30478,1.30449,1.30450,231
1762379100,1.30451,1.30471,1.30436,1.30451,271
1762380000,1.30456,1.30490,1.30456,1.30490,292
1762380900,1.30491,1.30517,1.30487,1.30497,220
1762381800,1.30496,1.30501,1.30471,1.30492,195
1762382700,1.30491,1.30511,1.30481,1.30501,179
1762383600,1.30500,1.30521,1.30478,1.30521,135
1762384500,1.30522,1.30532,1.30510,1.30527,99
1762385400,1.30528,1.30539,1.30520,1.30531,145
1762386300,1.30534,1.30539,1.30520,1.30524,50
1762387200,1.30466,1.30469,1.30465,1.30468,19
1762388100,1.30467,1.30495,1.30467,1.30492,49
1762389000,1.30493,1.30511,1.30480,1.30506,98
1762389900,1.30505,1.30505,1.30477,1.30477,75
1762390800,1.30475,1.30507,1.30457,1.30507,110
1762391700,1.30507,1.30509,1.30502,1.30509,29
1762392600,1.30512,1.30524,1.30512,1.30521,20
1762393500,1.30522,1.30523,1.30511,1.30516,28
1762394400,1.30517,1.30524,1.30506,1.30523,90
1762395300,1.30521,1.30545,1.30516,1.30545,143
1762396200,1.30544,1.30560,1.30523,1.30554,300
1762397100,1.30553,1.30597,1.30553,1.30597,329
1762398000,1.30596,1.30630,1.30589,1.30591,458
1762398900,1.30592,1.30629,1.30592,1.30627,368
1762399800,1.30626,1.30653,1.30605,1.30639,385
1762400700,1.30637,1.30647,1.30623,1.30632,321
1762401600,1.30631,1.30642,1.30613,1.30613,259
1762402500,1.30614,1.30630,1.30613,1.30618,183
1762403400,1.30619,1.30633,1.30587,1.30593,266
1762404300,1.30594,1.30602,1.30574,1.30595,212
1762405200,1.30596,1.30619,1.30575,1.30618,290
1762406100,1.30619,1.30637,1.30613,1.30637,247
1762407000,1.30639,1.30644,1.30632,1.30638,163
1762407900,1.30639,1.30646,1.30631,1.30634,110
1762408800,1.30635,1.30647,1.30626,1.30646,167
1762409700,1.30647,1.30656,1.30619,1.30622,145
1762410600,1.30621,1.30624,1.30603,1.30603,134
1762411500,1.30604,1.30626,1.30587,1.30626,199
1762412400,1.30625,1.30625,1.30601,1.30616,201
1762413300,1.30617,1.30645,1.30615,1.30644,241
1762414200,1.30643,1.30644,1.30592,1.30594,255
1762415100,1.30595,1.30613,1.30576,1.30606,295
1762416000,1.30605,1.30675,1.30592,1.30658,460
1762416900,1.30654,1.30654,1.30614,1.30617,307
1762417800,1.30620,1.30635,1.30575,1.30587,277
1762418700,1.30588,1.30588,1.30533,1.30544,220
1762419600,1.30546,1.30612,1.30539,1.30606,331
1762420500,1.30604,1.30717,1.30591,1.30701,427
1762421400,1.30702,1.30702,1.30605,1.30653,599
1762422300,1.30654,1.30663,1.30606,1.30627,586
1762423200,1.30629,1.30689,1.30615,1.30622,829
1762424100,1.30621,1.30707,1.30591,1.30682,684
1762425000,1.30680,1.30691,1.30636,1.30647,489
1762425900,1.30645,1.30873,1.30630,1.30847,826
1762426800,1.30846,1.30875,1.30793,1.30821,785
1762427700,1.30822,1.30853,1.30776,1.30842,618
1762428600,1.30841,1.30882,1.30782,1.30879,585
1762429500,1.30878,1.30893,1.30774,1.30802,530
1762430400,1.30801,1.30866,1.30772,1.30865,474
1762431300,1.30864,1.30870,1.30825,1.30838,394
1762432200,1.30837,1.30863,1.30799,1.30861,556
1762433100,1.30858,1.30859,1.30772,1.30786,406
1762434000,1.30787,1.30819,1.30769,1.30796,477
1762434900,1.30795,1.30882,1.30794,1.30866,421
1762435800,1.30865,1.30947,1.30851,1.30917,560
1762436700,1.30918,1.30940,1.30872,1.30920,615
1762437600,1.30918,1.30966,1.30595,1.30714,2530
1762438500,1.30715,1.30812,1.30701,1.30738,882
1762439400,1.30740,1.30890,1.30718,1.30831,1208
1762440300,1.30832,1.31045,1.30828,1.31001,1160
1762441200,1.31000,1.31030,1.30935,1.30948,962
1762442100,1.30949,1.31007,1.30938,1.30969,728
1762443000,1.30968,1.31181,1.30954,1.31103,1123
1762443900,1.31104,1.31252,1.31071,1.31081,1075
1762444800,1.31080,1.31104,1.30976,1.31003,1038
1762445700,1.31002,1.31002,1.30896,1.30916,760
1762446600,1.30915,1.30962,1.30874,1.30876,896
1762447500,1.30879,1.30912,1.30832,1.30837,897
1762448400,1.30836,1.30925,1.30806,1.30901,1547
1762449300,1.30902,1.31050,1.30882,1.30990,1289
1762450200,1.30991,1.30996,1.30861,1.30898,1204
1762451100,1.30900,1.31047,1.30886,1.31020,1496
1762452000,1.31021,1.31042,1.30970,1.31021,1307
1762452900,1.31022,1.31081,1.31000,1.31054,891
1762453800,1.31053,1.31105,1.31013,1.31061,1116
1762454700,1.31059,1.31105,1.31033,1.31052,787
1762455600,1.31051,1.31160,1.31051,1.31113,1057
1762456500,1.31114,1.31186,1.31023,1.31059,971
1762457400,1.31058,1.31243,1.31058,1.31238,884
1762458300,1.31239,1.31248,1.31173,1.31223,568
1762459200,1.31224,1.31332,1.31203,1.31325,726
1762460100,1.31324,1.31353,1.31282,1.31344,566
1762461000,1.31343,1.31420,1.31340,1.31419,450
1762461900,1.31420,1.31425,1.31392,1.31395,479
1762462800,1.31396,1.31423,1.31381,1.31414,289
1762463700,1.31413,1.31414,1.31390,1.31404,280
1762464600,1.31403,1.31419,1.31337,1.31350,425
1762465500,1.31351,1.31351,1.31298,1.31320,446
1762466400,1.31321,1.31397,1.31321,1.31390,302
1762467300,1.31391,1.31396,1.31320,1.31329,227
1762468200,1.31332,1.31359,1.31332,1.31342,185
1762469100,1.31343,1.31374,1.31324,1.31362,297
1762470000,1.31361,1.31361,1.31340,1.31357,148
1762470900,1.31358,1.31393,1.31355,1.31378,58
1762471800,1.31379,1.31379,1.31345,1.31354,105
1762472700,1.31353,1.31382,1.31350,1.31381,152
1762473600,1.31235,1.31248,1.31235,1.31241,35
1762474500,1.31241,1.31286,1.31231,1.31250,96
1762475400,1.31252,1.31307,1.31234,1.31292,237
1762476300,1.31292,1.31295,1.31257,1.31267,230
1762477200,1.31265,1.31361,1.31265,1.31360,152
1762478100,1.31360,1.31398,1.31360,1.31395,54
1762479000,1.31395,1.31413,1.31379,1.31402,56
1762479900,1.31401,1.31408,1.31392,1.31396,29
1762480800,1.31397,1.31415,1.31373,1.31375,203
1762481700,1.31374,1.31374,1.31339,1.31348,110
1762482600,1.31346,1.31365,1.31337,1.31360,245
1762483500,1.31361,1.31361,1.31295,1.31295,446
1762484400,1.31294,1.31295,1.31261,1.31275,356
1762485300,1.31276,1.31296,1.31265,1.31272,413
1762486200,1.31274,1.31288,1.31264,1.31266,376
1762487100,1.31267,1.31268,1.31237,1.31253,457
1762488000,1.31254,1.31304,1.31254,1.31285,333
1762488900,1.31286,1.31288,1.31263,1.31264,454
1762489800,1.31262,1.31282,1.31231,1.31231,243
1762490700,1.31232,1.31237,1.31200,1.31217,273
1762491600,1.31218,1.31237,1.31176,1.31177,317
1762492500,1.31178,1.31193,1.31158,1.31188,244
1762493400,1.31187,1.31188,1.31172,1.31186,217
1762494300,1.31187,1.31204,1.31170,1.31188,258
1762495200,1.31187,1.31188,1.31165,1.31168,229
1762496100,1.31167,1.31186,1.31154,1.31161,243
1762497000,1.31163,1.31186,1.31158,1.31168,219
1762497900,1.31166,1.31172,1.31157,1.31171,135
1762498800,1.31170,1.31188,1.31166,1.31187,235
1762499700,1.31188,1.31193,1.31179,1.31187,195
1762500600,1.31188,1.31221,1.31188,1.31213,188
1762501500,1.31214,1.31215,1.31179,1.31193,219
1762502400,1.31192,1.31204,1.31166,1.31191,310
1762503300,1.31189,1.31205,1.31161,1.31170,280
1762504200,1.31174,1.31200,1.31158,1.31158,286
1762505100,1.31159,1.31170,1.31136,1.31139,271
1762506000,1.31138,1.31174,1.31137,1.31174,405
1762506900,1.31176,1.31222,1.31173,1.31178,374
1762507800,1.31175,1.31189,1.31139,1.31157,332
1762508700,1.31158,1.31250,1.31156,1.31250,358
1762509600,1.31249,1.31274,1.31176,1.31238,778
1762510500,1.31238,1.31238,1.31083,1.31091,652
1762511400,1.31089,1.31100,1.31021,1.31025,689
1762512300,1.31028,1.31070,1.31016,1.31032,647
1762513200,1.31031,1.31061,1.31007,1.31040,500
1762514100,1.31041,1.31058,1.30990,1.31002,378
1762515000,1.31001,1.31022,1.30947,1.30955,419
1762515900,1.30956,1.31008,1.30951,1.30979,316
1762516800,1.30978,1.31043,1.30969,1.30978,603
1762517700,1.30979,1.31065,1.30962,1.31048,552
1762518600,1.31049,1.31081,1.31022,1.31051,390
1762519500,1.31052,1.31102,1.31046,1.31097,571
1762520400,1.31096,1.31117,1.31060,1.31076,415
1762521300,1.31077,1.31158,1.31070,1.31149,677
1762522200,1.31148,1.31220,1.31139,1.31157,549
1762523100,1.31158,1.31238,1.31150,1.31205,388
1762524000,1.31204,1.31272,1.31183,1.31270,428
1762524900,1.31271,1.31287,1.31244,1.31244,341
1762525800,1.31241,1.31262,1.31174,1.31180,620
1762526700,1.31181,1.31183,1.31097,1.31153,685
1762527600,1.31154,1.31255,1.31154,1.31216,741
1762528500,1.31217,1.31378,1.31216,1.31344,714
1762529400,1.31346,1.31358,1.31255,1.31341,866
1762530300,1.31342,1.31376,1.31262,1.31307,1131
1762531200,1.31306,1.31417,1.31275,1.31403,1032
1762532100,1.31404,1.31413,1.31335,1.31383,656
1762533000,1.31384,1.31404,1.31329,1.31393,1229
1762533900,1.31392,1.31499,1.31387,1.31491,919
1762534800,1.31490,1.31745,1.31490,1.31621,1827
1762535700,1.31624,1.31652,1.31597,1.31623,1107
1762536600,1.31622,1.31687,1.31503,1.31511,1163
1762537500,1.31510,1.31559,1.31453,1.31514,1336
1762538400,1.31513,1.31638,1.31510,1.31620,1188
1762539300,1.31618,1.31675,1.31587,1.31668,695
1762540200,1.31670,1.31691,1.31635,1.31689,592
1762541100,1.31690,1.31706,1.31622,1.31623,684
1762542000,1.31622,1.31653,1.31580,1.31587,666
1762542900,1.31588,1.31647,1.31568,1.31633,536
1762543800,1.31632,1.31667,1.31597,1.31663,479
1762544700,1.31666,1.31724,1.31650,1.31705,513
1762545600,1.31704,1.31749,1.31699,1.31701,519
1762546500,1.31702,1.31711,1.31670,1.31676,465
1762547400,1.31675,1.31731,1.31671,1.31716,376
1762548300,1.31717,1.31721,1.31659,1.31681,451
1762549200,1.31680,1.31720,1.31658,1.31711,512
1762550100,1.31709,1.31729,1.31657,1.31661,333
1762551000,1.31658,1.31678,1.31600,1.31600,404
1762551900,1.31599,1.31622,1.31570,1.31579,632
1762552800,1.31578,1.31615,1.31570,1.31610,451
1762553700,1.31611,1.31620,1.31577,1.31591,323
1762554600,1.31590,1.31644,1.31589,1.31643,269
1762555500,1.31642,1.31652,1.31630,1.31633,220
1762556400,1.31635,1.31641,1.31619,1.31640,291
1762557300,1.31641,1.31651,1.31594,1.31608,389
1762558200,1.31609,1.31610,1.31549,1.31551,208
1762559100,1.31551,1.31605,1.31530,1.31602,1583
1762732800,1.31567,1.31600,1.31567,1.31598,30
1762733700,1.31599,1.31600,1.31588,1.31600,30
1762734600,1.31600,1.31600,1.31370,1.31520,110
1762735500,1.31520,1.31527,1.31511,1.31527,66
1762736400,1.31528,1.31568,1.31463,1.31479,512
1762737300,1.31481,1.31490,1.31444,1.31444,175
1762738200,1.31445,1.31453,1.31416,1.31428,210
1762739100,1.31426,1.31426,1.31396,1.31412,167
1762740000,1.31411,1.31522,1.31366,1.31428,507
1762740900,1.31427,1.31465,1.31412,1.31441,224
1762741800,1.31442,1.31463,1.31416,1.31435,578
1762742700,1.31438,1.31472,1.31433,1.31448,415
1762743600,1.31450,1.31487,1.31400,1.31477,515
1762744500,1.31478,1.31551,1.31478,1.31529,483
1762745400,1.31528,1.31531,1.31472,1.31477,438
1762746300,1.31474,1.31512,1.31471,1.31509,402
1762747200,1.31510,1.31515,1.31462,1.31478,293
1762748100,1.31479,1.31520,1.31474,1.31494,252
1762749000,1.31492,1.31517,1.31470,1.31503,350
1762749900,1.31504,1.31507,1.31484,1.31486,441
1762750800,1.31485,1.31495,1.31464,1.31491,238
1762751700,1.31492,1.31493,1.31450,1.31460,365
1762752600,1.31459,1.31462,1.31425,1.31434,317
1762753500,1.31435,1.31471,1.31428,1.31469,373
1762754400,1.31470,1.31518,1.31467,1.31483,368
1762755300,1.31484,1.31487,1.31453,1.31486,179
1762756200,1.31487,1.31537,1.31483,1.31514,379
1762757100,1.31513,1.31542,1.31503,1.31523,230
1762758000,1.31522,1.31533,1.31508,1.31512,292
1762758900,1.31510,1.31584,1.31505,1.31574,292
1762759800,1.31575,1.31597,1.31563,1.31595,207
1762760700,1.31596,1.31602,1.31545,1.31552,211
1762761600,1.31550,1.31589,1.31538,1.31578,301
1762762500,1.31579,1.31579,1.31518,1.31534,299
1762763400,1.31533,1.31547,1.31506,1.31518,214
1762764300,1.31519,1.31519,1.31393,1.31414,474
1762765200,1.31413,1.31527,1.31413,1.31508,751
1762766100,1.31509,1.31553,1.31467,1.31541,750
1762767000,1.31542,1.31663,1.31542,1.31652,571
1762767900,1.31651,1.31666,1.31565,1.31570,474
1762768800,1.31569,1.31606,1.31554,1.31593,736
1762769700,1.31592,1.31757,1.31591,1.31753,517
1762770600,1.31754,1.31845,1.31727,1.31773,624
1762771500,1.31776,1.31796,1.31727,1.31739,632
1762772400,1.31740,1.31765,1.31689,1.31709,675
1762773300,1.31710,1.31758,1.31668,1.31722,487
1762774200,1.31721,1.31793,1.31698,1.31780,395
1762775100,1.31781,1.31783,1.31730,1.31733,493
1762776000,1.31732,1.31753,1.31700,1.31742,600
1762776900,1.31745,1.31753,1.31673,1.31674,423
1762777800,1.31672,1.31678,1.31574,1.31577,511
1762778700,1.31578,1.31606,1.31572,1.31598,435
1762779600,1.31597,1.31602,1.31519,1.31538,519
1762780500,1.31539,1.31636,1.31529,1.31633,277
1762781400,1.31632,1.31686,1.31619,1.31671,268
1762782300,1.31672,1.31773,1.31671,1.31760,479
1762783200,1.31759,1.31811,1.31758,1.31811,412
1762784100,1.31812,1.31877,1.31802,1.31812,533
1762785000,1.31813,1.31878,1.31811,1.31818,475
1762785900,1.31819,1.31868,1.31782,1.31812,499
1762786800,1.31813,1.31851,1.31792,1.31851,640
1762787700,1.31852,1.31912,1.31821,1.31834,512
1762788600,1.31833,1.31838,1.31707,1.31740,633
1762789500,1.31741,1.31770,1.31709,1.31748,516
1762790400,1.31749,1.31751,1.31680,1.31689,647
1762791300,1.31688,1.31724,1.31636,1.31650,454
1762792200,1.31649,1.31672,1.31557,1.31571,1055
1762793100,1.31575,1.31688,1.31526,1.31658,1112
1762794000,1.31659,1.31703,1.31605,1.31618,1016
1762794900,1.31620,1.31647,1.31558,1.31565,716
1762795800,1.31564,1.31587,1.31519,1.31539,896
1762796700,1.31540,1.31562,1.31456,1.31478,1236
1762797600,1.31477,1.31578,1.31470,1.31578,725
1762798500,1.31577,1.31632,1.31568,1.31598,549
1762799400,1.31593,1.31612,1.31533,1.31547,715
1762800300,1.31548,1.31569,1.31523,1.31559,458
1762801200,1.31561,1.31642,1.31551,1.31623,748
1762802100,1.31624,1.31670,1.31582,1.31664,439
1762803000,1.31663,1.31746,1.31658,1.31718,541
1762803900,1.31720,1.31797,1.31720,1.31784,490
1762804800,1.31785,1.31849,1.31777,1.31820,415
1762805700,1.31821,1.31822,1.31780,1.31788,357
1762806600,1.31787,1.31812,1.31786,1.31801,248
1762807500,1.31802,1.31807,1.31772,1.31798,276
1762808400,1.31797,1.31842,1.31790,1.31837,313
1762809300,1.31835,1.31841,1.31807,1.31828,277
1762810200,1.31830,1.31837,1.31801,1.31817,282
1762811100,1.31816,1.31827,1.31797,1.31800,432
1762812000,1.31799,1.31841,1.31793,1.31841,323
1762812900,1.31840,1.31840,1.31807,1.31831,276
1762813800,1.31830,1.31842,1.31819,1.31827,178
1762814700,1.31828,1.31836,1.31804,1.31811,278
1762815600,1.31810,1.31818,1.31801,1.31804,93
1762816500,1.31803,1.31815,1.31774,1.31777,70
1762817400,1.31776,1.31782,1.31765,1.31768,60
1762818300,1.31769,1.31770,1.31736,1.31744,88
1762819200,1.31670,1.31731,1.31670,1.31714,225
1762820100,1.31716,1.31720,1.31709,1.31715,94
1762821000,1.31715,1.31756,1.31714,1.31745,173
1762821900,1.31745,1.31752,1.31709,1.31710,404
1762822800,1.31710,1.31772,1.31699,1.31764,182
1762823700,1.31765,1.31771,1.31732,1.31732,38
1762824600,1.31733,1.31750,1.31733,1.31740,32
1762825500,1.31741,1.31742,1.31717,1.31717,54
1762826400,1.31718,1.31749,1.31711,1.31731,130
1762827300,1.31732,1.31740,1.31711,1.31725,131
1762828200,1.31724,1.31728,1.31664,1.31671,178
1762829100,1.31670,1.31675,1.31648,1.31652,318
1762830000,1.31651,1.31666,1.31590,1.31601,420
1762830900,1.31603,1.31619,1.31577,1.31598,418
1762831800,1.31597,1.31639,1.31595,1.31617,328
1762832700,1.31618,1.31650,1.31602,1.31648,394
1762833600,1.31647,1.31683,1.31646,1.31667,355
1762834500,1.31668,1.31680,1.31663,1.31669,219
1762835400,1.31666,1.31667,1.31631,1.31632,278
1762836300,1.31633,1.31640,1.31611,1.31635,276
1762837200,1.31634,1.31688,1.31632,1.31670,319
1762838100,1.31666,1.31687,1.31653,1.31680,171
1762839000,1.31679,1.31702,1.31671,1.31680,199
1762839900,1.31681,1.31702,1.31681,1.31682,823
1762840800,1.31681,1.31719,1.31662,1.31665,1149
1762841700,1.31664,1.31681,1.31657,1.31666,407
1762842600,1.31665,1.31689,1.31651,1.31684,167
1762843500,1.31685,1.31690,1.31629,1.31661,148
1762844400,1.31660,1.31679,1.31625,1.31678,254
1762845300,1.31679,1.31713,1.31673,1.31700,236
1762846200,1.31699,1.31719,1.31687,1.31697,221
1762847100,1.31699,1.31714,1.31652,1.31664,248
1762848000,1.31662,1.31709,1.31661,1.31687,367
1762848900,1.31684,1.31712,1.31668,1.31709,240
1762849800,1.31710,1.31713,1.31601,1.31605,268
1762850700,1.31601,1.31607,1.31520,1.31535,622
1762851600,1.31544,1.31577,1.31210,1.31291,1805
1762852500,1.31292,1.31400,1.31284,1.31368,1120
1762853400,1.31367,1.31379,1.31260,1.31318,848
1762854300,1.31317,1.31333,1.31222,1.31258,818
1762855200,1.31259,1.31351,1.31231,1.31278,1045
1762856100,1.31279,1.31292,1.31205,1.31273,645
1762857000,1.31272,1.31303,1.31247,1.31267,582
1762857900,1.31268,1.31298,1.31219,1.31233,711
1762858800,1.31232,1.31259,1.31167,1.31191,745
1762859700,1.31189,1.31291,1.31177,1.31278,557
1762860600,1.31280,1.31342,1.31270,1.31321,537
1762861500,1.31322,1.31331,1.31291,1.31296,370
1762862400,1.31297,1.31325,1.31210,1.31271,635
1762863300,1.31270,1.31358,1.31250,1.31348,455
1762864200,1.31350,1.31375,1.31335,1.31368,381
1762865100,1.31369,1.31408,1.31369,1.31387,393
1762866000,1.31388,1.31416,1.31337,1.31337,422
1762866900,1.31338,1.31445,1.31338,1.31439,567
1762867800,1.31438,1.31474,1.31417,1.31440,390
1762868700,1.31441,1.31522,1.31421,1.31485,456
1762869600,1.31484,1.31537,1.31456,1.31537,444
1762870500,1.31538,1.31544,1.31499,1.31506,404
1762871400,1.31505,1.31540,1.31477,1.31532,442
1762872300,1.31531,1.31531,1.31390,1.31419,663
1762873200,1.31420,1.31507,1.31420,1.31501,708
1762874100,1.31500,1.31748,1.31485,1.31702,1526
1762875000,1.31701,1.31767,1.31688,1.31762,1118
1762875900,1.31761,1.31782,1.31677,1.31712,956
1762876800,1.31713,1.31768,1.31671,1.31676,806
1762877700,1.31677,1.31751,1.31607,1.31736,881
1762878600,1.31737,1.31828,1.31725,1.31792,813
1762879500,1.31793,1.31845,1.31767,1.31806,960
1762880400,1.31805,1.31808,1.31588,1.31617,1226
1762881300,1.31619,1.31693,1.31619,1.31659,1146
1762882200,1.31658,1.31690,1.31647,1.31669,731
1762883100,1.31670,1.31774,1.31668,1.31734,990
1762884000,1.31732,1.31778,1.31730,1.31758,900
1762884900,1.31759,1.31792,1.31685,1.31702,798
1762885800,1.31701,1.31760,1.31677,1.31714,571
1762886700,1.31716,1.31727,1.31681,1.31726,449
1762887600,1.31725,1.31750,1.31687,1.31738,575
1762888500,1.31739,1.31782,1.31717,1.31734,478
1762889400,1.31733,1.31744,1.31693,1.31728,340
1762890300,1.31729,1.31789,1.31728,1.31742,267
1762891200,1.31741,1.31761,1.31719,1.31757,345
1762892100,1.31756,1.31782,1.31740,1.31746,312
1762893000,1.31745,1.31751,1.31727,1.31728,372
1762893900,1.31727,1.31769,1.31723,1.31753,287
1762894800,1.31752,1.31752,1.31701,1.31705,432
1762895700,1.31706,1.31721,1.31692,1.31721,360
1762896600,1.31720,1.31738,1.31720,1.31727,201
1762897500,1.31728,1.31729,1.31652,1.31668,467
1762898400,1.31669,1.31707,1.31669,1.31701,278
1762899300,1.31702,1.31714,1.31654,1.31668,209
1762900200,1.31667,1.31686,1.31650,1.31661,194
1762901100,1.31660,1.31661,1.31613,1.31615,333
1762902000,1.31614,1.31624,1.31609,1.31618,116
1762902900,1.31619,1.31620,1.31573,1.31603,108
1762903800,1.31602,1.31602,1.31571,1.31571,45
1762904700,1.31570,1.31570,1.31485,1.31515,139
1762905600,1.31497,1.31515,1.31493,1.31497,24
1762906500,1.31497,1.31509,1.31486,1.31491,68
1762907400,1.31491,1.31511,1.31491,1.31511,80
1762908300,1.31510,1.31522,1.31496,1.31504,77
1762909200,1.31507,1.31537,1.31480,1.31488,203
1762910100,1.31487,1.31490,1.31479,1.31479,38
1762911000,1.31480,1.31523,1.31479,1.31523,53
1762911900,1.31522,1.31533,1.31520,1.31528,25
1762912800,1.31525,1.31529,1.31498,1.31509,139
1762913700,1.31510,1.31514,1.31475,1.31483,112
1762914600,1.31483,1.31501,1.31446,1.31449,235
1762915500,1.31448,1.31468,1.31411,1.31412,366
1762916400,1.31411,1.31445,1.31394,1.31431,432
1762917300,1.31432,1.31441,1.31391,1.31393,308
1762918200,1.31392,1.31401,1.31373,1.31400,417
1762919100,1.31401,1.31427,1.31382,1.31387,307
1762920000,1.31389,1.31414,1.31388,1.31407,196
1762920900,1.31406,1.31439,1.31398,1.31427,204
1762921800,1.31426,1.31426,1.31386,1.31392,206
1762922700,1.31393,1.31402,1.31375,1.31383,229
1762923600,1.31384,1.31386,1.31352,1.31378,235
1762924500,1.31379,1.31426,1.31378,1.31422,177
1762925400,1.31421,1.31421,1.31391,1.31400,377
1762926300,1.31401,1.31412,1.31392,1.31399,405
1762927200,1.31397,1.31407,1.31354,1.31357,148
1762928100,1.31358,1.31359,1.31301,1.31328,237
1762929000,1.31327,1.31332,1.31297,1.31304,205
1762929900,1.31306,1.31316,1.31287,1.31303,265
1762930800,1.31302,1.31341,1.31289,1.31338,218
1762931700,1.31339,1.31382,1.31327,1.31351,395
1762932600,1.31350,1.31392,1.31340,1.31362,277
1762933500,1.31363,1.31375,1.31337,1.31337,323
1762934400,1.31336,1.31388,1.31319,1.31320,311
1762935300,1.31321,1.31343,1.31307,1.31342,200
1762936200,1.31344,1.31398,1.31337,1.31382,262
1762937100,1.31383,1.31417,1.31364,1.31406,257
1762938000,1.31408,1.31468,1.31408,1.31445,547
1762938900,1.31446,1.31491,1.31438,1.31471,398
1762939800,1.31472,1.31481,1.31389,1.31428,537
1762940700,1.31427,1.31484,1.31419,1.31454,395
1762941600,1.31455,1.31553,1.31437,1.31536,829
1762942500,1.31537,1.31549,1.31486,1.31520,607
1762943400,1.31519,1.31536,1.31496,1.31501,553
1762944300,1.31502,1.31508,1.31168,1.31169,1165
1762945200,1.31168,1.31313,1.31147,1.31157,885
1762946100,1.31158,1.31302,1.31156,1.31249,709
1762947000,1.31250,1.31288,1.31222,1.31251,590
1762947900,1.31252,1.31281,1.31155,1.31162,791
1762948800,1.31166,1.31209,1.31130,1.31158,570
1762949700,1.31159,1.31175,1.31110,1.31111,503
1762950600,1.31112,1.31253,1.31111,1.31231,499
1762951500,1.31230,1.31281,1.31215,1.31256,441
1762952400,1.31257,1.31258,1.31178,1.31190,319
1762953300,1.31189,1.31279,1.31158,1.31268,489
1762954200,1.31269,1.31301,1.31232,1.31239,477
1762955100,1.31240,1.31388,1.31234,1.31374,667
1762956000,1.31373,1.31399,1.31246,1.31298,896
1762956900,1.31299,1.31308,1.31236,1.31240,560
1762957800,1.31241,1.31241,1.31078,1.31146,847
1762958700,1.31147,1.31193,1.31119,1.31178,861
1762959600,1.31177,1.31228,1.31124,1.31132,927
1762960500,1.31131,1.31148,1.31049,1.31051,791
1762961400,1.31050,1.31071,1.30960,1.30996,921
1762962300,1.30990,1.31056,1.30985,1.31051,640
1762963200,1.31050,1.31077,1.30893,1.30898,940
1762964100,1.30900,1.30917,1.30843,1.30888,1066
1762965000,1.30887,1.30978,1.30864,1.30973,1166
1762965900,1.30974,1.30998,1.30931,1.30989,1191
1762966800,1.30988,1.31073,1.30976,1.31056,1230
1762967700,1.31057,1.31155,1.31046,1.31123,1008
1762968600,1.31121,1.31184,1.31100,1.31179,810
1762969500,1.31180,1.31323,1.31179,1.31306,1238
1762970400,1.31307,1.31361,1.31307,1.31339,951
1762971300,1.31338,1.31351,1.31280,1.31302,832
1762972200,1.31300,1.31353,1.31281,1.31350,644
1762973100,1.31351,1.31353,1.31281,1.31301,595
1762974000,1.31300,1.31391,1.31298,1.31390,539
1762974900,1.31391,1.31397,1.31348,1.31359,484
1762975800,1.31358,1.31388,1.31347,1.31357,336
1762976700,1.31356,1.31393,1.31330,1.31392,460
1762977600,1.31391,1.31414,1.31377,1.31400,532
1762978500,1.31401,1.31403,1.31376,1.31391,349
1762979400,1.31393,1.31437,1.31392,1.31425,286
1762980300,1.31426,1.31441,1.31398,1.31403,323
1762981200,1.31402,1.31413,1.31330,1.31333,373
1762982100,1.31335,1.31358,1.31313,1.31322,351
1762983000,1.31323,1.31348,1.31310,1.31320,316
1762983900,1.31321,1.31328,1.31280,1.31299,409
1762984800,1.31297,1.31326,1.31286,1.31326,372
1762985700,1.31327,1.31332,1.31300,1.31306,226
1762986600,1.31305,1.31311,1.31277,1.31308,253
1762987500,1.31314,1.31321,1.31287,1.31306,296
1762988400,1.31307,1.31310,1.31254,1.31274,136
1762989300,1.31272,1.31295,1.31260,1.31260,104
1762990200,1.31259,1.31289,1.31258,1.31274,87
1762991100,1.31273,1.31295,1.31246,1.31295,69
1762992000,1.31258,1.31258,1.31256,1.31257,7
1762992900,1.31257,1.31310,1.31257,1.31310,39
1762993800,1.31310,1.31310,1.31237,1.31288,103
1762994700,1.31288,1.31295,1.31281,1.31284,388
1762995600,1.31285,1.31312,1.31284,1.31300,94
1762996500,1.31300,1.31303,1.31298,1.31301,22
1762997400,1.31300,1.31302,1.31268,1.31271,55
1762998300,1.31270,1.31277,1.31268,1.31273,25
1762999200,1.31274,1.31280,1.31223,1.31226,175
1763000100,1.31227,1.31241,1.31207,1.31226,110
1763001000,1.31225,1.31259,1.31182,1.31190,411
1763001900,1.31191,1.31193,1.31157,1.31178,448
1763002800,1.31177,1.31203,1.31159,1.31161,658
1763003700,1.31160,1.31169,1.31107,1.31136,669
1763004600,1.31137,1.31198,1.31128,1.31175,359
1763005500,1.31176,1.31248,1.31163,1.31239,406
1763006400,1.31240,1.31278,1.31231,1.31241,422
1763007300,1.31242,1.31247,1.31179,1.31188,295
1763008200,1.31187,1.31239,1.31179,1.31238,353
1763009100,1.31237,1.31256,1.31217,1.31249,295
1763010000,1.31248,1.31286,1.31246,1.31270,297
1763010900,1.31268,1.31268,1.31237,1.31252,378
1763011800,1.31251,1.31261,1.31220,1.31229,242
1763012700,1.31230,1.31271,1.31216,1.31261,286
1763013600,1.31260,1.31276,1.31247,1.31257,302
1763014500,1.31258,1.31258,1.31211,1.31227,320
1763015400,1.31226,1.31232,1.31214,1.31221,242
1763016300,1.31222,1.31238,1.31205,1.31233,211
1763017200,1.31231,1.31250,1.31216,1.31227,356
1763018100,1.31228,1.31251,1.31216,1.31220,337
1763019000,1.31218,1.31228,1.31190,1.31193,257
1763019900,1.31195,1.31201,1.31150,1.31173,449
1763020800,1.31172,1.31217,1.31170,1.31191,583
1763021700,1.31190,1.31229,1.31188,1.31188,357
1763022600,1.31187,1.31204,1.31150,1.31196,435
1763023500,1.31197,1.31227,1.31187,1.31212,280
1763024400,1.31207,1.31207,1.31009,1.31141,776
1763025300,1.31142,1.31286,1.31128,1.31277,557
1763026200,1.31278,1.31383,1.31277,1.31377,777
1763027100,1.31378,1.31433,1.31356,1.31408,717
1763028000,1.31407,1.31450,1.31363,1.31440,756
1763028900,1.31441,1.31447,1.31392,1.31396,683
1763029800,1.31397,1.31427,1.31306,1.31351,710
1763030700,1.31352,1.31684,1.31346,1.31677,1227
1763031600,1.31676,1.31709,1.31597,1.31634,1186
1763032500,1.31635,1.31660,1.31554,1.31587,625
1763033400,1.31588,1.31619,1.31431,1.31495,990
1763034300,1.31496,1.31577,1.31486,1.31560,597
1763035200,1.31559,1.31629,1.31543,1.31606,622
1763036100,1.31607,1.31629,1.31546,1.31608,509
1763037000,1.31607,1.31636,1.31527,1.31529,414
1763037900,1.31530,1.31568,1.31516,1.31567,507
1763038800,1.31565,1.31597,1.31526,1.31583,522
1763039700,1.31587,1.31598,1.31509,1.31556,471
1763040600,1.31557,1.31604,1.31528,1.31528,627
1763041500,1.31529,1.31529,1.31437,1.31479,823
1763042400,1.31480,1.31562,1.31470,1.31548,668
1763043300,1.31549,1.31642,1.31523,1.31634,662
1763044200,1.31635,1.31783,1.31631,1.31770,910
1763045100,1.31769,1.31829,1.31745,1.31811,865
1763046000,1.31813,1.31843,1.31729,1.31790,983
1763046900,1.31791,1.31822,1.31703,1.31735,648
1763047800,1.31734,1.31736,1.31584,1.31627,959
1763048700,1.31625,1.31690,1.31612,1.31689,847
1763049600,1.31690,1.31787,1.31679,1.31747,995
1763050500,1.31749,1.31757,1.31656,1.31694,892
1763051400,1.31693,1.31789,1.31658,1.31710,1535
1763052300,1.31712,1.31816,1.31694,1.31811,1497
1763053200,1.31810,1.31818,1.31736,1.31791,1198
1763054100,1.31792,1.31868,1.31746,1.31866,1032
1763055000,1.31867,1.31978,1.31837,1.31949,1276
1763055900,1.31950,1.31990,1.31885,1.31981,1292
1763056800,1.31985,1.31990,1.31918,1.31947,1173
1763057700,1.31948,1.31987,1.31911,1.31979,833
1763058600,1.31978,1.32043,1.31970,1.32036,996
1763059500,1.32035,1.32131,1.31980,1.32121,930
1763060400,1.32122,1.32122,1.32050,1.32061,974
1763061300,1.32067,1.32143,1.32067,1.32134,882
1763062200,1.32132,1.32152,1.32037,1.32112,833
1763063100,1.32113,1.32158,1.32071,1.32116,956
1763064000,1.32117,1.32141,1.32072,1.32111,827
1763064900,1.32112,1.32129,1.32059,1.32069,605
1763065800,1.32068,1.32068,1.31961,1.31980,1110
1763066700,1.31981,1.32009,1.31920,1.31962,812
1763067600,1.31961,1.31962,1.31913,1.31931,616
1763068500,1.31932,1.31972,1.31929,1.31953,558
1763069400,1.31952,1.31967,1.31931,1.31948,573
1763070300,1.31947,1.31966,1.31898,1.31900,587
1763071200,1.31899,1.31913,1.31871,1.31883,521
1763072100,1.31884,1.31922,1.31878,1.31911,417
1763073000,1.31912,1.31945,1.31899,1.31900,481
1763073900,1.31901,1.31911,1.31846,1.31853,482
1763074800,1.31852,1.31885,1.31845,1.31884,144
1763075700,1.31883,1.31895,1.31864,1.31879,101
1763076600,1.31881,1.31913,1.31881,1.31898,80
1763077500,1.31899,1.31909,1.31891,1.31900,46
1763078400,1.31872,1.31910,1.31871,1.31910,23
1763079300,1.31909,1.31914,1.31904,1.31906,44
1763080200,1.31905,1.31915,1.31860,1.31862,234
1763081100,1.31862,1.31868,1.31619,1.31633,696
1763082000,1.31632,1.31758,1.31421,1.31454,531
1763082900,1.31452,1.31460,1.31371,1.31441,223
1763083800,1.31440,1.31526,1.31402,1.31498,231
1763084700,1.31499,1.31536,1.31493,1.31527,119
1763085600,1.31528,1.31566,1.31511,1.31546,297
1763086500,1.31547,1.31610,1.31536,1.31590,298
1763087400,1.31589,1.31589,1.31379,1.31394,531
1763088300,1.31396,1.31488,1.31356,1.31478,577
1763089200,1.31477,1.31501,1.31417,1.31439,503
1763090100,1.31438,1.31496,1.31432,1.31438,407
1763091000,1.31439,1.31473,1.31424,1.31442,476
1763091900,1.31441,1.31503,1.31439,1.31468,363
1763092800,1.31467,1.31497,1.31422,1.31469,358
1763093700,1.31474,1.31516,1.31474,1.31485,345
1763094600,1.31487,1.31489,1.31449,1.31477,272
1763095500,1.31478,1.31508,1.31474,1.31497,211
1763096400,1.31496,1.31512,1.31450,1.31455,191
1763097300,1.31456,1.31566,1.31456,1.31558,194
1763098200,1.31560,1.31592,1.31535,1.31547,153
1763099100,1.31548,1.31549,1.31442,1.31456,260
1763100000,1.31457,1.31500,1.31450,1.31485,182
1763100900,1.31486,1.31486,1.31430,1.31430,166
1763101800,1.31428,1.31446,1.31406,1.31440,297
1763102700,1.31441,1.31447,1.31389,1.31443,239
1763103600,1.31442,1.31470,1.31430,1.31457,213
1763104500,1.31458,1.31483,1.31438,1.31474,210
1763105400,1.31476,1.31510,1.31462,1.31464,313
1763106300,1.31465,1.31479,1.31412,1.31478,409
1763107200,1.31476,1.31534,1.31456,1.31531,405
1763108100,1.31532,1.31544,1.31500,1.31521,346
1763109000,1.31520,1.31588,1.31510,1.31521,436
1763109900,1.31522,1.31524,1.31406,1.31447,580
1763110800,1.31446,1.31542,1.31442,1.31517,616
1763111700,1.31518,1.31527,1.31265,1.31278,1005
1763112600,1.31277,1.31586,1.31276,1.31499,1103
1763113500,1.31502,1.31583,1.31461,1.31468,893
1763114400,1.31467,1.31541,1.31192,1.31240,2076
1763115300,1.31232,1.31250,1.31081,1.31213,1286
1763116200,1.31212,1.32005,1.31207,1.31922,2031
1763117100,1.31920,1.31958,1.31622,1.31659,2166
1763118000,1.31656,1.31818,1.31615,1.31625,919
1763118900,1.31629,1.31680,1.31558,1.31560,512
1763119800,1.31559,1.31629,1.31534,1.31557,410
1763120700,1.31558,1.31601,1.31483,1.31551,509
1763121600,1.31548,1.31599,1.31528,1.31568,450
1763122500,1.31569,1.31604,1.31432,1.31440,460
1763123400,1.31439,1.31469,1.31412,1.31429,380
1763124300,1.31430,1.31479,1.31412,1.31418,381
1763125200,1.31419,1.31433,1.31269,1.31271,454
1763126100,1.31270,1.31358,1.31224,1.31352,566
1763127000,1.31358,1.31401,1.31341,1.31360,368
1763127900,1.31361,1.31425,1.31309,1.31381,472
1763128800,1.31382,1.31496,1.31309,1.31493,696
1763129700,1.31492,1.31522,1.31460,1.31511,737
1763130600,1.31510,1.31714,1.31507,1.31682,912
1763131500,1.31683,1.31811,1.31672,1.31802,914
1763132400,1.31799,1.31802,1.31640,1.31662,1283
1763133300,1.31661,1.31763,1.31603,1.31613,934
1763134200,1.31613,1.31707,1.31582,1.31641,966
1763135100,1.31642,1.31703,1.31585,1.31671,1126
1763136000,1.31672,1.31673,1.31482,1.31582,1046
1763136900,1.31583,1.31783,1.31567,1.31673,930
1763137800,1.31672,1.31766,1.31652,1.31652,1856
1763138700,1.31653,1.31687,1.31562,1.31591,1408
1763139600,1.31590,1.31590,1.31428,1.31504,1096
1763140500,1.31505,1.31541,1.31389,1.31441,1038
1763141400,1.31440,1.31474,1.31253,1.31303,1039
1763142300,1.31304,1.31391,1.31284,1.31391,1150
1763143200,1.31392,1.31597,1.31388,1.31597,800
1763144100,1.31598,1.31635,1.31552,1.31599,695
1763145000,1.31601,1.31613,1.31537,1.31549,840
1763145900,1.31548,1.31599,1.31518,1.31552,801
1763146800,1.31551,1.31609,1.31519,1.31528,673
1763147700,1.31529,1.31631,1.31511,1.31610,754
1763148600,1.31609,1.31609,1.31536,1.31551,626
1763149500,1.31552,1.31620,1.31533,1.31612,557
1763150400,1.31611,1.31634,1.31499,1.31631,1001
1763151300,1.31630,1.31630,1.31559,1.31596,491
1763152200,1.31594,1.31632,1.31572,1.31582,445
1763153100,1.31583,1.31617,1.31572,1.31607,381
1763154000,1.31606,1.31648,1.31582,1.31609,478
1763154900,1.31610,1.31625,1.31585,1.31603,307
1763155800,1.31602,1.31647,1.31562,1.31632,562
1763156700,1.31631,1.31677,1.31611,1.31646,590
1763157600,1.31647,1.31663,1.31618,1.31648,348
1763158500,1.31649,1.31660,1.31632,1.31655,322
1763159400,1.31653,1.31689,1.31649,1.31675,179
1763160300,1.31677,1.31712,1.31673,1.31683,326
1763161200,1.31684,1.31721,1.31682,1.31703,343
1763162100,1.31703,1.31738,1.31692,1.31699,219
1763163000,1.31700,1.31732,1.31651,1.31731,280
1763163900,1.31732,1.31747,1.31714,1.31746,1309
1763337600,1.31464,1.31542,1.31464,1.31536,65
1763338500,1.31536,1.31606,1.31534,1.31603,194
1763339400,1.31604,1.31629,1.31580,1.31593,123
1763340300,1.31593,1.31696,1.31592,1.31642,249
1763341200,1.31642,1.31711,1.31642,1.31683,174
1763342100,1.31682,1.31689,1.31647,1.31647,120
1763343000,1.31648,1.31649,1.31614,1.31614,70
1763343900,1.31613,1.31621,1.31564,1.31586,109
1763344800,1.31587,1.31590,1.31509,1.31527,368
1763345700,1.31528,1.31553,1.31497,1.31548,320
1763346600,1.31549,1.31569,1.31532,1.31559,441
1763347500,1.31558,1.31570,1.31545,1.31561,577
1763348400,1.31560,1.31634,1.31538,1.31623,670
1763349300,1.31622,1.31627,1.31597,1.31611,475
1763350200,1.31610,1.31652,1.31587,1.31609,533
1763351100,1.31608,1.31617,1.31547,1.31557,510
1763352000,1.31558,1.31560,1.31519,1.31546,584
1763352900,1.31547,1.31551,1.31528,1.31545,429
1763353800,1.31544,1.31550,1.31518,1.31521,324
1763354700,1.31522,1.31558,1.31516,1.31520,294
1763355600,1.31519,1.31519,1.31466,1.31470,278
1763356500,1.31469,1.31469,1.31448,1.31457,190
1763357400,1.31458,1.31458,1.31415,1.31437,298
1763358300,1.31438,1.31460,1.31428,1.31451,319
1763359200,1.31450,1.31473,1.31441,1.31469,237
1763360100,1.31470,1.31482,1.31464,1.31479,300
1763361000,1.31478,1.31505,1.31476,1.31492,219
1763361900,1.31493,1.31516,1.31487,1.31513,201
1763362800,1.31512,1.31547,1.31510,1.31539,353
1763363700,1.31540,1.31542,1.31499,1.31501,277
1763364600,1.31500,1.31517,1.31489,1.31498,419
1763365500,1.31499,1.31499,1.31427,1.31432,325
1763366400,1.31431,1.31439,1.31358,1.31389,560
1763367300,1.31388,1.31428,1.31377,1.31424,512
1763368200,1.31421,1.31485,1.31418,1.31477,484
1763369100,1.31479,1.31515,1.31465,1.31490,619
1763370000,1.31489,1.31572,1.31487,1.31549,495
1763370900,1.31550,1.31715,1.31548,1.31704,700
1763371800,1.31703,1.31769,1.31692,1.31728,640
1763372700,1.31729,1.31756,1.31693,1.31756,544
1763373600,1.31758,1.31807,1.31718,1.31751,907
1763374500,1.31752,1.31752,1.31611,1.31650,656
1763375400,1.31649,1.31710,1.31638,1.31659,699
1763376300,1.31658,1.31681,1.31590,1.31652,863
1763377200,1.31651,1.31667,1.31585,1.31637,767
1763378100,1.31638,1.31711,1.31630,1.31700,565
1763379000,1.31699,1.31759,1.31693,1.31730,565
1763379900,1.31731,1.31738,1.31636,1.31643,860
1763380800,1.31642,1.31682,1.31611,1.31627,564
1763381700,1.31626,1.31654,1.31619,1.31647,485
1763382600,1.31648,1.31713,1.31629,1.31671,601
1763383500,1.31670,1.31679,1.31515,1.31542,967
1763384400,1.31541,1.31642,1.31492,1.31608,816
1763385300,1.31609,1.31671,1.31595,1.31630,490
1763386200,1.31629,1.31721,1.31628,1.31692,536
1763387100,1.31692,1.31808,1.31692,1.31807,856
1763388000,1.31805,1.31835,1.31767,1.31812,626
1763388900,1.31813,1.31889,1.31806,1.31868,423
1763389800,1.31867,1.31926,1.31822,1.31921,686
1763390700,1.31922,1.31931,1.31779,1.31798,688
1763391600,1.31798,1.31876,1.31788,1.31810,848
1763392500,1.31811,1.31878,1.31794,1.31843,579
1763393400,1.31843,1.31852,1.31760,1.31761,926
1763394300,1.31760,1.31799,1.31719,1.31729,924
1763395200,1.31728,1.31778,1.31716,1.31760,494
1763396100,1.31758,1.31772,1.31694,1.31699,443
1763397000,1.31698,1.31727,1.31621,1.31664,1433
1763397900,1.31665,1.31727,1.31638,1.31651,1078
1763398800,1.31650,1.31711,1.31612,1.31640,1093
1763399700,1.31642,1.31724,1.31633,1.31704,653
1763400600,1.31703,1.31703,1.31620,1.31662,1056
1763401500,1.31661,1.31775,1.31622,1.31773,1480
1763402400,1.31772,1.31777,1.31663,1.31671,1199
1763403300,1.31672,1.31743,1.31651,1.31732,776
1763404200,1.31736,1.31790,1.31725,1.31733,864
1763405100,1.31734,1.31782,1.31719,1.31779,615
1763406000,1.31780,1.31790,1.31728,1.31732,537
1763406900,1.31733,1.31771,1.31710,1.31761,587
1763407800,1.31760,1.31764,1.31700,1.31738,600
1763408700,1.31739,1.31739,1.31672,1.31699,345
1763409600,1.31698,1.31708,1.31635,1.31660,433
1763410500,1.31662,1.31663,1.31616,1.31632,503
1763411400,1.31633,1.31664,1.31621,1.31664,453
1763412300,1.31663,1.31679,1.31590,1.31601,705
1763413200,1.31600,1.31630,1.31576,1.31623,514
1763414100,1.31624,1.31646,1.31610,1.31639,344
1763415000,1.31638,1.31638,1.31497,1.31513,875
1763415900,1.31512,1.31535,1.31458,1.31464,872
1763416800,1.31463,1.31516,1.31448,1.31488,769
1763417700,1.31490,1.31529,1.31481,1.31523,603
1763418600,1.31524,1.31564,1.31507,1.31564,544
1763419500,1.31565,1.31575,1.31530,1.31546,586
1763420400,1.31545,1.31568,1.31545,1.31555,112
1763421300,1.31554,1.31564,1.31551,1.31564,59
1763422200,1.31565,1.31590,1.31565,1.31572,182
1763423100,1.31571,1.31588,1.31552,1.31553,90
1763424000,1.31506,1.31521,1.31493,1.31517,13
1763424900,1.31518,1.31533,1.31511,1.31530,120
1763425800,1.31530,1.31558,1.31530,1.31551,138
1763426700,1.31551,1.31555,1.31484,1.31506,193
1763427600,1.31510,1.31561,1.31482,1.31554,210
1763428500,1.31555,1.31565,1.31549,1.31561,109
1763429400,1.31561,1.31561,1.31536,1.31536,97
1763430300,1.31537,1.31554,1.31528,1.31554,59
1763431200,1.31553,1.31553,1.31462,1.31489,253
1763432100,1.31484,1.31494,1.31459,1.31482,204
1763433000,1.31481,1.31507,1.31477,1.31480,480
1763433900,1.31481,1.31497,1.31458,1.31483,517
1763434800,1.31482,1.31493,1.31453,1.31473,713
1763435700,1.31474,1.31518,1.31460,1.31512,595
1763436600,1.31511,1.31545,1.31508,1.31542,430
1763437500,1.31541,1.31548,1.31507,1.31511,452
1763438400,1.31512,1.31513,1.31491,1.31510,541
1763439300,1.31511,1.31521,1.31498,1.31517,344
1763440200,1.31518,1.31546,1.31517,1.31541,491
1763441100,1.31542,1.31545,1.31514,1.31534,436
1763442000,1.31533,1.31554,1.31519,1.31521,578
1763442900,1.31522,1.31529,1.31497,1.31506,285
1763443800,1.31505,1.31522,1.31497,1.31519,430
1763444700,1.31518,1.31522,1.31483,1.31491,507
1763445600,1.31490,1.31498,1.31451,1.31460,413
1763446500,1.31461,1.31600,1.31460,1.31574,1096
1763447400,1.31577,1.31630,1.31577,1.31611,541
1763448300,1.31612,1.31634,1.31578,1.31628,461
1763449200,1.31629,1.31633,1.31607,1.31619,530
1763450100,1.31620,1.31641,1.31608,1.31622,369
1763451000,1.31621,1.31631,1.31607,1.31626,320
1763451900,1.31627,1.31642,1.31608,1.31608,444
1763452800,1.31607,1.31608,1.31539,1.31580,442
1763453700,1.31581,1.31622,1.31572,1.31590,539
1763454600,1.31588,1.31622,1.31560,1.31560,738
1763455500,1.31562,1.31584,1.31483,1.31492,860
1763456400,1.31491,1.31586,1.31480,1.31583,1374
1763457300,1.31585,1.31630,1.31569,1.31573,590
1763458200,1.31572,1.31595,1.31550,1.31579,1000
1763459100,1.31578,1.31584,1.31497,1.31503,803
1763460000,1.31502,1.31769,1.31482,1.31736,1761
1763460900,1.31737,1.31741,1.31663,1.31669,1327
1763461800,1.31665,1.31691,1.31590,1.31608,1230
1763462700,1.31609,1.31611,1.31541,1.31558,1071
1763463600,1.31559,1.31637,1.31496,1.31528,1206
1763464500,1.31529,1.31593,1.31522,1.31573,971
1763465400,1.31572,1.31586,1.31514,1.31580,886
1763466300,1.31581,1.31582,1.31502,1.31526,806
1763467200,1.31525,1.31558,1.31494,1.31533,824
1763468100,1.31531,1.31546,1.31432,1.31488,878
1763469000,1.31487,1.31512,1.31450,1.31450,779
1763469900,1.31448,1.31485,1.31439,1.31478,763
1763470800,1.31477,1.31494,1.31428,1.31449,660
1763471700,1.31450,1.31450,1.31406,1.31432,564
1763472600,1.31431,1.31459,1.31421,1.31429,618
1763473500,1.31430,1.31445,1.31375,1.31409,801
1763474400,1.31408,1.31510,1.31375,1.31468,1048
1763475300,1.31467,1.31492,1.31449,1.31459,730
1763476200,1.31458,1.31519,1.31458,1.31464,709
1763477100,1.31465,1.31539,1.31457,1.31528,915
1763478000,1.31529,1.31571,1.31339,1.31390,1535
1763478900,1.31389,1.31504,1.31389,1.31481,1535
1763479800,1.31480,1.31547,1.31438,1.31507,1770
1763480700,1.31508,1.31608,1.31482,1.31544,1147
1763481600,1.31543,1.31574,1.31515,1.31515,1148
1763482500,1.31516,1.31552,1.31501,1.31551,940
1763483400,1.31550,1.31633,1.31512,1.31562,1802
1763484300,1.31561,1.31594,1.31507,1.31577,1465
1763485200,1.31574,1.31597,1.31519,1.31572,1862
1763486100,1.31571,1.31711,1.31559,1.31702,1879
1763487000,1.31700,1.31713,1.31648,1.31648,1561
1763487900,1.31649,1.31652,1.31434,1.31442,1775
1763488800,1.31440,1.31463,1.31355,1.31404,1964
1763489700,1.31405,1.31436,1.31355,1.31374,1350
1763490600,1.31373,1.31427,1.31372,1.31415,1303
1763491500,1.31416,1.31502,1.31416,1.31500,1137
1763492400,1.31501,1.31511,1.31420,1.31448,627
1763493300,1.31449,1.31465,1.31379,1.31382,1051
1763494200,1.31381,1.31451,1.31381,1.31427,870
1763495100,1.31426,1.31443,1.31397,1.31412,592
1763496000,1.31411,1.31474,1.31401,1.31472,608
1763496900,1.31474,1.31521,1.31472,1.31519,488
1763497800,1.31521,1.31567,1.31502,1.31553,665
1763498700,1.31552,1.31559,1.31509,1.31522,758
1763499600,1.31521,1.31527,1.31491,1.31522,671
1763500500,1.31523,1.31544,1.31513,1.31529,478
1763501400,1.31530,1.31554,1.31512,1.31533,507
1763502300,1.31534,1.31570,1.31533,1.31550,610
1763503200,1.31549,1.31564,1.31527,1.31563,442
1763504100,1.31562,1.31563,1.31509,1.31513,409
1763505000,1.31512,1.31523,1.31478,1.31481,448
1763505900,1.31480,1.31482,1.31449,1.31466,684
1763506800,1.31465,1.31490,1.31445,1.31488,207
1763507700,1.31489,1.31491,1.31461,1.31462,104
1763508600,1.31461,1.31462,1.31439,1.31451,88
1763509500,1.31452,1.31485,1.31452,1.31460,69
1763510400,1.31444,1.31451,1.31444,1.31451,17
1763511300,1.31452,1.31467,1.31452,1.31465,30
1763512200,1.31466,1.31479,1.31461,1.31469,59
1763513100,1.31468,1.31471,1.31447,1.31458,73
1763514000,1.31459,1.31482,1.31429,1.31451,133
1763514900,1.31451,1.31480,1.31434,1.31479,81
1763515800,1.31479,1.31479,1.31460,1.31464,57
1763516700,1.31465,1.31481,1.31461,1.31471,80
1763517600,1.31470,1.31488,1.31439,1.31468,238
1763518500,1.31469,1.31488,1.31458,1.31469,201
1763519400,1.31468,1.31472,1.31448,1.31449,525
1763520300,1.31451,1.31466,1.31400,1.31408,583
1763521200,1.31407,1.31429,1.31351,1.31410,738
1763522100,1.31412,1.31423,1.31377,1.31388,627
1763523000,1.31389,1.31417,1.31387,1.31393,496
1763523900,1.31394,1.31400,1.31317,1.31329,631
1763524800,1.31330,1.31338,1.31292,1.31304,644
1763525700,1.31305,1.31358,1.31304,1.31354,600
1763526600,1.31355,1.31401,1.31355,1.31392,259
1763527500,1.31393,1.31401,1.31361,1.31373,231
1763528400,1.31371,1.31400,1.31364,1.31370,201
1763529300,1.31371,1.31405,1.31366,1.31400,433
1763530200,1.31401,1.31430,1.31387,1.31428,333
1763531100,1.31430,1.31445,1.31390,1.31401,309
1763532000,1.31400,1.31402,1.31364,1.31368,406
1763532900,1.31367,1.31368,1.31325,1.31353,369
1763533800,1.31352,1.31373,1.31342,1.31370,382
1763534700,1.31371,1.31403,1.31358,1.31403,409
1763535600,1.31402,1.31424,1.31399,1.31410,490
1763536500,1.31411,1.31414,1.31391,1.31393,208
1763537400,1.31392,1.31440,1.31392,1.31439,488
1763538300,1.31440,1.31472,1.31435,1.31462,552
1763539200,1.31461,1.31477,1.31448,1.31458,579
1763540100,1.31457,1.31511,1.31450,1.31504,545
1763541000,1.31503,1.31516,1.31485,1.31499,330
1763541900,1.31500,1.31552,1.31468,1.31519,431
1763542800,1.31516,1.31544,1.31321,1.31446,1151
1763543700,1.31445,1.31517,1.31392,1.31462,734
1763544600,1.31461,1.31506,1.31410,1.31482,930
1763545500,1.31483,1.31495,1.31375,1.31423,1386
1763546400,1.31422,1.31485,1.31365,1.31394,1546
1763547300,1.31395,1.31395,1.31342,1.31356,785
1763548200,1.31355,1.31362,1.31282,1.31309,714
1763549100,1.31308,1.31319,1.31234,1.31242,739
1763550000,1.31241,1.31376,1.31210,1.31351,859
1763550900,1.31350,1.31351,1.31259,1.31287,733
1763551800,1.31288,1.31305,1.31228,1.31232,984
1763552700,1.31233,1.31299,1.31179,1.31271,791
1763553600,1.31270,1.31282,1.31113,1.31172,969
1763554500,1.31171,1.31219,1.31168,1.31210,746
1763555400,1.31209,1.31216,1.31151,1.31201,946
1763556300,1.31202,1.31202,1.30929,1.31051,1131
1763557200,1.31054,1.31201,1.31036,1.31197,1048
1763558100,1.31198,1.31222,1.31138,1.31201,573
1763559000,1.31199,1.31230,1.31139,1.31169,564
1763559900,1.31168,1.31272,1.31130,1.31271,745
1763560800,1.31273,1.31299,1.31239,1.31260,683
1763561700,1.31261,1.31275,1.31201,1.31213,572
1763562600,1.31214,1.31240,1.31190,1.31211,633
1763563500,1.31210,1.31213,1.31153,1.31180,582
1763564400,1.31179,1.31258,1.31153,1.31253,913
1763565300,1.31252,1.31291,1.31166,1.31166,797
1763566200,1.31167,1.31212,1.31133,1.31182,705
1763567100,1.31183,1.31216,1.31164,1.31190,874
1763568000,1.31191,1.31223,1.31123,1.31129,861
1763568900,1.31130,1.31179,1.31069,1.31082,923
1763569800,1.31081,1.31151,1.31074,1.31100,1434
1763570700,1.31099,1.31112,1.31054,1.31092,1194
1763571600,1.31091,1.31099,1.31002,1.31074,1263
1763572500,1.31073,1.31162,1.31027,1.31032,1042
1763573400,1.31025,1.31030,1.30749,1.30752,1171
1763574300,1.30751,1.30803,1.30714,1.30798,1407
1763575200,1.30799,1.30846,1.30726,1.30813,1362
1763576100,1.30814,1.30854,1.30743,1.30764,897
1763577000,1.30763,1.30763,1.30674,1.30740,1051
1763577900,1.30741,1.30822,1.30721,1.30752,954
1763578800,1.30751,1.30802,1.30713,1.30762,1063
1763579700,1.30763,1.30774,1.30615,1.30647,1255
1763580600,1.30646,1.30646,1.30570,1.30625,1008
1763581500,1.30624,1.30690,1.30587,1.30682,915
1763582400,1.30683,1.30718,1.30628,1.30717,856
1763583300,1.30717,1.30729,1.30687,1.30698,577
1763584200,1.30697,1.30755,1.30693,1.30753,694
1763585100,1.30754,1.30765,1.30657,1.30659,719
1763586000,1.30659,1.30672,1.30558,1.30562,1434
1763586900,1.30561,1.30575,1.30518,1.30526,834
1763587800,1.30527,1.30552,1.30479,1.30484,700
1763588700,1.30486,1.30498,1.30435,1.30457,842
1763589600,1.30456,1.30521,1.30442,1.30520,659
1763590500,1.30521,1.30547,1.30517,1.30528,541
1763591400,1.30527,1.30543,1.30496,1.30522,475
1763592300,1.30523,1.30539,1.30492,1.30497,525
1763593200,1.30496,1.30496,1.30465,1.30475,165
1763594100,1.30476,1.30495,1.30447,1.30490,259
1763595000,1.30489,1.30590,1.30483,1.30581,297
1763595900,1.30582,1.30612,1.30574,1.30576,276
1763596800,1.30531,1.30557,1.30525,1.30557,15
1763597700,1.30558,1.30568,1.30557,1.30567,37
1763598600,1.30567,1.30571,1.30556,1.30558,76
1763599500,1.30558,1.30566,1.30545,1.30559,69
1763600400,1.30559,1.30594,1.30522,1.30556,155
1763601300,1.30558,1.30605,1.30553,1.30598,149
1763602200,1.30598,1.30614,1.30575,1.30575,111
1763603100,1.30576,1.30622,1.30575,1.30599,116
1763604000,1.30596,1.30596,1.30529,1.30548,243
1763604900,1.30547,1.30560,1.30511,1.30511,269
1763605800,1.30510,1.30541,1.30509,1.30521,419
1763606700,1.30520,1.30552,1.30496,1.30547,600
1763607600,1.30546,1.30557,1.30492,1.30498,574
1763608500,1.30497,1.30531,1.30492,1.30520,500
1763609400,1.30519,1.30560,1.30499,1.30501,645
1763610300,1.30503,1.30509,1.30453,1.30463,581
1763611200,1.30462,1.30470,1.30380,1.30432,531
1763612100,1.30431,1.30468,1.30405,1.30452,440
1763613000,1.30455,1.30503,1.30453,1.30482,297
1763613900,1.30483,1.30526,1.30483,1.30523,308
1763614800,1.30522,1.30561,1.30460,1.30462,693
1763615700,1.30463,1.30508,1.30455,1.30494,300
1763616600,1.30492,1.30494,1.30409,1.30411,504
1763617500,1.30412,1.30472,1.30406,1.30470,500
1763618400,1.30469,1.30530,1.30442,1.30511,358
1763619300,1.30512,1.30539,1.30498,1.30532,354
1763620200,1.30533,1.30622,1.30529,1.30611,340
1763621100,1.30606,1.30606,1.30571,1.30591,212
1763622000,1.30590,1.30590,1.30541,1.30561,364
1763622900,1.30560,1.30582,1.30553,1.30563,221
1763623800,1.30562,1.30562,1.30524,1.30549,396
1763624700,1.30550,1.30591,1.30524,1.30530,329
1763625600,1.30529,1.30639,1.30498,1.30591,613
1763626500,1.30592,1.30630,1.30569,1.30629,450
1763627400,1.30628,1.30639,1.30580,1.30601,471
1763628300,1.30602,1.30644,1.30579,1.30629,486
1763629200,1.30628,1.30640,1.30572,1.30639,866
1763630100,1.30638,1.30654,1.30608,1.30640,783
1763631000,1.30639,1.30659,1.30615,1.30636,587
1763631900,1.30639,1.30705,1.30639,1.30694,764
1763632800,1.30693,1.30768,1.30598,1.30607,1140
1763633700,1.30606,1.30696,1.30600,1.30656,952
1763634600,1.30655,1.30712,1.30641,1.30688,743
1763635500,1.30689,1.30715,1.30651,1.30651,621
1763636400,1.30650,1.30683,1.30628,1.30631,770
1763637300,1.30632,1.30715,1.30612,1.30712,698
1763638200,1.30711,1.30749,1.30687,1.30702,803
1763639100,1.30703,1.30798,1.30671,1.30791,628
1763640000,1.30799,1.30818,1.30759,1.30810,751
1763640900,1.30812,1.30848,1.30788,1.30800,455
1763641800,1.30799,1.30823,1.30797,1.30809,340
1763642700,1.30808,1.30808,1.30722,1.30731,694
1763643600,1.30730,1.30767,1.30701,1.30719,656
1763644500,1.30720,1.30742,1.30660,1.30671,519
1763645400,1.30670,1.30699,1.30661,1.30668,503
1763646300,1.30667,1.30685,1.30632,1.30647,416
1763647200,1.30646,1.30655,1.30607,1.30617,494
1763648100,1.30616,1.30618,1.30574,1.30599,330
1763649000,1.30598,1.30645,1.30594,1.30605,434
1763649900,1.30605,1.30624,1.30562,1.30571,618
1763650800,1.30570,1.30647,1.30570,1.30627,684
1763651700,1.30628,1.30650,1.30580,1.30629,748
1763652600,1.30632,1.30967,1.30496,1.30872,4559
1763653500,1.30871,1.30998,1.30750,1.30958,3158
1763654400,1.30957,1.31063,1.30811,1.30866,2488
1763655300,1.30868,1.31080,1.30854,1.31072,1906
1763656200,1.31071,1.31238,1.31055,1.31200,2537
1763657100,1.31199,1.31224,1.31096,1.31114,1562
1763658000,1.31113,1.31130,1.31058,1.31058,1424
1763658900,1.31059,1.31077,1.30958,1.31023,1274
1763659800,1.31022,1.31022,1.30840,1.30927,1502
1763660700,1.30928,1.30949,1.30808,1.30947,1397
1763661600,1.30949,1.31026,1.30908,1.30975,1253
1763662500,1.30978,1.31011,1.30910,1.30910,1418
1763663400,1.30913,1.30937,1.30767,1.30781,1660
1763664300,1.30778,1.30857,1.30748,1.30767,2270
1763665200,1.30766,1.30823,1.30722,1.30782,2347
1763666100,1.30781,1.30808,1.30722,1.30739,1843
1763667000,1.30738,1.30759,1.30663,1.30667,1374
1763667900,1.30666,1.30734,1.30658,1.30679,1235
1763668800,1.30678,1.30746,1.30669,1.30736,1018
1763669700,1.30737,1.30797,1.30737,1.30763,1217
1763670600,1.30762,1.30802,1.30732,1.30739,929
1763671500,1.30738,1.30776,1.30700,1.30753,803
1763672400,1.30752,1.30817,1.30713,1.30816,971
1763673300,1.30815,1.30876,1.30792,1.30851,685
1763674200,1.30852,1.30872,1.30825,1.30832,506
1763675100,1.30831,1.30873,1.30822,1.30872,714
1763676000,1.30871,1.30875,1.30821,1.30831,708
1763676900,1.30830,1.30832,1.30782,1.30792,658
1763677800,1.30793,1.30793,1.30747,1.30772,512
1763678700,1.30770,1.30772,1.30693,1.30701,362
1763679600,1.30700,1.30713,1.30690,1.30691,100
1763680500,1.30692,1.30696,1.30678,1.30691,90
1763681400,1.30690,1.30710,1.30682,1.30709,130
1763682300,1.30710,1.30735,1.30709,1.30721,85
1763683200,1.30660,1.30676,1.30660,1.30676,25
1763684100,1.30676,1.30715,1.30673,1.30714,77
1763685000,1.30713,1.30734,1.30699,1.30729,98
1763685900,1.30729,1.30750,1.30660,1.30668,237
1763686800,1.30668,1.30733,1.30660,1.30700,153
1763687700,1.30700,1.30720,1.30697,1.30720,143
1763688600,1.30720,1.30826,1.30712,1.30822,268
1763689500,1.30821,1.30849,1.30805,1.30831,198
1763690400,1.30830,1.30831,1.30769,1.30803,268
1763691300,1.30802,1.30804,1.30755,1.30789,551
1763692200,1.30787,1.30846,1.30779,1.30843,685
1763693100,1.30844,1.30873,1.30817,1.30847,671
1763694000,1.30846,1.30873,1.30829,1.30854,954
1763694900,1.30855,1.30856,1.30820,1.30840,787
1763695800,1.30838,1.30841,1.30790,1.30826,832
1763696700,1.30827,1.30871,1.30821,1.30821,786
1763697600,1.30822,1.30868,1.30822,1.30844,721
1763698500,1.30845,1.30846,1.30783,1.30822,573
1763699400,1.30823,1.30840,1.30791,1.30806,582
1763700300,1.30807,1.30807,1.30751,1.30801,505
1763701200,1.30802,1.30815,1.30765,1.30806,596
1763702100,1.30807,1.30836,1.30793,1.30829,587
1763703000,1.30828,1.30868,1.30820,1.30862,519
1763703900,1.30863,1.30883,1.30860,1.30867,383
1763704800,1.30868,1.30924,1.30867,1.30921,586
1763705700,1.30920,1.30926,1.30881,1.30893,524
1763706600,1.30892,1.30895,1.30876,1.30890,484
1763707500,1.30889,1.30906,1.30855,1.30903,490
1763708400,1.30906,1.30962,1.30903,1.30949,627
1763709300,1.30950,1.30951,1.30912,1.30937,453
1763710200,1.30938,1.30949,1.30916,1.30920,639
1763711100,1.30919,1.30925,1.30879,1.30893,479
1763712000,1.30895,1.30970,1.30891,1.30963,744
1763712900,1.30962,1.30976,1.30927,1.30950,855
1763713800,1.30949,1.30952,1.30883,1.30910,696
1763714700,1.30902,1.30920,1.30887,1.30907,818
1763715600,1.30906,1.30911,1.30661,1.30866,1001
1763716500,1.30867,1.30913,1.30832,1.30860,700
1763717400,1.30859,1.30885,1.30809,1.30853,1159
1763718300,1.30854,1.30884,1.30797,1.30811,1237
1763719200,1.30814,1.30913,1.30732,1.30905,1416
1763720100,1.30903,1.30973,1.30861,1.30943,1607
1763721000,1.30944,1.30977,1.30882,1.30956,1758
1763721900,1.30955,1.31029,1.30928,1.30987,1376
1763722800,1.30986,1.30997,1.30839,1.30882,1230
1763723700,1.30881,1.30910,1.30847,1.30860,968
1763724600,1.30859,1.30859,1.30695,1.30732,1283
1763725500,1.30728,1.30756,1.30590,1.30616,1375
1763726400,1.30613,1.30627,1.30537,1.30549,1926
1763727300,1.30550,1.30581,1.30504,1.30519,1058
1763728200,1.30518,1.30599,1.30510,1.30586,1222
1763729100,1.30584,1.30652,1.30564,1.30650,1054
1763730000,1.30648,1.30692,1.30594,1.30676,1002
1763730900,1.30677,1.30677,1.30527,1.30605,1066
1763731800,1.30606,1.30610,1.30550,1.30552,813
1763732700,1.30551,1.30553,1.30419,1.30451,1102
1763733600,1.30450,1.30517,1.30437,1.30449,1518
1763734500,1.30450,1.30488,1.30385,1.30452,1344
1763735400,1.30451,1.30799,1.30444,1.30769,3350
1763736300,1.30770,1.30892,1.30766,1.30889,1953
1763737200,1.30888,1.30901,1.30805,1.30827,1225
1763738100,1.30828,1.30910,1.30820,1.30874,893
1763739000,1.30873,1.30878,1.30804,1.30815,887
1763739900,1.30816,1.30949,1.30815,1.30841,1320
1763740800,1.30840,1.30880,1.30755,1.30793,1673
1763741700,1.30792,1.30804,1.30698,1.30741,1218
1763742600,1.30740,1.30865,1.30697,1.30795,1836
1763743500,1.30790,1.30922,1.30743,1.30893,2006
1763744400,1.30895,1.30997,1.30892,1.30941,2411
1763745300,1.30942,1.30959,1.30819,1.30839,2246
1763746200,1.30838,1.30869,1.30763,1.30778,1803
1763747100,1.30779,1.30877,1.30778,1.30851,2059
1763748000,1.30850,1.30862,1.30731,1.30780,1776
1763748900,1.30781,1.30888,1.30748,1.30881,1311
1763749800,1.30880,1.30927,1.30829,1.30851,1622
1763750700,1.30848,1.30997,1.30844,1.30977,1077
1763751600,1.30979,1.31075,1.30979,1.31008,1304
1763752500,1.31009,1.31010,1.30886,1.30956,1181
1763753400,1.30955,1.31002,1.30944,1.30993,1145
1763754300,1.30994,1.31027,1.30965,1.31006,827
1763755200,1.31007,1.31009,1.30922,1.30936,901
1763756100,1.30937,1.30987,1.30915,1.30987,861
1763757000,1.30986,1.31007,1.30971,1.31001,628
1763757900,1.31002,1.31009,1.30953,1.30967,1134
1763758800,1.30966,1.31042,1.30965,1.31019,806
1763759700,1.31018,1.31061,1.31015,1.31047,527
1763760600,1.31040,1.31084,1.31035,1.31059,753
1763761500,1.31058,1.31096,1.31023,1.31025,706
1763762400,1.31026,1.31047,1.31017,1.31030,546
1763763300,1.31031,1.31038,1.30998,1.31002,399
1763764200,1.31001,1.31038,1.30995,1.31001,463
1763765100,1.31000,1.31052,1.30990,1.31052,604
1763766000,1.31060,1.31073,1.31049,1.31070,688
1763766900,1.31071,1.31084,1.31049,1.31053,352
1763767800,1.31052,1.31054,1.31005,1.31029,399
1763768700,1.31028,1.31061,1.30995,1.31029,1645
1763942400,1.30963,1.30989,1.30963,1.30974,27
1763943300,1.30974,1.31001,1.30972,1.30985,84
1763944200,1.30985,1.30990,1.30983,1.30987,99
1763945100,1.30987,1.30987,1.30973,1.30974,50
1763946000,1.30973,1.30990,1.30960,1.30960,164
1763946900,1.30960,1.30975,1.30930,1.30955,153
1763947800,1.30956,1.30965,1.30934,1.30957,98
1763948700,1.30956,1.30969,1.30951,1.30958,83
1763949600,1.30958,1.30962,1.30878,1.30880,176
1763950500,1.30881,1.30902,1.30857,1.30888,204
1763951400,1.30888,1.30889,1.30857,1.30870,333
1763952300,1.30871,1.30890,1.30867,1.30889,189
1763953200,1.30888,1.30915,1.30882,1.30900,506
1763954100,1.30901,1.30922,1.30886,1.30922,444
1763955000,1.30923,1.30928,1.30881,1.30911,574
1763955900,1.30912,1.30936,1.30874,1.30887,631
1763956800,1.30886,1.30955,1.30886,1.30953,953
1763957700,1.30954,1.30970,1.30940,1.30960,1194
1763958600,1.30959,1.30993,1.30955,1.30979,941
1763959500,1.30980,1.30983,1.30951,1.30960,537
1763960400,1.30959,1.30975,1.30945,1.30950,650
1763961300,1.30951,1.30980,1.30940,1.30980,543
1763962200,1.30983,1.31000,1.30977,1.30999,379
1763963100,1.31000,1.31020,1.30976,1.30977,281
1763964000,1.30976,1.31002,1.30966,1.30978,354
1763964900,1.30976,1.31000,1.30973,1.30997,423
1763965800,1.30998,1.31006,1.30988,1.31000,323
1763966700,1.31001,1.31031,1.30989,1.31011,432
1763967600,1.31010,1.31074,1.31009,1.31034,708
1763968500,1.31035,1.31054,1.31023,1.31049,738
1763969400,1.31050,1.31060,1.31025,1.31060,600
1763970300,1.31058,1.31059,1.31023,1.31024,441
1763971200,1.31023,1.31119,1.31019,1.31057,611
1763972100,1.31056,1.31077,1.31045,1.31056,532
1763973000,1.31057,1.31078,1.31047,1.31060,536
1763973900,1.31059,1.31067,1.30986,1.30993,710
1763974800,1.30992,1.31001,1.30936,1.30953,982
1763975700,1.30954,1.30998,1.30928,1.30987,880
1763976600,1.30988,1.30999,1.30924,1.30931,746
1763977500,1.30932,1.30949,1.30888,1.30902,804
1763978400,1.30903,1.31101,1.30892,1.31069,1338
1763979300,1.31068,1.31093,1.30999,1.31020,1356
1763980200,1.31021,1.31041,1.30941,1.30992,1099
1763981100,1.30991,1.31001,1.30941,1.30953,990
1763982000,1.30954,1.30985,1.30906,1.30927,962
1763982900,1.30928,1.30952,1.30879,1.30899,943
1763983800,1.30900,1.30947,1.30893,1.30919,527
1763984700,1.30918,1.30939,1.30897,1.30898,652
1763985600,1.30897,1.30980,1.30897,1.30969,510
1763986500,1.30970,1.30985,1.30900,1.30921,727
1763987400,1.30920,1.30964,1.30889,1.30942,560
1763988300,1.30941,1.30974,1.30910,1.30939,518
1763989200,1.30938,1.30941,1.30894,1.30907,436
1763990100,1.30909,1.30940,1.30896,1.30940,346
1763991000,1.30941,1.30961,1.30894,1.30920,531
1763991900,1.30922,1.30964,1.30909,1.30913,603
1763992800,1.30912,1.30935,1.30879,1.30915,723
1763993700,1.30916,1.31062,1.30916,1.31047,580
1763994600,1.31048,1.31119,1.31048,1.31117,651
1763995500,1.31118,1.31159,1.31073,1.31117,671
1763996400,1.31118,1.31172,1.31100,1.31131,656
1763997300,1.31132,1.31176,1.31117,1.31167,584
1763998200,1.31166,1.31180,1.31076,1.31080,391
1763999100,1.31079,1.31157,1.31043,1.31055,754
1764000000,1.31053,1.31062,1.30975,1.30979,807
1764000900,1.30980,1.30983,1.30851,1.30890,1065
1764001800,1.30889,1.30941,1.30851,1.30879,1375
1764002700,1.30880,1.30938,1.30852,1.30920,1560
1764003600,1.30921,1.30931,1.30835,1.30877,1474
1764004500,1.30876,1.30899,1.30820,1.30841,1161
1764005400,1.30840,1.30919,1.30808,1.30870,745
1764006300,1.30869,1.30998,1.30806,1.30983,1300
1764007200,1.30981,1.31063,1.30967,1.31061,1234
1764008100,1.31064,1.31075,1.30999,1.31000,488
1764009000,1.30999,1.31067,1.30984,1.31039,1041
1764009900,1.31040,1.31042,1.30944,1.30951,645
1764010800,1.30952,1.30970,1.30863,1.30910,800
1764011700,1.30909,1.30943,1.30855,1.30885,716
1764012600,1.30884,1.31018,1.30861,1.31012,969
1764013500,1.31013,1.31047,1.30970,1.31007,691
1764014400,1.31006,1.31059,1.30999,1.31046,660
1764015300,1.31047,1.31050,1.31022,1.31041,431
1764016200,1.31040,1.31084,1.31026,1.31071,591
1764017100,1.31072,1.31159,1.31046,1.31157,628
1764018000,1.31150,1.31165,1.31095,1.31104,582
1764018900,1.31100,1.31123,1.31096,1.31107,366
1764019800,1.31106,1.31115,1.31085,1.31086,384
1764020700,1.31084,1.31113,1.31053,1.31090,599
1764021600,1.31093,1.31106,1.31073,1.31099,488
1764022500,1.31098,1.31116,1.31080,1.31086,144
1764023400,1.31084,1.31103,1.31070,1.31099,175
1764024300,1.31100,1.31112,1.31085,1.31087,255
1764025200,1.31085,1.31102,1.31071,1.31098,115
1764026100,1.31097,1.31097,1.31082,1.31082,91
1764027000,1.31081,1.31081,1.31066,1.31069,75
1764027900,1.31070,1.31074,1.31060,1.31061,28
1764028800,1.31037,1.31062,1.31037,1.31046,51
1764029700,1.31047,1.31072,1.31036,1.31070,69
1764030600,1.31070,1.31082,1.31067,1.31078,128
1764031500,1.31078,1.31090,1.31060,1.31063,273
1764032400,1.31064,1.31084,1.31049,1.31075,173
1764033300,1.31076,1.31079,1.31070,1.31077,45
1764034200,1.31077,1.31077,1.31056,1.31057,205
1764035100,1.31057,1.31069,1.31041,1.31056,91
1764036000,1.31057,1.31060,1.31023,1.31041,211
1764036900,1.31040,1.31049,1.31025,1.31028,188
1764037800,1.31027,1.31050,1.31025,1.31037,392
1764038700,1.31038,1.31080,1.31033,1.31080,478
1764039600,1.31079,1.31140,1.31077,1.31102,689
1764040500,1.31103,1.31152,1.31103,1.31120,544
1764041400,1.31119,1.31160,1.31118,1.31129,597
1764042300,1.31125,1.31128,1.31071,1.31079,534
1764043200,1.31078,1.31112,1.31075,1.31099,580
1764044100,1.31100,1.31111,1.31076,1.31082,365
1764045000,1.31081,1.31093,1.31054,1.31075,484
1764045900,1.31074,1.31130,1.31071,1.31129,371
1764046800,1.31128,1.31159,1.31108,1.31108,536
1764047700,1.31109,1.31111,1.31059,1.31060,655
1764048600,1.31058,1.31096,1.31024,1.31035,526
1764049500,1.31036,1.31042,1.30994,1.31001,439
1764050400,1.30999,1.31001,1.30979,1.30980,189
1764051300,1.30981,1.30992,1.30970,1.30973,231
1764052200,1.30972,1.31000,1.30967,1.30992,271
1764053100,1.30990,1.30993,1.30977,1.30983,145
1764054000,1.30982,1.31023,1.30980,1.31004,380
1764054900,1.31005,1.31007,1.30962,1.30968,537
1764055800,1.30967,1.30991,1.30958,1.30990,226
1764056700,1.30992,1.31038,1.30992,1.31017,441
1764057600,1.31016,1.31044,1.31003,1.31023,613
1764058500,1.31024,1.31043,1.31005,1.31043,398
1764059400,1.31042,1.31062,1.31030,1.31059,286
1764060300,1.31060,1.31061,1.30984,1.31039,515
1764061200,1.31041,1.31169,1.31040,1.31131,854
1764062100,1.31132,1.31171,1.31122,1.31164,515
1764063000,1.31166,1.31281,1.31157,1.31264,471
1764063900,1.31265,1.31287,1.31157,1.31218,1032
1764064800,1.31221,1.31245,1.31154,1.31190,1093
1764065700,1.31191,1.31241,1.31151,1.31208,791
1764066600,1.31207,1.31284,1.31133,1.31152,840
1764067500,1.31153,1.31178,1.31095,1.31095,729
1764068400,1.31097,1.31208,1.31087,1.31207,647
1764069300,1.31208,1.31285,1.31192,1.31241,834
1764070200,1.31240,1.31382,1.31240,1.31377,680
1764071100,1.31378,1.31379,1.31301,1.31352,744
1764072000,1.31351,1.31404,1.31278,1.31388,691
1764072900,1.31389,1.31402,1.31331,1.31344,580
1764073800,1.31343,1.31348,1.31247,1.31248,522
1764074700,1.31250,1.31332,1.31233,1.31299,570
1764075600,1.31298,1.31298,1.31207,1.31240,549
1764076500,1.31239,1.31247,1.31142,1.31148,569
1764077400,1.31144,1.31195,1.31141,1.31194,463
1764078300,1.31196,1.31196,1.31096,1.31121,650
1764079200,1.31119,1.31146,1.31092,1.31116,647
1764080100,1.31117,1.31210,1.31109,1.31208,654
1764081000,1.31207,1.31387,1.31191,1.31284,1350
1764081900,1.31285,1.31373,1.31217,1.31351,1983
1764082800,1.31348,1.31474,1.31325,1.31454,1481
1764083700,1.31455,1.31563,1.31451,1.31495,1325
1764084600,1.31496,1.31598,1.31403,1.31431,1740
1764085500,1.31430,1.31552,1.31430,1.31538,850
1764086400,1.31537,1.31679,1.31529,1.31576,1093
1764087300,1.31577,1.31641,1.31544,1.31600,900
1764088200,1.31599,1.31790,1.31588,1.31737,1737
1764089100,1.31736,1.31830,1.31705,1.31780,1722
1764090000,1.31779,1.31837,1.31743,1.31779,1728
1764090900,1.31778,1.31881,1.31768,1.31867,1495
1764091800,1.31866,1.31958,1.31826,1.31847,1126
1764092700,1.31846,1.31852,1.31735,1.31768,1630
1764093600,1.31767,1.31836,1.31755,1.31831,997
1764094500,1.31830,1.31857,1.31825,1.31830,674
1764095400,1.31829,1.31838,1.31757,1.31777,646
1764096300,1.31778,1.31781,1.31711,1.31719,734
1764097200,1.31720,1.31964,1.31715,1.31861,2342
1764098100,1.31859,1.32012,1.31842,1.31919,1034
1764099000,1.31918,1.32005,1.31911,1.31988,839
1764099900,1.31989,1.32043,1.31927,1.32009,924
1764100800,1.32011,1.32088,1.31983,1.32051,1104
1764101700,1.32052,1.32091,1.32020,1.32058,727
1764102600,1.32057,1.32138,1.32027,1.32115,438
1764103500,1.32116,1.32128,1.32046,1.32057,583
1764104400,1.32056,1.32087,1.32049,1.32064,512
1764105300,1.32065,1.32068,1.32018,1.32026,377
1764106200,1.32027,1.32069,1.32016,1.32037,413
1764107100,1.32038,1.32139,1.32006,1.32119,517
1764108000,1.32118,1.32142,1.32080,1.32082,529
1764108900,1.32083,1.32087,1.31760,1.31760,1169
1764109800,1.31759,1.31789,1.31608,1.31625,927
1764110700,1.31626,1.31629,1.31536,1.31619,843
1764111600,1.31618,1.31667,1.31618,1.31660,266
1764112500,1.31659,1.31716,1.31629,1.31702,245
1764113400,1.31701,1.31703,1.31648,1.31662,202
1764114300,1.31663,1.31676,1.31645,1.31666,226
1764115200,1.31631,1.31646,1.31602,1.31611,38
1764116100,1.31613,1.31672,1.31611,1.31653,56
1764117000,1.31654,1.31699,1.31633,1.31638,88
1764117900,1.31638,1.31662,1.31632,1.31647,169
1764118800,1.31639,1.31704,1.31599,1.31690,229
1764119700,1.31689,1.31689,1.31658,1.31687,167
1764120600,1.31687,1.31687,1.31629,1.31636,172
1764121500,1.31637,1.31638,1.31579,1.31580,155
1764122400,1.31581,1.31678,1.31581,1.31654,323
1764123300,1.31655,1.31706,1.31633,1.31706,260
1764124200,1.31704,1.31736,1.31649,1.31652,564
1764125100,1.31653,1.31687,1.31612,1.31685,398
1764126000,1.31686,1.31718,1.31658,1.31660,831
1764126900,1.31660,1.31733,1.31660,1.31721,785
1764127800,1.31720,1.31878,1.31720,1.31830,1176
1764128700,1.31830,1.31835,1.31733,1.31786,840
1764129600,1.31785,1.31932,1.31770,1.31910,726
1764130500,1.31909,1.31930,1.31886,1.31921,664
1764131400,1.31919,1.31938,1.31873,1.31895,675
1764132300,1.31896,1.31915,1.31854,1.31872,641
1764133200,1.31871,1.31931,1.31868,1.31914,399
1764134100,1.31915,1.31939,1.31885,1.31928,407
1764135000,1.31927,1.31957,1.31919,1.31939,317
1764135900,1.31940,1.31972,1.31940,1.31962,278
1764136800,1.31961,1.31972,1.31925,1.31936,474
1764137700,1.31937,1.31937,1.31888,1.31897,218
1764138600,1.31896,1.31920,1.31882,1.31917,177
1764139500,1.31916,1.31916,1.31874,1.31877,189
1764140400,1.31876,1.31910,1.31867,1.31884,167
1764141300,1.31882,1.31904,1.31881,1.31898,122
1764142200,1.31897,1.31908,1.31878,1.31886,151
1764143100,1.31887,1.31919,1.31881,1.31915,407
1764144000,1.31914,1.31928,1.31876,1.31925,370
1764144900,1.31926,1.31981,1.31915,1.31976,309
1764145800,1.31975,1.31979,1.31898,1.31904,257
1764146700,1.31905,1.31906,1.31833,1.31888,320
1764147600,1.31887,1.31944,1.31858,1.31858,729
1764148500,1.31859,1.31878,1.31719,1.31720,578
1764149400,1.31721,1.31800,1.31719,1.31757,652
1764150300,1.31753,1.31794,1.31654,1.31790,1209
1764151200,1.31789,1.31819,1.31714,1.31803,1091
1764152100,1.31804,1.31871,1.31797,1.31837,582
1764153000,1.31838,1.31869,1.31785,1.31838,702
1764153900,1.31839,1.31844,1.31678,1.31735,1404
1764154800,1.31736,1.31807,1.31708,1.31794,744
1764155700,1.31795,1.31802,1.31733,1.31750,593
1764156600,1.31749,1.31797,1.31701,1.31775,665
1764157500,1.31776,1.31779,1.31683,1.31742,727
1764158400,1.31740,1.31770,1.31667,1.31707,740
1764159300,1.31709,1.31736,1.31657,1.31663,581
1764160200,1.31662,1.31689,1.31576,1.31689,600
1764161100,1.31690,1.31690,1.31609,1.31618,690
1764162000,1.31617,1.31617,1.31536,1.31539,520
1764162900,1.31538,1.31549,1.31510,1.31530,544
1764163800,1.31529,1.32015,1.31502,1.31868,1934
1764164700,1.31867,1.31975,1.31655,1.31726,3059
1764165600,1.31726,1.31729,1.31244,1.31348,3958
1764166500,1.31346,1.31585,1.31315,1.31537,1893
1764167400,1.31542,1.31667,1.31407,1.31661,1284
1764168300,1.31659,1.31891,1.31645,1.31843,1391
1764169200,1.31842,1.31973,1.31767,1.31942,996
1764170100,1.31942,1.32243,1.31942,1.32196,1493
1764171000,1.32194,1.32194,1.31912,1.31953,2640
1764171900,1.31954,1.32007,1.31823,1.31925,2309
1764172800,1.31927,1.31954,1.31848,1.31950,1494
1764173700,1.31949,1.32028,1.31892,1.31900,1245
1764174600,1.31899,1.32007,1.31884,1.31967,1241
1764175500,1.31968,1.32075,1.31955,1.31985,1407
1764176400,1.31982,1.32195,1.31955,1.32193,1659
1764177300,1.32194,1.32348,1.32075,1.32195,1702
1764178200,1.32193,1.32202,1.32058,1.32157,1112
1764179100,1.32157,1.32288,1.32143,1.32258,1304
1764180000,1.32260,1.32379,1.32239,1.32268,1043
1764180900,1.32269,1.32341,1.32268,1.32320,1150
1764181800,1.32321,1.32338,1.32257,1.32298,873
1764182700,1.32297,1.32324,1.32193,1.32256,1044
1764183600,1.32255,1.32303,1.32241,1.32245,997
1764184500,1.32246,1.32270,1.32193,1.32220,834
1764185400,1.32219,1.32264,1.32196,1.32259,654
1764186300,1.32260,1.32281,1.32215,1.32261,709
1764187200,1.32262,1.32331,1.32253,1.32291,846
1764188100,1.32292,1.32331,1.32257,1.32299,513
1764189000,1.32298,1.32298,1.32238,1.32283,537
1764189900,1.32284,1.32341,1.32249,1.32340,580
1764190800,1.32341,1.32352,1.32301,1.32329,523
1764191700,1.32331,1.32356,1.32312,1.32325,332
1764192600,1.32326,1.32370,1.32325,1.32367,331
1764193500,1.32368,1.32369,1.32317,1.32345,397
1764194400,1.32345,1.32380,1.32325,1.32379,427
1764195300,1.32380,1.32418,1.32378,1.32378,442
1764196200,1.32377,1.32398,1.32369,1.32387,377
1764197100,1.32385,1.32388,1.32345,1.32359,459
1764198000,1.32358,1.32378,1.32355,1.32357,152
1764198900,1.32358,1.32383,1.32346,1.32382,97
1764199800,1.32381,1.32429,1.32370,1.32380,173
1764200700,1.32381,1.32417,1.32381,1.32405,123
1764201600,1.32363,1.32372,1.32362,1.32364,14
1764202500,1.32364,1.32396,1.32358,1.32372,63
1764203400,1.32372,1.32375,1.32368,1.32374,280
1764204300,1.32374,1.32378,1.32361,1.32361,48
1764205200,1.32361,1.32431,1.32352,1.32420,121
1764206100,1.32418,1.32418,1.32404,1.32417,107
1764207000,1.32416,1.32440,1.32415,1.32435,93
1764207900,1.32436,1.32474,1.32436,1.32447,54
1764208800,1.32445,1.32477,1.32435,1.32450,223
1764209700,1.32449,1.32470,1.32435,1.32467,150
1764210600,1.32466,1.32487,1.32457,1.32460,276
1764211500,1.32463,1.32502,1.32460,1.32482,421
1764212400,1.32481,1.32548,1.32481,1.32545,581
1764213300,1.32546,1.32565,1.32487,1.32556,639
1764214200,1.32557,1.32568,1.32514,1.32530,646
1764215100,1.32532,1.32608,1.32529,1.32570,803
1764216000,1.32571,1.32627,1.32560,1.32588,620
1764216900,1.32589,1.32611,1.32556,1.32565,617
1764217800,1.32564,1.32594,1.32554,1.32588,392
1764218700,1.32589,1.32589,1.32489,1.32514,610
1764219600,1.32513,1.32531,1.32497,1.32505,516
1764220500,1.32506,1.32510,1.32484,1.32488,393
1764221400,1.32489,1.32553,1.32479,1.32544,371
1764222300,1.32543,1.32574,1.32528,1.32557,366
1764223200,1.32558,1.32579,1.32544,1.32557,336
1764224100,1.32558,1.32641,1.32556,1.32640,386
1764225000,1.32639,1.32682,1.32560,1.32565,382
1764225900,1.32566,1.32597,1.32559,1.32571,222
1764226800,1.32570,1.32618,1.32567,1.32599,290
1764227700,1.32600,1.32660,1.32578,1.32638,442
1764228600,1.32636,1.32688,1.32600,1.32607,629
1764229500,1.32608,1.32651,1.32585,1.32589,767
1764230400,1.32592,1.32640,1.32592,1.32607,419
1764231300,1.32608,1.32621,1.32514,1.32528,474
1764232200,1.32527,1.32566,1.32455,1.32459,663
1764233100,1.32460,1.32483,1.32391,1.32431,539
1764234000,1.32429,1.32450,1.32406,1.32447,432
1764234900,1.32449,1.32450,1.32376,1.32400,501
1764235800,1.32399,1.32400,1.32308,1.32316,408
1764236700,1.32317,1.32396,1.32294,1.32388,541
1764237600,1.32387,1.32420,1.32259,1.32261,802
1764238500,1.32256,1.32283,1.32211,1.32261,601
1764239400,1.32260,1.32289,1.32193,1.32194,484
1764240300,1.32195,1.32247,1.32180,1.32232,477
1764241200,1.32230,1.32236,1.32100,1.32108,798
1764242100,1.32109,1.32136,1.32101,1.32110,618
1764243000,1.32109,1.32139,1.32105,1.32136,518
1764243900,1.32137,1.32178,1.32131,1.32139,709
1764244800,1.32137,1.32190,1.32121,1.32168,608
1764245700,1.32166,1.32219,1.32162,1.32206,453
1764246600,1.32207,1.32271,1.32189,1.32251,518
1764247500,1.32252,1.32272,1.32205,1.32241,567
1764248400,1.32239,1.32283,1.32218,1.32218,509
1764249300,1.32220,1.32270,1.32207,1.32270,461
1764250200,1.32269,1.32279,1.32249,1.32257,418
1764251100,1.32258,1.32322,1.32258,1.32297,454
1764252000,1.32296,1.32313,1.32255,1.32301,517
1764252900,1.32302,1.32339,1.32287,1.32310,416
1764253800,1.32309,1.32339,1.32305,1.32330,437
1764254700,1.32332,1.32346,1.32313,1.32333,536
1764255600,1.32332,1.32381,1.32330,1.32376,405
1764256500,1.32372,1.32448,1.32343,1.32438,553
1764257400,1.32439,1.32491,1.32398,1.32408,648
1764258300,1.32407,1.32481,1.32393,1.32434,499
1764259200,1.32432,1.32452,1.32387,1.32389,510
1764260100,1.32390,1.32398,1.32333,1.32341,276
1764261000,1.32340,1.32354,1.32290,1.32338,401
1764261900,1.32337,1.32370,1.32330,1.32339,479
1764262800,1.32338,1.32386,1.32327,1.32377,400
1764263700,1.32378,1.32462,1.32367,1.32457,483
1764264600,1.32454,1.32470,1.32413,1.32467,456
1764265500,1.32468,1.32522,1.32434,1.32512,491
1764266400,1.32511,1.32549,1.32471,1.32547,528
1764267300,1.32548,1.32551,1.32495,1.32539,216
1764268200,1.32540,1.32540,1.32418,1.32431,200
1764269100,1.32430,1.32442,1.32397,1.32440,181
1764270000,1.32442,1.32479,1.32378,1.32389,199
1764270900,1.32388,1.32389,1.32333,1.32358,203
1764271800,1.32357,1.32396,1.32309,1.32313,287
1764272700,1.32310,1.32381,1.32307,1.32380,146
1764273600,1.32379,1.32387,1.32346,1.32348,133
1764274500,1.32349,1.32369,1.32338,1.32368,118
1764275400,1.32369,1.32381,1.32365,1.32367,86
1764276300,1.32368,1.32370,1.32341,1.32347,140
1764277200,1.32346,1.32369,1.32346,1.32363,122
1764278100,1.32364,1.32374,1.32359,1.32371,95
1764279000,1.32370,1.32379,1.32360,1.32368,61
1764279900,1.32370,1.32383,1.32368,1.32373,83
1764280800,1.32372,1.32378,1.32361,1.32365,159
1764281700,1.32364,1.32374,1.32360,1.32363,161
1764282600,1.32364,1.32384,1.32363,1.32374,655
1764283500,1.32378,1.32381,1.32361,1.32372,84
1764284400,1.32372,1.32388,1.32367,1.32380,94
1764285300,1.32379,1.32405,1.32378,1.32402,86
1764286200,1.32401,1.32401,1.32389,1.32394,65
1764287100,1.32394,1.32398,1.32386,1.32386,36
1764288000,1.32307,1.32333,1.32305,1.32314,51
1764288900,1.32314,1.32360,1.32310,1.32354,160
1764289800,1.32354,1.32362,1.32324,1.32338,84
1764290700,1.32340,1.32353,1.32310,1.32343,167
1764291600,1.32342,1.32399,1.32300,1.32393,141
1764292500,1.32393,1.32400,1.32391,1.32397,29
1764293400,1.32397,1.32408,1.32389,1.32408,48
1764294300,1.32407,1.32409,1.32403,1.32404,32
1764295200,1.32403,1.32442,1.32398,1.32440,264
1764296100,1.32441,1.32441,1.32398,1.32399,800
1764297000,1.32398,1.32428,1.32377,1.32379,374
1764297900,1.32380,1.32381,1.32330,1.32362,346
1764298800,1.32361,1.32425,1.32361,1.32387,624
1764299700,1.32388,1.32393,1.32345,1.32357,314
1764300600,1.32356,1.32365,1.32298,1.32330,352
1764301500,1.32332,1.32333,1.32285,1.32330,268
1764302400,1.32329,1.32365,1.32328,1.32333,662
1764303300,1.32335,1.32367,1.32306,1.32357,1286
1764304200,1.32356,1.32392,1.32310,1.32327,3113
1764305100,1.32327,1.32367,1.32285,1.32356,2307
1764306000,1.32355,1.32407,1.32301,1.32378,2321
1764306900,1.32379,1.32430,1.32337,1.32411,1145
1764307800,1.32410,1.32443,1.32376,1.32385,579
1764308700,1.32383,1.32440,1.32350,1.32386,1305
1764309600,1.32385,1.32435,1.32354,1.32418,1552
1764310500,1.32417,1.32425,1.32335,1.32359,1947
1764311400,1.32359,1.32396,1.32357,1.32379,546
1764312300,1.32380,1.32407,1.32349,1.32389,2320
1764313200,1.32377,1.32409,1.32355,1.32355,1486
1764314100,1.32354,1.32376,1.32321,1.32352,894
1764315000,1.32351,1.32359,1.32271,1.32302,1557
1764315900,1.32298,1.32347,1.32283,1.32328,1438
1764316800,1.32330,1.32345,1.32277,1.32306,1557
1764317700,1.32305,1.32312,1.32251,1.32280,2577
1764318600,1.32279,1.32285,1.32220,1.32225,1758
1764319500,1.32229,1.32237,1.32158,1.32163,2299
1764320400,1.32160,1.32183,1.32154,1.32172,2851
1764321300,1.32172,1.32195,1.32161,1.32176,3242
1764322200,1.32176,1.32201,1.32153,1.32156,4002
1764323100,1.32155,1.32167,1.32101,1.32132,3219
1764324000,1.32131,1.32146,1.32075,1.32093,3894
1764324900,1.32094,1.32108,1.32071,1.32079,1935
1764325800,1.32079,1.32132,1.32059,1.32085,2055
1764326700,1.32083,1.32098,1.32018,1.32029,2867
1764327600,1.32030,1.32159,1.32015,1.32130,4454
1764328500,1.32134,1.32178,1.32093,1.32132,4143
1764329400,1.32132,1.32277,1.32093,1.32235,3447
1764330300,1.32234,1.32238,1.32080,1.32081,4548
1764331200,1.32081,1.32091,1.32026,1.32079,4327
1764332100,1.32079,1.32144,1.32061,1.32122,4721
1764333000,1.32121,1.32131,1.32055,1.32069,3189
1764333900,1.32069,1.32116,1.32032,1.32072,3655
1764334800,1.32072,1.32115,1.32029,1.32084,4393
1764335700,1.32085,1.32122,1.32035,1.32061,4222
1764336600,1.32063,1.32102,1.32036,1.32063,4948
1764337500,1.32064,1.32131,1.32012,1.32021,4264
1764338400,1.32020,1.32097,1.32009,1.32072,3619
1764339300,1.32073,1.32147,1.32071,1.32137,2899
1764340200,1.32135,1.32145,1.32106,1.32130,2543
1764341100,1.32132,1.32211,1.32124,1.32177,3789
1764342000,1.32176,1.32189,1.32114,1.32121,3281
1764342900,1.32124,1.32183,1.32120,1.32172,3340
1764343800,1.32171,1.32233,1.32135,1.32221,4781
1764344700,1.32221,1.32280,1.32197,1.32257,3107
1764345600,1.32259,1.32294,1.32252,1.32278,1069
1764346500,1.32279,1.32280,1.32162,1.32192,463
1764347400,1.32191,1.32269,1.32170,1.32226,642
1764348300,1.32226,1.32311,1.32202,1.32306,866
1764349200,1.32305,1.32305,1.32197,1.32216,689
1764350100,1.32215,1.32236,1.32128,1.32145,1669
1764351000,1.32149,1.32251,1.32059,1.32219,1914
1764351900,1.32220,1.32547,1.32207,1.32513,1978
1764352800,1.32512,1.32520,1.32439,1.32460,2016
1764353700,1.32464,1.32494,1.32350,1.32374,1035
1764354600,1.32373,1.32458,1.32352,1.32431,836
1764355500,1.32433,1.32448,1.32353,1.32359,640
1764356400,1.32361,1.32375,1.32315,1.32339,588
1764357300,1.32340,1.32350,1.32271,1.32290,491
1764358200,1.32289,1.32375,1.32287,1.32363,577
1764359100,1.32364,1.32401,1.32332,1.32369,515
1764360000,1.32370,1.32376,1.32320,1.32336,607
1764360900,1.32337,1.32376,1.32330,1.32374,177
1764361800,1.32373,1.32378,1.32302,1.32320,266
1764362700,1.32321,1.32373,1.32320,1.32373,434
1764363600,1.32374,1.32412,1.32371,1.32392,400
1764364500,1.32393,1.32420,1.32389,1.32413,293
1764365400,1.32416,1.32419,1.32391,1.32409,206
1764366300,1.32410,1.32464,1.32408,1.32455,664
1764367200,1.32457,1.32467,1.32433,1.32443,175
1764368100,1.32444,1.32455,1.32434,1.32449,141
1764369000,1.32450,1.32459,1.32440,1.32446,190
1764369900,1.32447,1.32449,1.32422,1.32422,390
1764370800,1.32429,1.32439,1.32344,1.32350,647
1764371700,1.32350,1.32434,1.32344,1.32428,221
1764372600,1.32427,1.32427,1.32343,1.32346,185
1764373500,1.32347,1.32374,1.32300,1.32374,564
1764547200,1.32234,1.32261,1.32229,1.32251,95
1764548100,1.32251,1.32297,1.32207,1.32297,611
1764549000,1.32296,1.32302,1.32283,1.32287,94
1764549900,1.32287,1.32304,1.32286,1.32295,104
1764550800,1.32294,1.32485,1.32292,1.32477,199
1764551700,1.32476,1.32476,1.32363,1.32363,316
1764552600,1.32364,1.32368,1.32346,1.32359,199
1764553500,1.32360,1.32391,1.32331,1.32387,225
1764554400,1.32388,1.32439,1.32388,1.32389,521
1764555300,1.32390,1.32418,1.32368,1.32400,379
1764556200,1.32399,1.32428,1.32383,1.32403,439
1764557100,1.32404,1.32413,1.32364,1.32367,562
1764558000,1.32364,1.32459,1.32310,1.32428,1621
1764558900,1.32426,1.32468,1.32415,1.32462,596
1764559800,1.32463,1.32468,1.32350,1.32394,734
1764560700,1.32395,1.32440,1.32363,1.32379,548
1764561600,1.32378,1.32400,1.32301,1.32343,650
1764562500,1.32344,1.32345,1.32259,1.32290,461
1764563400,1.32289,1.32319,1.32288,1.32290,442
1764564300,1.32292,1.32305,1.32247,1.32277,447
1764565200,1.32276,1.32278,1.32222,1.32239,486
1764566100,1.32240,1.32285,1.32233,1.32282,340
1764567000,1.32281,1.32285,1.32253,1.32274,395
1764567900,1.32277,1.32311,1.32272,1.32306,435
1764568800,1.32307,1.32314,1.32280,1.32293,306
1764569700,1.32294,1.32313,1.32265,1.32311,366
1764570600,1.32310,1.32338,1.32289,1.32296,292
1764571500,1.32297,1.32300,1.32269,1.32269,351
1764572400,1.32270,1.32309,1.32248,1.32305,483
1764573300,1.32307,1.32313,1.32277,1.32300,410
1764574200,1.32299,1.32307,1.32238,1.32254,409
1764575100,1.32253,1.32294,1.32187,1.32213,530
1764576000,1.32210,1.32226,1.32151,1.32200,649
1764576900,1.32204,1.32221,1.32137,1.32158,478
1764577800,1.32159,1.32177,1.32126,1.32133,571
1764578700,1.32134,1.32162,1.32105,1.32160,526
1764579600,1.32165,1.32219,1.32131,1.32156,642
1764580500,1.32157,1.32290,1.32145,1.32289,675
1764581400,1.32289,1.32311,1.32233,1.32308,643
1764582300,1.32309,1.32366,1.32181,1.32202,1017
1764583200,1.32203,1.32279,1.32122,1.32251,1440
1764584100,1.32252,1.32295,1.32172,1.32177,938
1764585000,1.32178,1.32179,1.32056,1.32088,826
1764585900,1.32089,1.32211,1.32089,1.32109,1148
1764586800,1.32110,1.32239,1.32110,1.32227,1174
1764587700,1.32226,1.32277,1.32173,1.32267,740
1764588600,1.32266,1.32313,1.32239,1.32308,1073
1764589500,1.32307,1.32354,1.32278,1.32331,882
1764590400,1.32328,1.32334,1.32270,1.32293,994
1764591300,1.32295,1.32299,1.32221,1.32278,823
1764592200,1.32277,1.32309,1.32190,1.32196,693
1764593100,1.32197,1.32301,1.32176,1.32283,889
1764594000,1.32281,1.32290,1.32207,1.32217,909
1764594900,1.32218,1.32331,1.32209,1.32299,816
1764595800,1.32298,1.32367,1.32296,1.32347,698
1764596700,1.32349,1.32353,1.32294,1.32335,964
1764597600,1.32336,1.32428,1.32332,1.32425,1008
1764598500,1.32421,1.32503,1.32413,1.32453,1116
1764599400,1.32452,1.32552,1.32447,1.32543,946
1764600300,1.32544,1.32699,1.32544,1.32674,1183
1764601200,1.32673,1.32756,1.32646,1.32655,1519
1764602100,1.32656,1.32665,1.32599,1.32632,1174
1764603000,1.32631,1.32730,1.32594,1.32718,1068
1764603900,1.32717,1.32744,1.32629,1.32661,1194
1764604800,1.32660,1.32661,1.32488,1.32544,1286
1764605700,1.32545,1.32585,1.32521,1.32550,1338
1764606600,1.32549,1.32570,1.32439,1.32517,1730
1764607500,1.32517,1.32521,1.32452,1.32486,1540
1764608400,1.32514,1.32597,1.32473,1.32479,1960
1764609300,1.32480,1.32539,1.32444,1.32491,1426
1764610200,1.32489,1.32489,1.32302,1.32390,1686
1764611100,1.32390,1.32541,1.32367,1.32520,1597
1764612000,1.32521,1.32525,1.32358,1.32366,1343
1764612900,1.32365,1.32374,1.32225,1.32240,1119
1764613800,1.32241,1.32339,1.32241,1.32337,1097
1764614700,1.32338,1.32340,1.32257,1.32270,1050
1764615600,1.32271,1.32321,1.32243,1.32251,898
1764616500,1.32250,1.32282,1.32214,1.32282,806
1764617400,1.32281,1.32314,1.32267,1.32302,680
1764618300,1.32303,1.32303,1.32217,1.32247,626
1764619200,1.32246,1.32279,1.32218,1.32242,665
1764620100,1.32239,1.32241,1.32129,1.32140,575
1764621000,1.32141,1.32171,1.32127,1.32166,479
1764621900,1.32167,1.32184,1.32143,1.32152,636
1764622800,1.32150,1.32152,1.32096,1.32108,490
1764623700,1.32109,1.32130,1.32084,1.32109,444
1764624600,1.32108,1.32131,1.32096,1.32107,457
1764625500,1.32108,1.32145,1.32093,1.32125,520
1764626400,1.32124,1.32147,1.32111,1.32134,428
1764627300,1.32132,1.32132,1.32103,1.32107,250
1764628200,1.32105,1.32132,1.32095,1.32119,394
1764629100,1.32120,1.32138,1.32113,1.32134,229
1764630000,1.32133,1.32147,1.32109,1.32118,143
1764630900,1.32119,1.32141,1.32104,1.32140,125
1764631800,1.32139,1.32139,1.32129,1.32129,61
1764632700,1.32129,1.32143,1.32129,1.32139,59
1764633600,1.32158,1.32161,1.32098,1.32098,30
1764634500,1.32097,1.32116,1.32097,1.32114,31
1764635400,1.32114,1.32123,1.32112,1.32115,40
1764636300,1.32115,1.32120,1.32089,1.32097,116
1764637200,1.32096,1.32118,1.32096,1.32118,88
1764638100,1.32118,1.32126,1.32112,1.32117,42
1764639000,1.32116,1.32117,1.32106,1.32108,31
1764639900,1.32107,1.32107,1.32088,1.32089,31
1764640800,1.32090,1.32117,1.32089,1.32098,115
1764641700,1.32099,1.32101,1.32071,1.32071,139
1764642600,1.32070,1.32081,1.32052,1.32070,243
1764643500,1.32069,1.32077,1.32052,1.32068,234
1764644400,1.32069,1.32076,1.32042,1.32049,443
1764645300,1.32050,1.32067,1.32031,1.32067,344
1764646200,1.32066,1.32132,1.32065,1.32115,371
1764647100,1.32116,1.32142,1.32116,1.32122,322
1764648000,1.32121,1.32122,1.32108,1.32113,251
1764648900,1.32114,1.32142,1.32114,1.32140,230
1764649800,1.32138,1.32162,1.32129,1.32148,272
1764650700,1.32149,1.32170,1.32148,1.32161,268
1764651600,1.32160,1.32172,1.32131,1.32146,444
1764652500,1.32147,1.32156,1.32129,1.32148,371
1764653400,1.32149,1.32165,1.32138,1.32151,218
1764654300,1.32150,1.32181,1.32148,1.32172,172
1764655200,1.32175,1.32218,1.32175,1.32197,213
1764656100,1.32198,1.32205,1.32186,1.32187,271
1764657000,1.32186,1.32197,1.32181,1.32190,205
1764657900,1.32188,1.32188,1.32157,1.32161,286
1764658800,1.32160,1.32173,1.32127,1.32130,230
1764659700,1.32129,1.32132,1.32117,1.32129,128
1764660600,1.32129,1.32149,1.32112,1.32149,137
1764661500,1.32150,1.32162,1.32139,1.32145,195
1764662400,1.32143,1.32159,1.32095,1.32095,273
1764663300,1.32096,1.32121,1.32079,1.32099,500
1764664200,1.32100,1.32117,1.32089,1.32099,341
1764665100,1.32100,1.32150,1.32083,1.32129,475
1764666000,1.32127,1.32189,1.32122,1.32189,634
1764666900,1.32191,1.32197,1.32127,1.32136,421
1764667800,1.32132,1.32164,1.32089,1.32118,622
1764668700,1.32119,1.32177,1.32107,1.32153,721
1764669600,1.32155,1.32170,1.32081,1.32109,992
1764670500,1.32110,1.32172,1.32081,1.32155,873
1764671400,1.32156,1.32199,1.32107,1.32142,706
1764672300,1.32141,1.32171,1.32098,1.32120,824
1764673200,1.32119,1.32201,1.32109,1.32189,885
1764674100,1.32190,1.32209,1.32109,1.32139,735
1764675000,1.32138,1.32139,1.32076,1.32103,670
1764675900,1.32104,1.32180,1.32006,1.32107,1075
1764676800,1.32105,1.32120,1.31897,1.31957,1069
1764677700,1.31956,1.31964,1.31809,1.31835,1312
1764678600,1.31834,1.31909,1.31834,1.31908,726
1764679500,1.31909,1.31961,1.31878,1.31956,901
1764680400,1.31955,1.31973,1.31918,1.31947,786
1764681300,1.31948,1.32013,1.31931,1.32008,712
1764682200,1.32009,1.32020,1.31946,1.31973,810
1764683100,1.31976,1.32014,1.31956,1.31985,602
1764684000,1.31984,1.32006,1.31949,1.31977,523
1764684900,1.31978,1.32086,1.31950,1.32061,621
1764685800,1.32062,1.32084,1.32016,1.32068,548
1764686700,1.32069,1.32101,1.32058,1.32090,615
1764687600,1.32090,1.32093,1.32022,1.32065,690
1764688500,1.32068,1.32082,1.31996,1.32000,667
1764689400,1.31999,1.32034,1.31980,1.32021,545
1764690300,1.32022,1.32068,1.31976,1.32067,828
1764691200,1.32066,1.32111,1.32027,1.32093,985
1764692100,1.32094,1.32131,1.32052,1.32111,957
1764693000,1.32110,1.32110,1.32014,1.32019,1338
1764693900,1.32020,1.32121,1.31996,1.32108,1564
1764694800,1.32109,1.32123,1.31989,1.31999,1409
1764695700,1.32000,1.32029,1.31854,1.31903,1548
1764696600,1.31905,1.32131,1.31905,1.32098,1670
1764697500,1.32097,1.32135,1.31977,1.32010,1988
1764698400,1.32009,1.32040,1.31936,1.31968,1026
1764699300,1.31967,1.31974,1.31870,1.31951,952
1764700200,1.31950,1.31961,1.31868,1.31868,940
1764701100,1.31867,1.31920,1.31808,1.31836,1188
1764702000,1.31835,1.31871,1.31797,1.31826,944
1764702900,1.31827,1.31948,1.31801,1.31919,791
1764703800,1.31918,1.31951,1.31906,1.31912,678
1764704700,1.31911,1.31953,1.31893,1.31940,550
1764705600,1.31939,1.32021,1.31916,1.31990,581
1764706500,1.31991,1.32000,1.31978,1.31982,355
1764707400,1.31981,1.32003,1.31908,1.31917,374
1764708300,1.31911,1.31986,1.31907,1.31976,524
1764709200,1.31975,1.32033,1.31970,1.32022,486
1764710100,1.32020,1.32050,1.32017,1.32036,321
1764711000,1.32037,1.32045,1.32010,1.32039,373
1764711900,1.32041,1.32133,1.32035,1.32097,680
1764712800,1.32098,1.32145,1.32096,1.32099,542
1764713700,1.32100,1.32102,1.32067,1.32076,223
1764714600,1.32074,1.32108,1.32066,1.32100,248
1764715500,1.32101,1.32129,1.32101,1.32118,303
1764716400,1.32116,1.32116,1.32073,1.32080,118
1764717300,1.32079,1.32099,1.32066,1.32097,76
1764718200,1.32096,1.32126,1.32082,1.32118,137
1764719100,1.32119,1.32146,1.32114,1.32146,76
1764720000,1.31954,1.32058,1.31953,1.31986,147
1764720900,1.31987,1.32091,1.31974,1.31976,99
1764721800,1.31976,1.32105,1.31976,1.32098,117
1764722700,1.32098,1.32107,1.32005,1.32038,149
1764723600,1.32031,1.32152,1.32004,1.32147,140
1764724500,1.32147,1.32158,1.32145,1.32152,256
1764725400,1.32152,1.32201,1.32152,1.32201,83
1764726300,1.32202,1.32208,1.32188,1.32198,67
1764727200,1.32199,1.32216,1.32188,1.32207,148
1764728100,1.32208,1.32214,1.32195,1.32200,138
1764729000,1.32198,1.32221,1.32173,1.32209,681
1764729900,1.32210,1.32226,1.32202,1.32215,375
1764730800,1.32216,1.32259,1.32216,1.32242,400
1764731700,1.32243,1.32270,1.32235,1.32261,312
1764732600,1.32260,1.32270,1.32241,1.32259,292
1764733500,1.32260,1.32271,1.32248,1.32267,210
1764734400,1.32268,1.32276,1.32249,1.32272,176
1764735300,1.32273,1.32280,1.32245,1.32268,338
1764736200,1.32267,1.32288,1.32265,1.32287,225
1764737100,1.32288,1.32306,1.32285,1.32298,308
1764738000,1.32297,1.32307,1.32289,1.32289,243
1764738900,1.32290,1.32321,1.32288,1.32317,290
1764739800,1.32318,1.32319,1.32296,1.32302,489
1764740700,1.32305,1.32312,1.32287,1.32292,277
1764741600,1.32291,1.32293,1.32270,1.32279,262
1764742500,1.32280,1.32291,1.32275,1.32280,347
1764743400,1.32279,1.32313,1.32273,1.32309,197
1764744300,1.32310,1.32330,1.32304,1.32316,223
1764745200,1.32319,1.32371,1.32317,1.32370,224
1764746100,1.32369,1.32380,1.32360,1.32361,243
1764747000,1.32360,1.32370,1.32346,1.32351,304
1764747900,1.32352,1.32372,1.32343,1.32368,370
1764748800,1.32367,1.32394,1.32355,1.32393,419
1764749700,1.32394,1.32422,1.32384,1.32418,457
1764750600,1.32417,1.32423,1.32375,1.32379,419
1764751500,1.32380,1.32427,1.32375,1.32427,339
1764752400,1.32426,1.32521,1.32426,1.32504,781
1764753300,1.32503,1.32528,1.32448,1.32451,806
1764754200,1.32448,1.32469,1.32389,1.32399,604
1764755100,1.32400,1.32430,1.32382,1.32429,521
1764756000,1.32432,1.32455,1.32389,1.32431,661
1764756900,1.32433,1.32447,1.32377,1.32387,638
1764757800,1.32386,1.32511,1.32385,1.32487,618
1764758700,1.32488,1.32635,1.32449,1.32591,996
1764759600,1.32597,1.32619,1.32565,1.32598,996
1764760500,1.32599,1.32660,1.32587,1.32644,862
1764761400,1.32648,1.32842,1.32648,1.32811,1325
1764762300,1.32810,1.32848,1.32782,1.32787,1003
1764763200,1.32789,1.32846,1.32741,1.32832,650
1764764100,1.32833,1.32896,1.32833,1.32842,571
1764765000,1.32841,1.32895,1.32829,1.32841,628
1764765900,1.32842,1.32863,1.32793,1.32835,636
1764766800,1.32833,1.32859,1.32795,1.32857,549
1764767700,1.32856,1.32937,1.32856,1.32928,450
1764768600,1.32929,1.32946,1.32893,1.32893,529
1764769500,1.32892,1.32965,1.32864,1.32963,540
1764770400,1.32965,1.33008,1.32961,1.32988,789
1764771300,1.32987,1.33019,1.32942,1.32999,598
1764772200,1.33000,1.33018,1.32963,1.33009,613
1764773100,1.33010,1.33039,1.32987,1.32991,597
1764774000,1.32990,1.33127,1.32968,1.33040,1041
1764774900,1.33039,1.33152,1.33037,1.33038,1321
1764775800,1.33039,1.33135,1.33008,1.33126,1263
1764776700,1.33125,1.33128,1.32981,1.32993,1109
1764777600,1.32992,1.33012,1.32934,1.33001,1516
1764778500,1.32997,1.33010,1.32925,1.32948,1109
1764779400,1.32947,1.33105,1.32941,1.33087,1081
1764780300,1.33088,1.33169,1.33057,1.33135,1424
1764781200,1.33133,1.33201,1.33043,1.33117,1889
1764782100,1.33118,1.33258,1.33105,1.33227,1312
1764783000,1.33228,1.33268,1.33112,1.33145,1272
1764783900,1.33147,1.33316,1.33144,1.33312,1658
1764784800,1.33311,1.33475,1.33306,1.33450,1390
1764785700,1.33449,1.33474,1.33410,1.33412,697
1764786600,1.33411,1.33417,1.33318,1.33349,1371
1764787500,1.33350,1.33373,1.33294,1.33321,975
1764788400,1.33320,1.33355,1.33287,1.33352,881
1764789300,1.33351,1.33401,1.33337,1.33381,788
1764790200,1.33380,1.33429,1.33363,1.33407,603
1764791100,1.33408,1.33477,1.33406,1.33426,550
1764792000,1.33427,1.33481,1.33424,1.33469,741
1764792900,1.33471,1.33471,1.33385,1.33429,723
1764793800,1.33428,1.33532,1.33428,1.33530,569
1764794700,1.33531,1.33533,1.33460,1.33480,525
1764795600,1.33481,1.33503,1.33468,1.33496,405
1764796500,1.33497,1.33530,1.33489,1.33498,414
1764797400,1.33497,1.33500,1.33474,1.33478,246
1764798300,1.33477,1.33523,1.33476,1.33509,241
1764799200,1.33508,1.33523,1.33487,1.33521,238
1764800100,1.33520,1.33521,1.33478,1.33496,270
1764801000,1.33495,1.33503,1.33475,1.33498,270
1764801900,1.33499,1.33511,1.33477,1.33478,314
1764802800,1.33479,1.33515,1.33476,1.33488,155
1764803700,1.33489,1.33504,1.33477,1.33495,103
1764804600,1.33494,1.33531,1.33488,1.33519,100
1764805500,1.33520,1.33538,1.33513,1.33529,76
1764806400,1.33502,1.33504,1.33499,1.33503,9
1764807300,1.33503,1.33506,1.33503,1.33505,6
1764808200,1.33504,1.33504,1.33486,1.33496,47
1764809100,1.33496,1.33508,1.33493,1.33495,60
1764810000,1.33496,1.33509,1.33495,1.33508,77
1764810900,1.33508,1.33508,1.33486,1.33486,92
1764811800,1.33488,1.33499,1.33476,1.33499,87
1764812700,1.33500,1.33515,1.33451,1.33477,150
1764813600,1.33476,1.33476,1.33430,1.33433,304
1764814500,1.33434,1.33442,1.33395,1.33405,312
1764815400,1.33398,1.33432,1.33376,1.33429,256
1764816300,1.33430,1.33435,1.33381,1.33398,371
1764817200,1.33397,1.33438,1.33385,1.33436,503
1764818100,1.33434,1.33435,1.33357,1.33393,609
1764819000,1.33391,1.33402,1.33349,1.33399,366
1764819900,1.33400,1.33414,1.33386,1.33400,288
1764820800,1.33401,1.33402,1.33360,1.33369,439
1764821700,1.33368,1.33375,1.33345,1.33353,335
1764822600,1.33354,1.33390,1.33348,1.33354,273
1764823500,1.33355,1.33379,1.33345,1.33367,258
1764824400,1.33366,1.33366,1.33318,1.33320,296
1764825300,1.33321,1.33324,1.33287,1.33295,265
1764826200,1.33296,1.33308,1.33275,1.33293,264
1764827100,1.33294,1.33326,1.33290,1.33318,197
1764828000,1.33317,1.33338,1.33315,1.33332,142
1764828900,1.33333,1.33333,1.33318,1.33320,60
1764829800,1.33321,1.33336,1.33319,1.33327,226
1764830700,1.33328,1.33329,1.33317,1.33320,96
1764831600,1.33318,1.33353,1.33316,1.33343,222
1764832500,1.33344,1.33358,1.33333,1.33351,160
1764833400,1.33350,1.33386,1.33350,1.33367,257
1764834300,1.33368,1.33399,1.33350,1.33379,210
1764835200,1.33379,1.33382,1.33337,1.33340,215
1764836100,1.33339,1.33351,1.33322,1.33348,454
1764837000,1.33347,1.33352,1.33331,1.33348,211
1764837900,1.33347,1.33388,1.33334,1.33379,261
1764838800,1.33382,1.33415,1.33355,1.33360,458
1764839700,1.33361,1.33363,1.33320,1.33323,284
1764840600,1.33322,1.33338,1.33315,1.33320,281
1764841500,1.33321,1.33382,1.33321,1.33367,429
1764842400,1.33366,1.33410,1.33338,1.33400,742
1764843300,1.33399,1.33590,1.33388,1.33568,780
1764844200,1.33567,1.33581,1.33487,1.33529,765
1764845100,1.33530,1.33549,1.33427,1.33427,801
1764846000,1.33428,1.33447,1.33377,1.33397,901
1764846900,1.33398,1.33459,1.33364,1.33459,491
1764847800,1.33458,1.33458,1.33375,1.33413,538
1764848700,1.33411,1.33498,1.33397,1.33459,498
1764849600,1.33458,1.33490,1.33420,1.33449,592
1764850500,1.33451,1.33484,1.33426,1.33480,426
1764851400,1.33479,1.33511,1.33423,1.33455,585
1764852300,1.33456,1.33461,1.33372,1.33442,636
1764853200,1.33444,1.33541,1.33409,1.33521,1000
1764854100,1.33520,1.33575,1.33506,1.33569,669
1764855000,1.33571,1.33637,1.33557,1.33603,603
1764855900,1.33604,1.33619,1.33575,1.33603,692
1764856800,1.33602,1.33618,1.33511,1.33583,828
1764857700,1.33582,1.33597,1.33538,1.33578,656
1764858600,1.33579,1.33579,1.33474,1.33474,870
1764859500,1.33473,1.33507,1.33402,1.33491,869
1764860400,1.33490,1.33503,1.33383,1.33389,988
1764861300,1.33390,1.33397,1.33327,1.33381,772
1764862200,1.33381,1.33405,1.33223,1.33348,1774
1764863100,1.33350,1.33443,1.33347,1.33424,1345
1764864000,1.33425,1.33555,1.33424,1.33553,1330
1764864900,1.33554,1.33684,1.33534,1.33653,1411
1764865800,1.33652,1.33742,1.33618,1.33702,1632
1764866700,1.33698,1.33717,1.33598,1.33704,1575
1764867600,1.33703,1.33703,1.33543,1.33676,1463
1764868500,1.33677,1.33764,1.33676,1.33754,1023
1764869400,1.33753,1.33851,1.33730,1.33837,992
1764870300,1.33838,1.33839,1.33661,1.33730,1218
1764871200,1.33729,1.33732,1.33581,1.33592,1018
1764872100,1.33591,1.33625,1.33520,1.33522,735
1764873000,1.33521,1.33555,1.33476,1.33502,972
1764873900,1.33503,1.33554,1.33498,1.33524,906
1764874800,1.33526,1.33528,1.33459,1.33469,635
1764875700,1.33468,1.33488,1.33448,1.33455,676
1764876600,1.33454,1.33464,1.33427,1.33431,521
1764877500,1.33432,1.33453,1.33408,1.33432,444
1764878400,1.33431,1.33434,1.33361,1.33394,723
1764879300,1.33397,1.33484,1.33397,1.33459,550
1764880200,1.33458,1.33513,1.33445,1.33506,444
1764881100,1.33507,1.33509,1.33429,1.33431,444
1764882000,1.33430,1.33448,1.33389,1.33394,579
1764882900,1.33393,1.33412,1.33378,1.33395,491
1764883800,1.33393,1.33459,1.33392,1.33442,280
1764884700,1.33445,1.33449,1.33390,1.33399,554
1764885600,1.33398,1.33398,1.33368,1.33382,380
1764886500,1.33383,1.33384,1.33333,1.33333,437
1764887400,1.33329,1.33356,1.33312,1.33329,432
1764888300,1.33330,1.33331,1.33268,1.33288,424
1764889200,1.33289,1.33318,1.33286,1.33298,150
1764890100,1.33299,1.33301,1.33249,1.33282,172
1764891000,1.33281,1.33283,1.33277,1.33281,48
1764891900,1.33282,1.33291,1.33274,1.33280,44
1764892800,1.33226,1.33226,1.33198,1.33223,39
1764893700,1.33223,1.33233,1.33223,1.33232,45
1764894600,1.33232,1.33270,1.33221,1.33235,3607
1764895500,1.33235,1.33247,1.33205,1.33217,60
1764896400,1.33224,1.33254,1.33224,1.33237,91
1764897300,1.33237,1.33244,1.33233,1.33244,34
1764898200,1.33244,1.33245,1.33229,1.33230,53
1764899100,1.33230,1.33231,1.33205,1.33219,71
1764900000,1.33221,1.33262,1.33220,1.33248,161
1764900900,1.33249,1.33270,1.33238,1.33261,81
1764901800,1.33260,1.33269,1.33238,1.33260,120
1764902700,1.33261,1.33300,1.33261,1.33300,180
1764903600,1.33301,1.33326,1.33288,1.33320,303
1764904500,1.33321,1.33321,1.33282,1.33283,442
1764905400,1.33282,1.33334,1.33282,1.33330,447
1764906300,1.33331,1.33332,1.33301,1.33331,407
1764907200,1.33330,1.33341,1.33308,1.33310,195
1764908100,1.33312,1.33321,1.33302,1.33317,381
1764909000,1.33318,1.33340,1.33310,1.33323,289
1764909900,1.33324,1.33342,1.33320,1.33321,289
1764910800,1.33320,1.33322,1.33297,1.33309,206
1764911700,1.33308,1.33312,1.33270,1.33270,200
1764912600,1.33269,1.33273,1.33250,1.33268,205
1764913500,1.33269,1.33292,1.33269,1.33270,201
1764914400,1.33271,1.33321,1.33268,1.33318,170
1764915300,1.33319,1.33371,1.33318,1.33354,342
1764916200,1.33352,1.33353,1.33330,1.33346,377
1764917100,1.33347,1.33371,1.33345,1.33363,289
1764918000,1.33362,1.33383,1.33359,1.33368,285
1764918900,1.33369,1.33417,1.33366,1.33403,360
1764919800,1.33405,1.33449,1.33404,1.33438,521
1764920700,1.33439,1.33456,1.33431,1.33451,411
1764921600,1.33453,1.33473,1.33436,1.33452,284
1764922500,1.33453,1.33455,1.33419,1.33452,257
1764923400,1.33453,1.33524,1.33447,1.33492,314
1764924300,1.33493,1.33510,1.33471,1.33491,305
1764925200,1.33490,1.33570,1.33484,1.33536,699
1764926100,1.33537,1.33589,1.33507,1.33576,602
1764927000,1.33575,1.33624,1.33513,1.33520,780
1764927900,1.33521,1.33542,1.33489,1.33532,675
1764928800,1.33531,1.33531,1.33453,1.33522,943
1764929700,1.33523,1.33604,1.33505,1.33551,806
1764930600,1.33550,1.33575,1.33518,1.33528,514
1764931500,1.33529,1.33533,1.33465,1.33502,552
1764932400,1.33501,1.33504,1.33432,1.33488,627
1764933300,1.33489,1.33539,1.33469,1.33490,671
1764934200,1.33489,1.33504,1.33437,1.33437,360
1764935100,1.33440,1.33484,1.33428,1.33460,344
1764936000,1.33461,1.33483,1.33435,1.33436,325
1764936900,1.33435,1.33457,1.33348,1.33359,307
1764937800,1.33358,1.33400,1.33330,1.33362,446
1764938700,1.33361,1.33421,1.33350,1.33379,514
1764939600,1.33380,1.33382,1.33337,1.33345,241
1764940500,1.33348,1.33369,1.33299,1.33318,399
1764941400,1.33317,1.33347,1.33279,1.33347,479
1764942300,1.33348,1.33402,1.33334,1.33401,479
1764943200,1.33400,1.33482,1.33393,1.33455,694
1764944100,1.33456,1.33479,1.33387,1.33413,676
1764945000,1.33412,1.33461,1.33399,1.33440,575
1764945900,1.33441,1.33487,1.33426,1.33484,681
1764946800,1.33483,1.33510,1.33417,1.33426,752
1764947700,1.33427,1.33481,1.33400,1.33463,545
1764948600,1.33462,1.33558,1.33456,1.33511,1069
1764949500,1.33509,1.33550,1.33501,1.33508,866
1764950400,1.33507,1.33619,1.33491,1.33527,1002
1764951300,1.33528,1.33562,1.33509,1.33514,746
1764952200,1.33513,1.33582,1.33441,1.33527,1628
1764953100,1.33528,1.33548,1.33427,1.33478,893
1764954000,1.33481,1.33518,1.33391,1.33490,1489
1764954900,1.33492,1.33567,1.33456,1.33560,1230
1764955800,1.33561,1.33593,1.33497,1.33500,1103
1764956700,1.33499,1.33510,1.33391,1.33428,1461
1764957600,1.33429,1.33435,1.33228,1.33228,1463
1764958500,1.33227,1.33292,1.33197,1.33232,1496
1764959400,1.33231,1.33270,1.33161,1.33221,1667
1764960300,1.33221,1.33291,1.33215,1.33226,1030
1764961200,1.33222,1.33292,1.33184,1.33282,897
1764962100,1.33283,1.33298,1.33220,1.33237,608
1764963000,1.33236,1.33281,1.33213,1.33276,735
1764963900,1.33275,1.33312,1.33256,1.33310,590
1764964800,1.33309,1.33407,1.33297,1.33378,591
1764965700,1.33377,1.33387,1.33296,1.33338,650
1764966600,1.33339,1.33358,1.33320,1.33329,468
1764967500,1.33330,1.33348,1.33320,1.33337,405
1764968400,1.33338,1.33347,1.33298,1.33339,366
1764969300,1.33340,1.33360,1.33317,1.33358,364
1764970200,1.33357,1.33361,1.33308,1.33321,381
1764971100,1.33320,1.33345,1.33292,1.33339,429
1764972000,1.33338,1.33338,1.33279,1.33304,399
1764972900,1.33305,1.33310,1.33271,1.33287,168
1764973800,1.33288,1.33300,1.33269,1.33298,162
1764974700,1.33297,1.33333,1.33261,1.33331,239
1764975600,1.33338,1.33368,1.33330,1.33332,215
1764976500,1.33332,1.33370,1.33320,1.33320,231
1764977400,1.33320,1.33338,1.33277,1.33292,229
1764978300,1.33292,1.33315,1.33276,1.33278,291
1765152000,1.33155,1.33186,1.33154,1.33186,22
1765152900,1.33186,1.33225,1.33171,1.33223,235
1765153800,1.33223,1.33249,1.33222,1.33244,93
1765154700,1.33245,1.33282,1.33245,1.33264,95
1765155600,1.33265,1.33270,1.33233,1.33238,222
1765156500,1.33238,1.33261,1.33237,1.33256,657
1765157400,1.33255,1.33309,1.33249,1.33272,374
1765158300,1.33273,1.33273,1.33241,1.33256,87
1765159200,1.33257,1.33296,1.33226,1.33240,439
1765160100,1.33241,1.33301,1.33231,1.33298,370
1765161000,1.33299,1.33324,1.33292,1.33324,324
1765161900,1.33324,1.33336,1.33288,1.33336,439
1765162800,1.33337,1.33359,1.33311,1.33330,582
1765163700,1.33331,1.33338,1.33311,1.33319,480
1765164600,1.33318,1.33372,1.33315,1.33353,401
1765165500,1.33354,1.33382,1.33347,1.33370,499
1765166400,1.33369,1.33403,1.33362,1.33392,328
1765167300,1.33391,1.33399,1.33368,1.33369,381
1765168200,1.33368,1.33384,1.33348,1.33384,398
1765169100,1.33385,1.33412,1.33376,1.33411,273
1765170000,1.33410,1.33423,1.33379,1.33389,149
1765170900,1.33390,1.33416,1.33390,1.33399,121
1765171800,1.33398,1.33399,1.33376,1.33377,287
1765172700,1.33378,1.33398,1.33363,1.33372,297
1765173600,1.33371,1.33395,1.33364,1.33391,272
1765174500,1.33392,1.33409,1.33389,1.33390,177
1765175400,1.33391,1.33420,1.33391,1.33406,157
1765176300,1.33407,1.33420,1.33397,1.33402,144
1765177200,1.33405,1.33410,1.33387,1.33389,156
1765178100,1.33390,1.33394,1.33360,1.33371,292
1765179000,1.33370,1.33398,1.33369,1.33398,200
1765179900,1.33401,1.33406,1.33356,1.33371,226
1765180800,1.33375,1.33465,1.33366,1.33385,1005
1765181700,1.33386,1.33389,1.33290,1.33325,473
1765182600,1.33323,1.33336,1.33298,1.33321,430
1765183500,1.33322,1.33328,1.33274,1.33307,501
1765184400,1.33313,1.33350,1.33270,1.33328,614
1765185300,1.33327,1.33336,1.33249,1.33251,371
1765186200,1.33250,1.33297,1.33246,1.33286,595
1765187100,1.33285,1.33285,1.33221,1.33248,478
1765188000,1.33249,1.33337,1.33241,1.33248,855
1765188900,1.33247,1.33269,1.33203,1.33211,705
1765189800,1.33211,1.33258,1.33191,1.33247,577
1765190700,1.33248,1.33282,1.33228,1.33275,585
1765191600,1.33274,1.33288,1.33180,1.33227,679
1765192500,1.33229,1.33232,1.33138,1.33189,743
1765193400,1.33190,1.33232,1.33172,1.33197,604
1765194300,1.33198,1.33214,1.33165,1.33172,588
1765195200,1.33168,1.33251,1.33160,1.33251,636
1765196100,1.33255,1.33289,1.33246,1.33275,519
1765197000,1.33274,1.33292,1.33214,1.33221,366
1765197900,1.33220,1.33240,1.33173,1.33188,552
1765198800,1.33187,1.33246,1.33147,1.33237,682
1765199700,1.33236,1.33268,1.33176,1.33183,469
1765200600,1.33184,1.33203,1.33142,1.33187,528
1765201500,1.33188,1.33211,1.33139,1.33178,776
1765202400,1.33177,1.33212,1.33128,1.33150,468
1765203300,1.33152,1.33179,1.33143,1.33159,426
1765204200,1.33160,1.33207,1.33148,1.33202,418
1765205100,1.33204,1.33221,1.33189,1.33200,511
1765206000,1.33201,1.33281,1.33185,1.33262,721
1765206900,1.33261,1.33293,1.33248,1.33252,679
1765207800,1.33255,1.33259,1.33150,1.33199,707
1765208700,1.33198,1.33228,1.33151,1.33198,823
1765209600,1.33200,1.33339,1.33197,1.33339,899
1765210500,1.33341,1.33383,1.33305,1.33361,864
1765211400,1.33360,1.33362,1.33234,1.33305,1246
1765212300,1.33304,1.33337,1.33153,1.33268,1868
1765213200,1.33267,1.33278,1.33150,1.33156,1405
1765214100,1.33157,1.33203,1.33091,1.33166,1275
1765215000,1.33163,1.33168,1.33056,1.33096,1129
1765215900,1.33097,1.33156,1.33080,1.33119,1235
1765216800,1.33118,1.33187,1.33087,1.33185,990
1765217700,1.33186,1.33202,1.33110,1.33124,951
1765218600,1.33126,1.33250,1.33123,1.33229,978
1765219500,1.33230,1.33232,1.33140,1.33187,800
1765220400,1.33189,1.33192,1.33112,1.33113,591
1765221300,1.33114,1.33171,1.33111,1.33153,584
1765222200,1.33152,1.33191,1.33112,1.33189,694
1765223100,1.33190,1.33243,1.33159,1.33237,686
1765224000,1.33238,1.33266,1.33228,1.33243,575
1765224900,1.33242,1.33248,1.33203,1.33203,437
1765225800,1.33204,1.33300,1.33190,1.33290,571
1765226700,1.33291,1.33308,1.33232,1.33243,677
1765227600,1.33242,1.33267,1.33217,1.33241,349
1765228500,1.33242,1.33278,1.33238,1.33251,229
1765229400,1.33250,1.33289,1.33231,1.33276,206
1765230300,1.33277,1.33281,1.33246,1.33267,348
1765231200,1.33268,1.33296,1.33232,1.33236,220
1765232100,1.33237,1.33269,1.33233,1.33259,203
1765233000,1.33258,1.33288,1.33252,1.33282,170
1765233900,1.33280,1.33288,1.33249,1.33252,215
1765234800,1.33251,1.33251,1.33227,1.33249,110
1765235700,1.33248,1.33248,1.33196,1.33200,118
1765236600,1.33199,1.33260,1.33197,1.33253,107
1765237500,1.33252,1.33252,1.33237,1.33247,44
1765238400,1.33157,1.33188,1.33146,1.33180,35
1765239300,1.33180,1.33194,1.33180,1.33188,41
1765240200,1.33188,1.33211,1.33176,1.33183,161
1765241100,1.33181,1.33208,1.33166,1.33172,224
1765242000,1.33170,1.33221,1.33168,1.33217,186
1765242900,1.33217,1.33239,1.33214,1.33235,83
1765243800,1.33234,1.33247,1.33217,1.33247,71
1765244700,1.33248,1.33268,1.33238,1.33268,66
1765245600,1.33267,1.33280,1.33248,1.33280,192
1765246500,1.33277,1.33281,1.33256,1.33272,131
1765247400,1.33271,1.33286,1.33227,1.33235,198
1765248300,1.33232,1.33259,1.33187,1.33217,328
1765249200,1.33215,1.33235,1.33184,1.33230,442
1765250100,1.33231,1.33259,1.33227,1.33242,277
1765251000,1.33241,1.33272,1.33239,1.33268,401
1765251900,1.33269,1.33331,1.33263,1.33330,423
1765252800,1.33329,1.33348,1.33304,1.33308,323
1765253700,1.33309,1.33309,1.33268,1.33294,369
1765254600,1.33296,1.33299,1.33261,1.33280,301
1765255500,1.33279,1.33288,1.33268,1.33285,227
1765256400,1.33286,1.33295,1.33277,1.33290,164
1765257300,1.33291,1.33309,1.33288,1.33299,243
1765258200,1.33300,1.33314,1.33267,1.33269,516
1765259100,1.33268,1.33301,1.33264,1.33281,226
1765260000,1.33282,1.33301,1.33268,1.33268,225
1765260900,1.33270,1.33295,1.33269,1.33277,240
1765261800,1.33276,1.33310,1.33267,1.33286,498
1765262700,1.33288,1.33301,1.33278,1.33299,235
1765263600,1.33298,1.33317,1.33269,1.33304,416
1765264500,1.33303,1.33355,1.33301,1.33350,282
1765265400,1.33351,1.33370,1.33335,1.33339,251
1765266300,1.33338,1.33352,1.33328,1.33335,492
1765267200,1.33334,1.33338,1.33277,1.33289,720
1765268100,1.33290,1.33310,1.33280,1.33296,493
1765269000,1.33294,1.33345,1.33286,1.33316,500
1765269900,1.33315,1.33327,1.33287,1.33308,382
1765270800,1.33309,1.33326,1.33254,1.33257,470
1765271700,1.33256,1.33277,1.33233,1.33259,501
1765272600,1.33258,1.33310,1.33258,1.33285,450
1765273500,1.33284,1.33318,1.33271,1.33283,369
1765274400,1.33282,1.33337,1.33270,1.33289,822
1765275300,1.33290,1.33350,1.33264,1.33339,591
1765276200,1.33342,1.33419,1.33342,1.33417,775
1765277100,1.33418,1.33512,1.33404,1.33443,709
1765278000,1.33442,1.33509,1.33423,1.33505,894
1765278900,1.33506,1.33562,1.33471,1.33530,1048
1765279800,1.33529,1.33531,1.33414,1.33470,765
1765280700,1.33471,1.33512,1.33457,1.33471,815
1765281600,1.33469,1.33487,1.33434,1.33439,788
1765282500,1.33438,1.33447,1.33347,1.33355,569
1765283400,1.33356,1.33380,1.33299,1.33325,850
1765284300,1.33323,1.33375,1.33302,1.33371,805
1765285200,1.33370,1.33372,1.33242,1.33281,751
1765286100,1.33285,1.33336,1.33281,1.33327,656
1765287000,1.33329,1.33376,1.33279,1.33280,705
1765287900,1.33281,1.33348,1.33269,1.33288,694
1765288800,1.33287,1.33307,1.33209,1.33231,836
1765289700,1.33232,1.33263,1.33197,1.33198,572
1765290600,1.33199,1.33213,1.33164,1.33171,502
1765291500,1.33172,1.33237,1.33158,1.33199,853
1765292400,1.33198,1.33237,1.33198,1.33227,574
1765293300,1.33229,1.33275,1.33133,1.33155,1168
1765294200,1.33154,1.33168,1.33105,1.33134,1021
1765295100,1.33136,1.33202,1.33103,1.33147,1104
1765296000,1.33146,1.33203,1.33100,1.33112,1108
1765296900,1.33113,1.33149,1.33011,1.33093,1151
1765297800,1.33092,1.33171,1.33066,1.33141,2020
1765298700,1.33142,1.33169,1.33087,1.33148,1043
1765299600,1.33133,1.33141,1.32872,1.32927,2276
1765300500,1.32926,1.33123,1.32912,1.33115,1532
1765301400,1.33114,1.33142,1.32947,1.32971,1146
1765302300,1.32969,1.32980,1.32907,1.32968,1204
1765303200,1.32969,1.33092,1.32969,1.33075,1203
1765304100,1.33076,1.33157,1.33067,1.33139,911
1765305000,1.33141,1.33177,1.33098,1.33124,770
1765305900,1.33126,1.33184,1.33125,1.33177,787
1765306800,1.33178,1.33190,1.33118,1.33131,764
1765307700,1.33132,1.33136,1.33040,1.33054,881
1765308600,1.33053,1.33075,1.33011,1.33029,629
1765309500,1.33031,1.33031,1.32966,1.32977,581
1765310400,1.32974,1.32988,1.32944,1.32958,473
1765311300,1.32956,1.32997,1.32909,1.32992,278
1765312200,1.32991,1.33030,1.32934,1.32961,344
1765313100,1.32962,1.33019,1.32952,1.33012,402
1765314000,1.33011,1.33027,1.32958,1.32986,476
1765314900,1.32987,1.33039,1.32977,1.33037,434
1765315800,1.33042,1.33045,1.32990,1.32991,398
1765316700,1.32992,1.33028,1.32980,1.33018,472
1765317600,1.33017,1.33069,1.33010,1.33046,383
1765318500,1.33047,1.33048,1.33011,1.33017,254
1765319400,1.33018,1.33020,1.32977,1.32997,295
1765320300,1.32998,1.33010,1.32977,1.33000,312
1765321200,1.33001,1.33024,1.32987,1.32998,152
1765322100,1.32997,1.33000,1.32985,1.32990,83
1765323000,1.32991,1.33030,1.32990,1.33020,92
1765323900,1.33021,1.33046,1.33003,1.33003,150
1765324800,1.32927,1.32965,1.32914,1.32965,32
1765325700,1.32966,1.32974,1.32959,1.32968,64
1765326600,1.32967,1.32979,1.32964,1.32979,63
1765327500,1.32979,1.32999,1.32976,1.32988,118
1765328400,1.32988,1.33020,1.32984,1.33009,66
1765329300,1.33009,1.33012,1.33002,1.33005,83
1765330200,1.33005,1.33018,1.33001,1.33018,55
1765331100,1.33019,1.33038,1.33019,1.33027,32
1765332000,1.33028,1.33039,1.33000,1.33025,123
1765332900,1.33024,1.33037,1.32997,1.32997,174
1765333800,1.32998,1.33018,1.32994,1.33012,236
1765334700,1.33013,1.33046,1.32987,1.33038,437
1765335600,1.33037,1.33038,1.32997,1.33008,383
1765336500,1.33010,1.33025,1.32986,1.32992,218
1765337400,1.32991,1.33007,1.32960,1.32985,418
1765338300,1.32986,1.33007,1.32973,1.32986,242
1765339200,1.32985,1.33028,1.32976,1.33025,351
1765340100,1.33024,1.33052,1.33010,1.33032,278
1765341000,1.33033,1.33038,1.32986,1.32988,191
1765341900,1.32989,1.33007,1.32986,1.32995,251
1765342800,1.32994,1.33028,1.32985,1.33024,229
1765343700,1.33022,1.33044,1.32997,1.32998,453
1765344600,1.32997,1.33027,1.32992,1.33013,258
1765345500,1.33014,1.33047,1.32990,1.33026,194
1765346400,1.33028,1.33050,1.33027,1.33046,279
1765347300,1.33047,1.33052,1.33033,1.33041,203
1765348200,1.33040,1.33076,1.33033,1.33067,276
1765349100,1.33068,1.33080,1.33050,1.33051,151
1765350000,1.33050,1.33071,1.33047,1.33049,223
1765350900,1.33048,1.33068,1.33042,1.33052,265
1765351800,1.33051,1.33089,1.33049,1.33084,332
1765352700,1.33085,1.33098,1.33060,1.33074,334
1765353600,1.33072,1.33104,1.33057,1.33099,306
1765354500,1.33100,1.33116,1.33095,1.33097,320
1765355400,1.33096,1.33101,1.33079,1.33087,291
1765356300,1.33088,1.33139,1.33081,1.33136,407
1765357200,1.33137,1.33212,1.33129,1.33207,384
1765358100,1.33208,1.33238,1.33197,1.33209,258
1765359000,1.33207,1.33224,1.33170,1.33206,296
1765359900,1.33204,1.33257,1.33162,1.33241,733
1765360800,1.33239,1.33270,1.33166,1.33185,818
1765361700,1.33181,1.33238,1.33172,1.33219,504
1765362600,1.33218,1.33270,1.33190,1.33212,705
1765363500,1.33213,1.33241,1.33164,1.33186,708
1765364400,1.33185,1.33187,1.33109,1.33118,854
1765365300,1.33117,1.33130,1.33076,1.33129,860
1765366200,1.33130,1.33149,1.33101,1.33120,586
1765367100,1.33124,1.33151,1.33118,1.33132,615
1765368000,1.33131,1.33149,1.33084,1.33147,584
1765368900,1.33146,1.33156,1.33101,1.33124,460
1765369800,1.33123,1.33138,1.33086,1.33104,527
1765370700,1.33104,1.33150,1.33064,1.33130,601
1765371600,1.33132,1.33164,1.33073,1.33083,805
1765372500,1.33084,1.33139,1.33078,1.33097,576
1765373400,1.33096,1.33107,1.33025,1.33066,574
1765374300,1.33063,1.33118,1.33015,1.33104,656
1765375200,1.33103,1.33135,1.33100,1.33124,529
1765376100,1.33123,1.33132,1.33071,1.33129,620
1765377000,1.33127,1.33172,1.33120,1.33158,571
1765377900,1.33159,1.33164,1.33117,1.33142,594
1765378800,1.33143,1.33169,1.33090,1.33106,853
1765379700,1.33107,1.33160,1.33049,1.33120,956
1765380600,1.33114,1.33191,1.33113,1.33190,784
1765381500,1.33191,1.33317,1.33190,1.33303,1043
1765382400,1.33304,1.33328,1.33244,1.33249,1571
1765383300,1.33251,1.33298,1.33241,1.33282,952
1765384200,1.33283,1.33327,1.33246,1.33250,981
1765385100,1.33251,1.33342,1.33230,1.33299,1294
1765386000,1.33298,1.33367,1.33294,1.33314,974
1765386900,1.33312,1.33325,1.33198,1.33213,969
1765387800,1.33212,1.33237,1.33174,1.33218,874
1765388700,1.33217,1.33251,1.33147,1.33208,1578
1765389600,1.33206,1.33257,1.33155,1.33249,1195
1765390500,1.33250,1.33354,1.33242,1.33310,934
1765391400,1.33311,1.33343,1.33281,1.33332,744
1765392300,1.33336,1.33392,1.33319,1.33381,602
1765393200,1.33380,1.33433,1.33321,1.33432,652
1765394100,1.33433,1.33460,1.33408,1.33408,665
1765395000,1.33407,1.33427,1.33384,1.33418,505
1765395900,1.33417,1.33476,1.33401,1.33457,704
1765396800,1.33456,1.33466,1.33417,1.33417,480
1765397700,1.33418,1.33458,1.33399,1.33453,486
1765398600,1.33452,1.33452,1.33336,1.33379,600
1765399500,1.33378,1.33410,1.33298,1.33335,560
1765400400,1.33336,1.33600,1.33252,1.33536,3346
1765401300,1.33537,1.33587,1.33404,1.33452,1963
1765402200,1.33451,1.33636,1.33271,1.33303,4856
1765403100,1.33304,1.33687,1.33276,1.33651,3301
1765404000,1.33648,1.33865,1.33597,1.33864,2587
1765404900,1.33862,1.33888,1.33759,1.33833,1928
1765405800,1.33835,1.33863,1.33748,1.33826,1329
1765406700,1.33827,1.33881,1.33824,1.33851,1089
1765407600,1.33852,1.33859,1.33803,1.33840,323
1765408500,1.33842,1.33868,1.33817,1.33843,252
1765409400,1.33842,1.33842,1.33807,1.33827,174
1765410300,1.33828,1.33842,1.33810,1.33834,139
1765411200,1.33723,1.33738,1.33723,1.33723,21
1765412100,1.33723,1.33749,1.33721,1.33749,22
1765413000,1.33751,1.33793,1.33751,1.33781,273
1765413900,1.33782,1.33800,1.33779,1.33779,125
1765414800,1.33776,1.33848,1.33759,1.33834,603
1765415700,1.33834,1.33858,1.33824,1.33849,101
1765416600,1.33849,1.33892,1.33848,1.33886,98
1765417500,1.33886,1.33912,1.33873,1.33883,97
1765418400,1.33884,1.33918,1.33858,1.33904,327
1765419300,1.33905,1.33911,1.33846,1.33851,260
1765420200,1.33850,1.33867,1.33828,1.33841,537
1765421100,1.33843,1.33854,1.33760,1.33777,652
1765422000,1.33780,1.33865,1.33774,1.33846,799
1765422900,1.33847,1.33868,1.33824,1.33863,555
1765423800,1.33865,1.33872,1.33839,1.33856,534
1765424700,1.33857,1.33863,1.33804,1.33820,404
1765425600,1.33819,1.33872,1.33779,1.33784,382
1765426500,1.33785,1.33805,1.33777,1.33795,315
1765427400,1.33794,1.33796,1.33740,1.33759,449
1765428300,1.33761,1.33761,1.33696,1.33706,410
1765429200,1.33705,1.33738,1.33677,1.33685,601
1765430100,1.33686,1.33721,1.33663,1.33676,457
1765431000,1.33675,1.33721,1.33661,1.33718,529
1765431900,1.33719,1.33724,1.33665,1.33670,335
1765432800,1.33671,1.33696,1.33666,1.33675,353
1765433700,1.33676,1.33679,1.33628,1.33639,332
1765434600,1.33638,1.33660,1.33634,1.33636,275
1765435500,1.33637,1.33692,1.33637,1.33691,268
1765436400,1.33690,1.33706,1.33675,1.33676,304
1765437300,1.33677,1.33688,1.33656,1.33666,312
1765438200,1.33665,1.33670,1.33645,1.33653,290
1765439100,1.33656,1.33660,1.33614,1.33615,372
1765440000,1.33616,1.33654,1.33614,1.33636,365
1765440900,1.33637,1.33646,1.33593,1.33600,354
1765441800,1.33599,1.33666,1.33595,1.33665,411
1765442700,1.33666,1.33701,1.33644,1.33692,438
1765443600,1.33693,1.33734,1.33659,1.33718,744
1765444500,1.33719,1.33792,1.33696,1.33788,622
1765445400,1.33787,1.33791,1.33700,1.33746,777
1765446300,1.33748,1.33762,1.33690,1.33699,881
1765447200,1.33700,1.33712,1.33658,1.33683,933
1765448100,1.33685,1.33751,1.33673,1.33736,843
1765449000,1.33735,1.33787,1.33718,1.33724,894
1765449900,1.33723,1.33781,1.33651,1.33668,910
1765450800,1.33667,1.33689,1.33596,1.33611,1151
1765451700,1.33612,1.33648,1.33570,1.33577,710
1765452600,1.33576,1.33627,1.33546,1.33584,912
1765453500,1.33585,1.33732,1.33582,1.33717,1095
1765454400,1.33716,1.33752,1.33678,1.33746,875
1765455300,1.33747,1.33774,1.33721,1.33726,672
1765456200,1.33727,1.33777,1.33721,1.33742,649
1765457100,1.33745,1.33813,1.33724,1.33784,559
1765458000,1.33783,1.33804,1.33775,1.33787,611
1765458900,1.33788,1.33839,1.33755,1.33833,571
1765459800,1.33832,1.33846,1.33761,1.33841,577
1765460700,1.33842,1.33873,1.33829,1.33856,579
1765461600,1.33855,1.33907,1.33786,1.33905,792
1765462500,1.33906,1.33937,1.33881,1.33903,711
1765463400,1.33902,1.33905,1.33837,1.33890,694
1765464300,1.33891,1.33912,1.33850,1.33891,906
1765465200,1.33892,1.33926,1.33847,1.33887,1305
1765466100,1.33886,1.33951,1.33879,1.33941,819
1765467000,1.33941,1.34032,1.33874,1.34010,1556
1765467900,1.34011,1.34154,1.34005,1.34076,1324
1765468800,1.34078,1.34210,1.34069,1.34198,1449
1765469700,1.34199,1.34225,1.34163,1.34206,1155
1765470600,1.34207,1.34266,1.34152,1.34216,1583
1765471500,1.34217,1.34231,1.34128,1.34178,1487
1765472400,1.34179,1.34294,1.34118,1.34278,1623
1765473300,1.34279,1.34285,1.34182,1.34223,1264
1765474200,1.34222,1.34295,1.34205,1.34285,1140
1765475100,1.34286,1.34354,1.34254,1.34346,1323
1765476000,1.34345,1.34382,1.34235,1.34284,1211
1765476900,1.34283,1.34296,1.34184,1.34185,1043
1765477800,1.34182,1.34239,1.34161,1.34217,1171
1765478700,1.34221,1.34307,1.34217,1.34255,1159
1765479600,1.34254,1.34298,1.34243,1.34259,1055
1765480500,1.34258,1.34287,1.34214,1.34244,1088
1765481400,1.34240,1.34240,1.34166,1.34211,879
1765482300,1.34212,1.34249,1.34196,1.34210,658
1765483200,1.34209,1.34245,1.34175,1.34193,735
1765484100,1.34194,1.34247,1.34157,1.34178,809
1765485000,1.34177,1.34187,1.34142,1.34165,697
1765485900,1.34166,1.34174,1.34124,1.34134,520
1765486800,1.34133,1.34133,1.34037,1.34061,749
1765487700,1.34062,1.34087,1.34045,1.34073,410
1765488600,1.34074,1.34074,1.33997,1.34001,439
1765489500,1.34000,1.34006,1.33896,1.33905,671
1765490400,1.33904,1.33904,1.33824,1.33843,881
1765491300,1.33841,1.33933,1.33836,1.33927,490
1765492200,1.33928,1.33947,1.33905,1.33922,292
1765493100,1.33924,1.33947,1.33917,1.33937,385
1765494000,1.33936,1.33957,1.33926,1.33948,165
1765494900,1.33947,1.33950,1.33936,1.33947,109
1765495800,1.33948,1.33949,1.33926,1.33941,95
1765496700,1.33941,1.33941,1.33917,1.33920,128
1765497600,1.33866,1.33909,1.33862,1.33893,50
1765498500,1.33893,1.33894,1.33872,1.33883,94
1765499400,1.33884,1.33928,1.33883,1.33908,231
1765500300,1.33908,1.33916,1.33895,1.33901,113
1765501200,1.33902,1.33923,1.33899,1.33901,125
1765502100,1.33901,1.33904,1.33894,1.33903,70
1765503000,1.33902,1.33909,1.33894,1.33902,84
1765503900,1.33902,1.33933,1.33902,1.33933,88
1765504800,1.33932,1.33953,1.33922,1.33941,214
1765505700,1.33942,1.33952,1.33926,1.33939,186
1765506600,1.33938,1.33956,1.33927,1.33947,485
1765507500,1.33948,1.33958,1.33928,1.33933,462
1765508400,1.33932,1.33946,1.33901,1.33941,550
1765509300,1.33942,1.33999,1.33941,1.33988,412
1765510200,1.33990,1.33997,1.33927,1.33947,479
1765511100,1.33948,1.33952,1.33908,1.33922,374
1765512000,1.33921,1.33949,1.33904,1.33939,201
1765512900,1.33938,1.33941,1.33907,1.33910,196
1765513800,1.33909,1.33937,1.33906,1.33927,157
1765514700,1.33926,1.33926,1.33907,1.33914,328
1765515600,1.33911,1.33913,1.33895,1.33911,154
1765516500,1.33910,1.33926,1.33900,1.33917,182
1765517400,1.33916,1.33935,1.33911,1.33918,234
1765518300,1.33919,1.33937,1.33906,1.33909,146
1765519200,1.33909,1.33909,1.33894,1.33899,151
1765520100,1.33900,1.33932,1.33889,1.33929,263
1765521000,1.33928,1.33939,1.33917,1.33929,177
1765521900,1.33930,1.33939,1.33887,1.33887,240
1765522800,1.33888,1.33919,1.33885,1.33918,218
1765523700,1.33919,1.33928,1.33907,1.33919,177
1765524600,1.33918,1.33954,1.33918,1.33949,163
1765525500,1.33948,1.33968,1.33941,1.33956,169
1765526400,1.33955,1.33988,1.33951,1.33980,193
1765527300,1.33978,1.33978,1.33947,1.33965,231
1765528200,1.33964,1.33968,1.33927,1.33932,379
1765529100,1.33933,1.33958,1.33907,1.33948,323
1765530000,1.33948,1.33948,1.33746,1.33856,868
1765530900,1.33857,1.33892,1.33829,1.33885,532
1765531800,1.33884,1.33905,1.33854,1.33868,488
1765532700,1.33869,1.33899,1.33846,1.33848,618
1765533600,1.33847,1.33886,1.33772,1.33786,1023
1765534500,1.33787,1.33846,1.33772,1.33842,774
1765535400,1.33847,1.33867,1.33806,1.33825,649
1765536300,1.33826,1.33854,1.33786,1.33786,710
1765537200,1.33787,1.33816,1.33753,1.33807,596
1765538100,1.33808,1.33808,1.33753,1.33754,334
1765539000,1.33754,1.33793,1.33730,1.33765,459
1765539900,1.33764,1.33857,1.33755,1.33828,527
1765540800,1.33827,1.33832,1.33800,1.33809,472
1765541700,1.33811,1.33812,1.33692,1.33707,552
1765542600,1.33706,1.33747,1.33701,1.33722,356
1765543500,1.33720,1.33763,1.33715,1.33762,548
1765544400,1.33761,1.33781,1.33740,1.33748,486
1765545300,1.33747,1.33750,1.33677,1.33694,343
1765546200,1.33693,1.33721,1.33677,1.33709,331
1765547100,1.33710,1.33763,1.33710,1.33751,651
1765548000,1.33750,1.33772,1.33681,1.33692,759
1765548900,1.33693,1.33727,1.33670,1.33708,362
1765549800,1.33707,1.33716,1.33673,1.33676,366
1765550700,1.33677,1.33743,1.33642,1.33734,604
1765551600,1.33733,1.33835,1.33725,1.33792,891
1765552500,1.33793,1.33808,1.33752,1.33785,662
1765553400,1.33783,1.33829,1.33770,1.33807,767
1765554300,1.33808,1.33816,1.33683,1.33696,592
1765555200,1.33695,1.33716,1.33631,1.33637,907
1765556100,1.33638,1.33713,1.33634,1.33707,825
1765557000,1.33708,1.33782,1.33694,1.33746,1273
1765557900,1.33747,1.33774,1.33716,1.33726,1341
1765558800,1.33724,1.33782,1.33673,1.33675,1224
1765559700,1.33674,1.33676,1.33592,1.33650,1346
1765560600,1.33649,1.33674,1.33616,1.33616,1341
1765561500,1.33615,1.33635,1.33523,1.33549,1578
1765562400,1.33548,1.33585,1.33511,1.33561,1765
1765563300,1.33562,1.33597,1.33537,1.33560,1105
1765564200,1.33559,1.33561,1.33417,1.33458,1261
1765565100,1.33459,1.33502,1.33446,1.33484,973
1765566000,1.33485,1.33534,1.33478,1.33532,962
1765566900,1.33533,1.33672,1.33527,1.33649,910
1765567800,1.33647,1.33730,1.33637,1.33728,777
1765568700,1.33726,1.33735,1.33703,1.33732,657
1765569600,1.33731,1.33766,1.33715,1.33753,713
1765570500,1.33754,1.33770,1.33714,1.33738,763
1765571400,1.33739,1.33746,1.33694,1.33696,546
1765572300,1.33695,1.33699,1.33606,1.33611,582
1765573200,1.33610,1.33612,1.33569,1.33577,713
1765574100,1.33578,1.33601,1.33565,1.33582,480
1765575000,1.33581,1.33607,1.33574,1.33587,373
1765575900,1.33588,1.33667,1.33566,1.33658,575
1765576800,1.33657,1.33748,1.33655,1.33712,521
1765577700,1.33711,1.33740,1.33685,1.33696,352
1765578600,1.33697,1.33713,1.33679,1.33706,242
1765579500,1.33707,1.33735,1.33648,1.33665,899
1765580400,1.33649,1.33726,1.33647,1.33696,195
1765581300,1.33695,1.33719,1.33652,1.33652,251
1765582200,1.33651,1.33706,1.33634,1.33666,215
1765583100,1.33665,1.33697,1.33663,1.33672,502
1765756800,1.33717,1.33719,1.33717,1.33717,9
1765757700,1.33717,1.33730,1.33650,1.33652,390
1765758600,1.33655,1.33720,1.33602,1.33717,273
1765759500,1.33717,1.33742,1.33661,1.33666,195
1765760400,1.33666,1.33699,1.33644,1.33674,210
1765761300,1.33673,1.33701,1.33673,1.33692,127
1765762200,1.33691,1.33714,1.33688,1.33713,90
1765763100,1.33713,1.33714,1.33668,1.33671,106
1765764000,1.33672,1.33676,1.33606,1.33613,251
1765764900,1.33612,1.33612,1.33577,1.33578,116
1765765800,1.33577,1.33608,1.33559,1.33599,298
1765766700,1.33600,1.33664,1.33594,1.33659,425
1765767600,1.33658,1.33658,1.33577,1.33592,317
1765768500,1.33593,1.33623,1.33582,1.33612,297
1765769400,1.33616,1.33696,1.33613,1.33685,398
1765770300,1.33686,1.33742,1.33668,1.33733,374
1765771200,1.33732,1.33744,1.33652,1.33677,545
1765772100,1.33676,1.33685,1.33646,1.33683,389
1765773000,1.33682,1.33701,1.33662,1.33692,428
1765773900,1.33693,1.33732,1.33664,1.33682,391
1765774800,1.33681,1.33702,1.33627,1.33627,479
1765775700,1.33628,1.33654,1.33615,1.33616,532
1765776600,1.33617,1.33633,1.33593,1.33607,360
1765777500,1.33608,1.33608,1.33552,1.33569,396
1765778400,1.33568,1.33582,1.33557,1.33562,335
1765779300,1.33564,1.33577,1.33549,1.33576,367
1765780200,1.33577,1.33598,1.33571,1.33592,513
1765781100,1.33593,1.33602,1.33583,1.33583,170
1765782000,1.33581,1.33586,1.33559,1.33572,208
1765782900,1.33572,1.33575,1.33555,1.33558,324
1765783800,1.33558,1.33633,1.33557,1.33614,500
1765784700,1.33614,1.33659,1.33612,1.33642,214
1765785600,1.33641,1.33647,1.33577,1.33616,359
1765786500,1.33619,1.33645,1.33597,1.33645,474
1765787400,1.33646,1.33662,1.33609,1.33658,287
1765788300,1.33659,1.33670,1.33641,1.33658,300
1765789200,1.33657,1.33701,1.33621,1.33643,600
1765790100,1.33644,1.33667,1.33632,1.33653,417
1765791000,1.33652,1.33660,1.33601,1.33604,491
1765791900,1.33605,1.33647,1.33586,1.33638,430
1765792800,1.33637,1.33671,1.33615,1.33668,650
1765793700,1.33669,1.33727,1.33643,1.33693,651
1765794600,1.33692,1.33735,1.33675,1.33703,655
1765795500,1.33702,1.33736,1.33655,1.33678,568
1765796400,1.33677,1.33822,1.33670,1.33808,682
1765797300,1.33809,1.33837,1.33772,1.33836,514
1765798200,1.33835,1.33860,1.33794,1.33834,471
1765799100,1.33833,1.33884,1.33832,1.33877,490
1765800000,1.33876,1.33879,1.33822,1.33828,391
1765800900,1.33827,1.33860,1.33782,1.33785,549
1765801800,1.33784,1.33810,1.33755,1.33770,655
1765802700,1.33769,1.33811,1.33747,1.33801,430
1765803600,1.33800,1.33852,1.33793,1.33843,305
1765804500,1.33842,1.33897,1.33842,1.33869,398
1765805400,1.33870,1.33897,1.33852,1.33888,312
1765806300,1.33887,1.33892,1.33832,1.33832,552
1765807200,1.33831,1.33894,1.33831,1.33885,544
1765808100,1.33886,1.33905,1.33862,1.33897,305
1765809000,1.33899,1.33930,1.33884,1.33908,320
1765809900,1.33909,1.33942,1.33876,1.33901,666
1765810800,1.33899,1.33913,1.33866,1.33893,667
1765811700,1.33892,1.33897,1.33851,1.33866,446
1765812600,1.33866,1.33922,1.33866,1.33908,702
1765813500,1.33909,1.33966,1.33856,1.33873,823
1765814400,1.33872,1.33883,1.33823,1.33860,879
1765815300,1.33861,1.33894,1.33840,1.33888,753
1765816200,1.33887,1.33975,1.33887,1.33955,1236
1765817100,1.33956,1.34016,1.33927,1.33966,1236
1765818000,1.33967,1.33979,1.33875,1.33909,1134
1765818900,1.33911,1.33961,1.33807,1.33866,2018
1765819800,1.33863,1.33972,1.33834,1.33937,1354
1765820700,1.33938,1.33950,1.33893,1.33948,1173
1765821600,1.33947,1.33955,1.33876,1.33897,1132
1765822500,1.33898,1.33933,1.33819,1.33822,1011
1765823400,1.33825,1.33828,1.33735,1.33771,1369
1765824300,1.33772,1.33821,1.33767,1.33798,834
1765825200,1.33797,1.33812,1.33748,1.33772,1026
1765826100,1.33773,1.33782,1.33738,1.33743,527
1765827000,1.33742,1.33756,1.33671,1.33681,825
1765827900,1.33682,1.33698,1.33657,1.33677,563
1765828800,1.33678,1.33751,1.33657,1.33708,649
1765829700,1.33707,1.33710,1.33610,1.33627,548
1765830600,1.33628,1.33645,1.33597,1.33632,698
1765831500,1.33631,1.33673,1.33607,1.33661,575
1765832400,1.33662,1.33672,1.33621,1.33627,465
1765833300,1.33626,1.33653,1.33621,1.33638,461
1765834200,1.33639,1.33684,1.33638,1.33682,275
1765835100,1.33683,1.33733,1.33675,1.33730,347
1765836000,1.33728,1.33748,1.33706,1.33735,438
1765836900,1.33736,1.33755,1.33719,1.33720,360
1765837800,1.33719,1.33739,1.33702,1.33731,206
1765838700,1.33732,1.33748,1.33712,1.33745,198
1765839600,1.33743,1.33762,1.33717,1.33762,159
1765840500,1.33763,1.33765,1.33735,1.33738,70
1765841400,1.33739,1.33748,1.33727,1.33730,65
1765842300,1.33731,1.33738,1.33724,1.33729,100
1765843200,1.33659,1.33704,1.33648,1.33702,69
1765844100,1.33701,1.33717,1.33678,1.33700,106
1765845000,1.33696,1.33726,1.33692,1.33718,207
1765845900,1.33718,1.33733,1.33695,1.33719,124
1765846800,1.33718,1.33796,1.33687,1.33788,262
1765847700,1.33787,1.33787,1.33763,1.33773,39
1765848600,1.33773,1.33796,1.33773,1.33796,102
1765849500,1.33797,1.33807,1.33786,1.33787,74
1765850400,1.33788,1.33830,1.33788,1.33826,273
1765851300,1.33827,1.33827,1.33772,1.33776,281
1765852200,1.33775,1.33780,1.33732,1.33739,321
1765853100,1.33737,1.33738,1.33676,1.33696,445
1765854000,1.33697,1.33728,1.33667,1.33667,556
1765854900,1.33666,1.33680,1.33648,1.33650,425
1765855800,1.33649,1.33707,1.33640,1.33679,651
1765856700,1.33680,1.33682,1.33617,1.33680,899
1765857600,1.33679,1.33682,1.33657,1.33680,570
1765858500,1.33680,1.33702,1.33664,1.33697,473
1765859400,1.33696,1.33708,1.33677,1.33701,470
1765860300,1.33702,1.33709,1.33683,1.33691,443
1765861200,1.33690,1.33738,1.33677,1.33679,600
1765862100,1.33678,1.33688,1.33660,1.33672,602
1765863000,1.33670,1.33671,1.33629,1.33637,493
1765863900,1.33638,1.33675,1.33636,1.33658,343
1765864800,1.33660,1.33670,1.33646,1.33657,372
1765865700,1.33656,1.33699,1.33653,1.33691,266
1765866600,1.33690,1.33692,1.33674,1.33685,315
1765867500,1.33686,1.33689,1.33666,1.33677,272
1765868400,1.33676,1.33697,1.33656,1.33669,333
1765869300,1.33670,1.33683,1.33661,1.33667,324
1765870200,1.33666,1.33680,1.33640,1.33669,479
1765871100,1.33670,1.33680,1.33607,1.33623,480
1765872000,1.33621,1.33631,1.33598,1.33608,516
1765872900,1.33606,1.33609,1.33557,1.33570,336
1765873800,1.33569,1.33618,1.33566,1.33614,275
1765874700,1.33616,1.33666,1.33609,1.33632,460
1765875600,1.33633,1.33782,1.33625,1.33652,617
1765876500,1.33655,1.33680,1.33632,1.33650,298
1765877400,1.33654,1.33718,1.33646,1.33692,553
1765878300,1.33693,1.33785,1.33689,1.33752,592
1765879200,1.33753,1.33870,1.33748,1.33833,805
1765880100,1.33834,1.33935,1.33804,1.33863,799
1765881000,1.33863,1.33863,1.33777,1.33860,945
1765881900,1.33861,1.33948,1.33854,1.33934,791
1765882800,1.33933,1.34027,1.33925,1.34018,1055
1765883700,1.34019,1.34020,1.33935,1.33960,886
1765884600,1.33978,1.34153,1.33978,1.34112,1117
1765885500,1.34108,1.34137,1.34072,1.34104,842
1765886400,1.34103,1.34145,1.34073,1.34079,778
1765887300,1.34080,1.34118,1.34067,1.34113,658
1765888200,1.34112,1.34237,1.34087,1.34215,932
1765889100,1.34216,1.34267,1.34207,1.34232,890
1765890000,1.34231,1.34232,1.34166,1.34178,718
1765890900,1.34177,1.34181,1.34120,1.34177,681
1765891800,1.34176,1.34236,1.34165,1.34236,458
1765892700,1.34238,1.34311,1.34204,1.34309,677
1765893600,1.34310,1.34321,1.34265,1.34278,730
1765894500,1.34278,1.34348,1.34276,1.34324,575
1765895400,1.34323,1.34328,1.34284,1.34294,611
1765896300,1.34293,1.34369,1.34263,1.34366,822
1765897200,1.34367,1.34394,1.34334,1.34337,1045
1765898100,1.34338,1.34394,1.34292,1.34296,1351
1765899000,1.34301,1.34558,1.34130,1.34144,4129
1765899900,1.34145,1.34272,1.34106,1.34258,2631
1765900800,1.34259,1.34270,1.34164,1.34183,1864
1765901700,1.34184,1.34330,1.34165,1.34328,1613
1765902600,1.34327,1.34370,1.34262,1.34294,2070
1765903500,1.34307,1.34460,1.34286,1.34430,1962
1765904400,1.34429,1.34475,1.34207,1.34237,1988
1765905300,1.34238,1.34247,1.34040,1.34148,1919
1765906200,1.34149,1.34186,1.34073,1.34131,1400
1765907100,1.34133,1.34211,1.34057,1.34157,1462
1765908000,1.34156,1.34249,1.34120,1.34228,1601
1765908900,1.34227,1.34290,1.34197,1.34268,1006
1765909800,1.34267,1.34272,1.34206,1.34242,1139
1765910700,1.34243,1.34270,1.34207,1.34267,1047
1765911600,1.34265,1.34385,1.34265,1.34336,1268
1765912500,1.34337,1.34367,1.34316,1.34338,1032
1765913400,1.34337,1.34404,1.34322,1.34340,966
1765914300,1.34341,1.34350,1.34199,1.34238,1099
1765915200,1.34239,1.34241,1.34138,1.34186,1237
1765916100,1.34187,1.34187,1.34098,1.34106,836
1765917000,1.34105,1.34206,1.34089,1.34197,830
1765917900,1.34198,1.34269,1.34193,1.34247,887
1765918800,1.34246,1.34247,1.34125,1.34148,897
1765919700,1.34147,1.34196,1.33998,1.34128,1331
1765920600,1.34129,1.34309,1.34129,1.34297,1113
1765921500,1.34298,1.34318,1.34241,1.34258,966
1765922400,1.34257,1.34342,1.34252,1.34279,874
1765923300,1.34280,1.34288,1.34224,1.34252,640
1765924200,1.34251,1.34348,1.34240,1.34338,649
1765925100,1.34339,1.34358,1.34243,1.34248,916
1765926000,1.34249,1.34256,1.34208,1.34219,291
1765926900,1.34218,1.34230,1.34207,1.34228,113
1765927800,1.34227,1.34239,1.34225,1.34232,116
1765928700,1.34231,1.34256,1.34231,1.34255,55
1765929600,1.34199,1.34205,1.34165,1.34202,955
1765930500,1.34202,1.34205,1.34201,1.34203,41
1765931400,1.34202,1.34220,1.34202,1.34218,110
1765932300,1.34218,1.34235,1.34192,1.34202,149
1765933200,1.34201,1.34252,1.34201,1.34246,142
1765934100,1.34246,1.34255,1.34246,1.34252,33
1765935000,1.34252,1.34266,1.34250,1.34252,62
1765935900,1.34251,1.34253,1.34238,1.34253,103
1765936800,1.34253,1.34265,1.34217,1.34234,150
1765937700,1.34235,1.34240,1.34223,1.34238,101
1765938600,1.34239,1.34246,1.34220,1.34246,187
1765939500,1.34247,1.34249,1.34195,1.34209,312
1765940400,1.34208,1.34236,1.34203,1.34218,465
1765941300,1.34219,1.34259,1.34217,1.34257,315
1765942200,1.34258,1.34258,1.34207,1.34235,461
1765943100,1.34236,1.34251,1.34218,1.34248,342
1765944000,1.34246,1.34247,1.34126,1.34132,436
1765944900,1.34133,1.34138,1.34096,1.34118,385
1765945800,1.34117,1.34118,1.34085,1.34098,350
1765946700,1.34099,1.34101,1.34066,1.34088,271
1765947600,1.34087,1.34097,1.34067,1.34085,284
1765948500,1.34086,1.34099,1.34077,1.34087,233
1765949400,1.34088,1.34108,1.34083,1.34093,177
1765950300,1.34095,1.34123,1.34086,1.34099,205
1765951200,1.34098,1.34099,1.34044,1.34064,300
1765952100,1.34065,1.34065,1.33978,1.33992,290
1765953000,1.33993,1.34007,1.33933,1.33946,466
1765953900,1.33945,1.33975,1.33937,1.33946,423
1765954800,1.33947,1.33957,1.33923,1.33948,291
1765955700,1.33947,1.33954,1.33897,1.33904,298
1765956600,1.33903,1.33905,1.33801,1.33869,570
1765957500,1.33871,1.33884,1.33809,1.33833,792
1765958400,1.33834,1.33899,1.33832,1.33834,568
1765959300,1.33831,1.33852,1.33809,1.33844,497
1765960200,1.33844,1.33866,1.33809,1.33821,305
1765961100,1.33822,1.33847,1.33721,1.33757,726
1765962000,1.33751,1.33762,1.33373,1.33507,1816
1765962900,1.33509,1.33509,1.33312,1.33393,1403
1765963800,1.33391,1.33391,1.33241,1.33293,1208
1765964700,1.33292,1.33292,1.33155,1.33227,1364
1765965600,1.33226,1.33259,1.33113,1.33188,1180
1765966500,1.33189,1.33267,1.33145,1.33247,986
1765967400,1.33248,1.33287,1.33235,1.33256,974
1765968300,1.33257,1.33316,1.33234,1.33270,787
1765969200,1.33268,1.33332,1.33259,1.33281,1151
1765970100,1.33282,1.33313,1.33251,1.33288,756
1765971000,1.33287,1.33308,1.33234,1.33251,658
1765971900,1.33252,1.33353,1.33225,1.33257,607
1765972800,1.33256,1.33287,1.33222,1.33262,555
1765973700,1.33263,1.33265,1.33203,1.33247,518
1765974600,1.33246,1.33324,1.33223,1.33301,616
1765975500,1.33303,1.33353,1.33300,1.33349,523
1765976400,1.33350,1.33373,1.33277,1.33290,507
1765977300,1.33291,1.33321,1.33281,1.33302,660
1765978200,1.33303,1.33309,1.33231,1.33255,552
1765979100,1.33254,1.33293,1.33211,1.33275,646
1765980000,1.33274,1.33344,1.33262,1.33344,659
1765980900,1.33346,1.33366,1.33324,1.33357,551
1765981800,1.33356,1.33405,1.33352,1.33393,612
1765982700,1.33392,1.33462,1.33379,1.33445,673
1765983600,1.33446,1.33453,1.33398,1.33404,1017
1765984500,1.33405,1.33541,1.33404,1.33505,1381
1765985400,1.33503,1.33514,1.33431,1.33450,819
1765986300,1.33453,1.33591,1.33451,1.33562,1241
1765987200,1.33563,1.33649,1.33556,1.33579,1159
1765988100,1.33580,1.33594,1.33495,1.33496,957
1765989000,1.33494,1.33562,1.33486,1.33559,1264
1765989900,1.33560,1.33663,1.33559,1.33628,1429
1765990800,1.33627,1.33748,1.33558,1.33738,1351
1765991700,1.33737,1.33782,1.33708,1.33782,1035
1765992600,1.33781,1.33927,1.33780,1.33851,1722
1765993500,1.33852,1.34002,1.33769,1.33994,2399
1765994400,1.33991,1.34068,1.33945,1.33951,1938
1765995300,1.33952,1.34061,1.33889,1.33930,1292
1765996200,1.33929,1.33958,1.33876,1.33898,1179
1765997100,1.33899,1.33920,1.33850,1.33898,959
1765998000,1.33897,1.33952,1.33876,1.33912,821
1765998900,1.33911,1.33952,1.33891,1.33897,961
1765999800,1.33896,1.33923,1.33845,1.33869,790
1766000700,1.33870,1.33904,1.33820,1.33873,989
1766001600,1.33871,1.33947,1.33866,1.33868,814
1766002500,1.33867,1.33868,1.33806,1.33807,798
1766003400,1.33806,1.33842,1.33781,1.33783,698
1766004300,1.33786,1.33829,1.33734,1.33760,922
1766005200,1.33759,1.33805,1.33744,1.33779,618
1766006100,1.33780,1.33808,1.33776,1.33798,556
1766007000,1.33797,1.33808,1.33755,1.33756,580
1766007900,1.33757,1.33779,1.33726,1.33768,660
1766008800,1.33769,1.33790,1.33747,1.33768,285
1766009700,1.33769,1.33791,1.33765,1.33779,396
1766010600,1.33777,1.33813,1.33777,1.33808,325
1766011500,1.33809,1.33842,1.33765,1.33782,495
1766012400,1.33783,1.33798,1.33765,1.33775,154
1766013300,1.33776,1.33792,1.33750,1.33757,115
1766014200,1.33756,1.33791,1.33755,1.33758,123
1766015100,1.33759,1.33802,1.33759,1.33791,113
1766016000,1.33702,1.33755,1.33680,1.33751,55
1766016900,1.33751,1.33774,1.33721,1.33751,90
1766017800,1.33751,1.33772,1.33735,1.33751,208
1766018700,1.33750,1.33762,1.33719,1.33759,251
1766019600,1.33759,1.33759,1.33717,1.33753,98
1766020500,1.33753,1.33758,1.33748,1.33753,93
1766021400,1.33753,1.33773,1.33750,1.33750,83
1766022300,1.33751,1.33765,1.33734,1.33735,69
1766023200,1.33736,1.33757,1.33720,1.33726,177
1766024100,1.33727,1.33733,1.33710,1.33725,215
1766025000,1.33724,1.33746,1.33709,1.33709,271
1766025900,1.33707,1.33767,1.33695,1.33763,407
1766026800,1.33762,1.33793,1.33739,1.33750,557
1766027700,1.33749,1.33758,1.33704,1.33726,410
1766028600,1.33724,1.33759,1.33656,1.33667,586
1766029500,1.33668,1.33685,1.33616,1.33644,454
1766030400,1.33645,1.33699,1.33644,1.33658,536
1766031300,1.33657,1.33705,1.33642,1.33693,412
1766032200,1.33695,1.33707,1.33640,1.33654,359
1766033100,1.33655,1.33696,1.33649,1.33687,252
1766034000,1.33686,1.33711,1.33661,1.33678,239
1766034900,1.33680,1.33686,1.33655,1.33667,256
1766035800,1.33665,1.33670,1.33633,1.33635,180
1766036700,1.33634,1.33650,1.33618,1.33648,289
1766037600,1.33647,1.33662,1.33639,1.33657,151
1766038500,1.33658,1.33659,1.33637,1.33658,185
1766039400,1.33657,1.33670,1.33646,1.33656,160
1766040300,1.33657,1.33692,1.33650,1.33685,296
1766041200,1.33687,1.33732,1.33679,1.33729,351
1766042100,1.33731,1.33742,1.33689,1.33705,312
1766043000,1.33706,1.33711,1.33679,1.33679,280
1766043900,1.33680,1.33708,1.33668,1.33697,326
1766044800,1.33696,1.33708,1.33657,1.33676,425
1766045700,1.33675,1.33675,1.33624,1.33662,406
1766046600,1.33660,1.33673,1.33649,1.33667,364
1766047500,1.33668,1.33702,1.33658,1.33669,432
1766048400,1.33667,1.33742,1.33659,1.33692,490
1766049300,1.33693,1.33750,1.33667,1.33711,599
1766050200,1.33710,1.33711,1.33665,1.33703,611
1766051100,1.33704,1.33750,1.33636,1.33663,1169
1766052000,1.33661,1.33723,1.33657,1.33685,821
1766052900,1.33686,1.33705,1.33664,1.33703,497
1766053800,1.33704,1.33733,1.33636,1.33681,643
1766054700,1.33682,1.33682,1.33550,1.33593,473
1766055600,1.33592,1.33592,1.33518,1.33522,586
1766056500,1.33523,1.33531,1.33410,1.33447,802
1766057400,1.33451,1.33488,1.33443,1.33475,663
1766058300,1.33473,1.33495,1.33462,1.33487,669
1766059200,1.33486,1.33488,1.33446,1.33460,562
1766060100,1.33458,1.33481,1.33436,1.33472,442
1766061000,1.33471,1.33508,1.33447,1.33504,337
1766061900,1.33503,1.33532,1.33503,1.33524,415
1766062800,1.33525,1.33560,1.33499,1.33520,499
1766063700,1.33521,1.33551,1.33516,1.33532,303
1766064600,1.33531,1.33559,1.33495,1.33539,579
1766065500,1.33538,1.33582,1.33509,1.33509,701
1766066400,1.33509,1.33940,1.33404,1.33772,2427
1766067300,1.33773,1.33839,1.33753,1.33774,1014
1766068200,1.33773,1.33908,1.33767,1.33826,925
1766069100,1.33825,1.33970,1.33814,1.33953,1103
1766070000,1.33949,1.34045,1.33913,1.34023,1042
1766070900,1.34021,1.34096,1.34015,1.34048,1391
1766071800,1.34047,1.34391,1.34047,1.34196,3664
1766072700,1.34198,1.34425,1.34196,1.34277,2898
1766073600,1.34279,1.34466,1.34259,1.34280,3188
1766074500,1.34279,1.34323,1.34191,1.34207,1794
1766075400,1.34206,1.34238,1.34103,1.34109,2021
1766076300,1.34108,1.34229,1.34086,1.34156,1710
1766077200,1.34155,1.34158,1.34022,1.34072,1539
1766078100,1.34073,1.34076,1.33901,1.33936,1948
1766079000,1.33935,1.34043,1.33861,1.33994,1808
1766079900,1.33995,1.34026,1.33911,1.33947,1713
1766080800,1.33946,1.34053,1.33930,1.34022,1453
1766081700,1.34023,1.34036,1.33922,1.33943,1162
1766082600,1.33944,1.33987,1.33863,1.33931,1221
1766083500,1.33932,1.33938,1.33814,1.33862,1257
1766084400,1.33861,1.33869,1.33736,1.33739,1489
1766085300,1.33740,1.33771,1.33703,1.33752,1243
1766086200,1.33751,1.33847,1.33745,1.33837,876
1766087100,1.33838,1.33839,1.33750,1.33812,827
1766088000,1.33813,1.33815,1.33755,1.33812,868
1766088900,1.33813,1.33819,1.33750,1.33814,749
1766089800,1.33813,1.33850,1.33807,1.33812,413
1766090700,1.33813,1.33838,1.33798,1.33813,581
1766091600,1.33812,1.33873,1.33801,1.33838,861
1766092500,1.33837,1.33856,1.33822,1.33844,551
1766093400,1.33843,1.33886,1.33836,1.33884,566
1766094300,1.33883,1.33906,1.33838,1.33863,666
1766095200,1.33862,1.33897,1.33838,1.33844,622
1766096100,1.33842,1.33860,1.33828,1.33848,414
1766097000,1.33847,1.33873,1.33833,1.33844,367
1766097900,1.33843,1.33847,1.33773,1.33783,500
1766098800,1.33782,1.33827,1.33779,1.33825,145
1766099700,1.33824,1.33824,1.33791,1.33812,98
1766100600,1.33811,1.33812,1.33795,1.33808,109
1766101500,1.33809,1.33826,1.33806,1.33824,98
1766102400,1.33715,1.33813,1.33713,1.33750,225
1766103300,1.33747,1.33808,1.33740,1.33805,97
1766104200,1.33806,1.33810,1.33782,1.33783,40
1766105100,1.33783,1.33808,1.33782,1.33798,129
1766106000,1.33799,1.33861,1.33772,1.33829,468
1766106900,1.33828,1.33835,1.33808,1.33817,114
1766107800,1.33817,1.33832,1.33810,1.33831,109
1766108700,1.33831,1.33845,1.33828,1.33831,61
1766109600,1.33832,1.33843,1.33800,1.33802,171
1766110500,1.33804,1.33807,1.33791,1.33805,165
1766111400,1.33806,1.33807,1.33780,1.33794,385
1766112300,1.33795,1.33858,1.33791,1.33849,524
1766113200,1.33850,1.33857,1.33825,1.33848,415
1766114100,1.33847,1.33868,1.33810,1.33818,431
1766115000,1.33817,1.33824,1.33789,1.33807,567
1766115900,1.33808,1.33834,1.33799,1.33826,515
1766116800,1.33825,1.33860,1.33823,1.33848,388
1766117700,1.33847,1.33855,1.33814,1.33828,286
1766118600,1.33830,1.33833,1.33779,1.33804,397
1766119500,1.33805,1.33806,1.33778,1.33792,424
1766120400,1.33793,1.33808,1.33778,1.33800,361
1766121300,1.33798,1.33822,1.33735,1.33773,800
1766122200,1.33772,1.33781,1.33747,1.33766,353
1766123100,1.33767,1.33798,1.33752,1.33778,401
1766124000,1.33780,1.33803,1.33746,1.33759,483
1766124900,1.33758,1.33758,1.33715,1.33716,331
1766125800,1.33715,1.33737,1.33710,1.33726,306
1766126700,1.33725,1.33728,1.33699,1.33723,290
1766127600,1.33724,1.33749,1.33724,1.33742,239
1766128500,1.33737,1.33752,1.33730,1.33752,224
1766129400,1.33753,1.33756,1.33727,1.33742,211
1766130300,1.33743,1.33769,1.33739,1.33760,308
1766131200,1.33758,1.33787,1.33744,1.33778,380
1766132100,1.33777,1.33792,1.33764,1.33777,344
1766133000,1.33778,1.33820,1.33704,1.33719,900
1766133900,1.33718,1.33854,1.33711,1.33827,747
1766134800,1.33821,1.33855,1.33769,1.33803,784
1766135700,1.33804,1.33822,1.33739,1.33774,643
1766136600,1.33772,1.33785,1.33665,1.33665,473
1766137500,1.33666,1.33696,1.33632,1.33654,739
1766138400,1.33655,1.33763,1.33648,1.33760,891
1766139300,1.33761,1.33805,1.33734,1.33757,749
1766140200,1.33755,1.33777,1.33718,1.33739,763
1766141100,1.33740,1.33766,1.33720,1.33741,695
1766142000,1.33740,1.33766,1.33724,1.33751,602
1766142900,1.33750,1.33820,1.33750,1.33783,785
1766143800,1.33782,1.33816,1.33751,1.33814,749
1766144700,1.33815,1.33876,1.33750,1.33818,962
1766145600,1.33817,1.33840,1.33798,1.33824,644
1766146500,1.33825,1.33865,1.33784,1.33825,477
1766147400,1.33824,1.33825,1.33741,1.33774,528
1766148300,1.33775,1.33835,1.33761,1.33808,574
1766149200,1.33809,1.33821,1.33741,1.33755,545
1766150100,1.33754,1.33754,1.33709,1.33738,622
1766151000,1.33737,1.33754,1.33691,1.33714,545
1766151900,1.33713,1.33745,1.33707,1.33724,507
1766152800,1.33723,1.33753,1.33709,1.33723,635
1766153700,1.33724,1.33741,1.33684,1.33732,585
1766154600,1.33733,1.33783,1.33731,1.33772,568
1766155500,1.33771,1.33786,1.33710,1.33732,561
1766156400,1.33733,1.33739,1.33657,1.33671,877
1766157300,1.33672,1.33706,1.33572,1.33704,1132
1766158200,1.33703,1.33724,1.33651,1.33651,1038
1766159100,1.33652,1.33732,1.33633,1.33722,776
1766160000,1.33723,1.33841,1.33711,1.33836,1523
1766160900,1.33837,1.33869,1.33802,1.33802,1181
1766161800,1.33800,1.33809,1.33724,1.33781,1446
1766162700,1.33782,1.33782,1.33667,1.33697,1103
1766163600,1.33691,1.33727,1.33657,1.33682,1278
1766164500,1.33683,1.33691,1.33572,1.33582,965
1766165400,1.33580,1.33685,1.33572,1.33604,1306
1766166300,1.33605,1.33634,1.33571,1.33617,1430
1766167200,1.33616,1.33726,1.33597,1.33717,1215
1766168100,1.33718,1.33769,1.33709,1.33737,740
1766169000,1.33736,1.33778,1.33716,1.33746,856
1766169900,1.33747,1.33777,1.33696,1.33775,781
1766170800,1.33773,1.33796,1.33690,1.33707,555
1766171700,1.33708,1.33797,1.33708,1.33773,756
1766172600,1.33772,1.33812,1.33764,1.33791,505
1766173500,1.33792,1.33809,1.33737,1.33772,670
1766174400,1.33771,1.33847,1.33758,1.33846,678
1766175300,1.33847,1.33897,1.33837,1.33881,518
1766176200,1.33880,1.33882,1.33854,1.33858,652
1766177100,1.33859,1.33901,1.33847,1.33861,642
1766178000,1.33860,1.33861,1.33816,1.33856,546
1766178900,1.33853,1.33897,1.33841,1.33882,454
1766179800,1.33881,1.33887,1.33848,1.33868,455
1766180700,1.33867,1.33917,1.33867,1.33907,440
1766181600,1.33902,1.33942,1.33886,1.33891,475
1766182500,1.33892,1.33893,1.33869,1.33882,408
1766183400,1.33881,1.33881,1.33848,1.33849,322
1766184300,1.33848,1.33861,1.33735,1.33739,749
1766185200,1.33759,1.33778,1.33738,1.33742,208
1766186100,1.33743,1.33789,1.33741,1.33769,250
1766187000,1.33770,1.33780,1.33728,1.33761,167
1766187900,1.33760,1.33802,1.33740,1.33765,443
1766361600,1.33726,1.33743,1.33720,1.33742,48
1766362500,1.33743,1.33747,1.33725,1.33741,75
1766363400,1.33741,1.33803,1.33722,1.33793,387
1766364300,1.33794,1.33804,1.33771,1.33773,125
1766365200,1.33767,1.33829,1.33728,1.33794,445
1766366100,1.33793,1.33839,1.33791,1.33838,854
1766367000,1.33838,1.33838,1.33786,1.33797,839
1766367900,1.33798,1.33798,1.33727,1.33777,936
1766368800,1.33778,1.33860,1.33777,1.33843,1348
1766369700,1.33843,1.33887,1.33804,1.33856,1742
1766370600,1.33856,1.33889,1.33837,1.33858,1513
1766371500,1.33859,1.33903,1.33835,1.33894,1896
1766372400,1.33900,1.33961,1.33894,1.33919,3259
1766373300,1.33917,1.33957,1.33907,1.33942,1830
1766374200,1.33945,1.33978,1.33914,1.33957,2020
1766375100,1.33958,1.33964,1.33926,1.33958,964
1766376000,1.33957,1.33996,1.33957,1.33978,167
1766376900,1.33980,1.33988,1.33949,1.33961,228
1766377800,1.33960,1.33998,1.33946,1.33957,187
1766378700,1.33958,1.33958,1.33915,1.33928,217
1766379600,1.33927,1.33954,1.33916,1.33946,195
1766380500,1.33945,1.33972,1.33937,1.33949,266
1766381400,1.33950,1.33971,1.33927,1.33948,219
1766382300,1.33949,1.33970,1.33926,1.33928,437
1766383200,1.33927,1.33997,1.33922,1.33988,381
1766384100,1.33990,1.33993,1.33966,1.33977,193
1766385000,1.33978,1.33992,1.33977,1.33989,233
1766385900,1.33990,1.34016,1.33986,1.33988,207
1766386800,1.33987,1.34008,1.33984,1.34005,204
1766387700,1.34006,1.34011,1.33996,1.33998,205
1766388600,1.33999,1.34008,1.33961,1.33977,330
1766389500,1.33978,1.33993,1.33959,1.33973,220
1766390400,1.33971,1.33989,1.33965,1.33980,277
1766391300,1.33981,1.34000,1.33956,1.33967,339
1766392200,1.33966,1.33969,1.33918,1.33949,309
1766393100,1.33950,1.33958,1.33926,1.33939,294
1766394000,1.33939,1.34030,1.33939,1.33967,527
1766394900,1.33966,1.34055,1.33948,1.34049,466
1766395800,1.34048,1.34188,1.34037,1.34169,614
1766396700,1.34170,1.34191,1.34131,1.34137,672
1766397600,1.34136,1.34161,1.34094,1.34116,806
1766398500,1.34117,1.34211,1.34105,1.34168,480
1766399400,1.34167,1.34194,1.34106,1.34171,551
1766400300,1.34172,1.34240,1.34172,1.34199,723
1766401200,1.34198,1.34208,1.34168,1.34184,562
1766402100,1.34185,1.34185,1.34103,1.34168,471
1766403000,1.34170,1.34218,1.34166,1.34191,491
1766403900,1.34192,1.34247,1.34183,1.34244,379
1766404800,1.34245,1.34344,1.34243,1.34331,740
1766405700,1.34332,1.34361,1.34308,1.34330,515
1766406600,1.34331,1.34372,1.34292,1.34342,462
1766407500,1.34343,1.34402,1.34307,1.34351,613
1766408400,1.34352,1.34389,1.34326,1.34382,536
1766409300,1.34383,1.34391,1.34328,1.34339,332
1766410200,1.34338,1.34409,1.34322,1.34409,373
1766411100,1.34410,1.34421,1.34341,1.34387,513
1766412000,1.34384,1.34420,1.34318,1.34327,875
1766412900,1.34328,1.34349,1.34308,1.34328,528
1766413800,1.34327,1.34358,1.34263,1.34328,659
1766414700,1.34329,1.34343,1.34282,1.34335,485
1766415600,1.34336,1.34417,1.34317,1.34401,916
1766416500,1.34402,1.34408,1.34353,1.34381,521
1766417400,1.34380,1.34443,1.34346,1.34429,705
1766418300,1.34430,1.34440,1.34375,1.34377,880
1766419200,1.34378,1.34384,1.34316,1.34378,801
1766420100,1.34379,1.34489,1.34362,1.34481,759
1766421000,1.34482,1.34572,1.34469,1.34517,1213
1766421900,1.34518,1.34535,1.34488,1.34503,903
1766422800,1.34499,1.34568,1.34470,1.34478,902
1766423700,1.34479,1.34522,1.34443,1.34501,892
1766424600,1.34500,1.34589,1.34488,1.34550,965
1766425500,1.34551,1.34568,1.34487,1.34541,1028
1766426400,1.34540,1.34565,1.34524,1.34557,862
1766427300,1.34558,1.34583,1.34491,1.34508,921
1766428200,1.34507,1.34547,1.34468,1.34528,850
1766429100,1.34527,1.34577,1.34487,1.34559,700
1766430000,1.34558,1.34701,1.34558,1.34658,859
1766430900,1.34659,1.34689,1.34595,1.34687,792
1766431800,1.34688,1.34774,1.34686,1.34718,784
1766432700,1.34717,1.34748,1.34707,1.34707,575
1766433600,1.34708,1.34708,1.34597,1.34637,639
1766434500,1.34638,1.34653,1.34588,1.34589,529
1766435400,1.34588,1.34598,1.34563,1.34597,480
1766436300,1.34598,1.34659,1.34597,1.34621,441
1766437200,1.34620,1.34639,1.34597,1.34607,438
1766438100,1.34608,1.34609,1.34561,1.34594,468
1766439000,1.34593,1.34604,1.34564,1.34573,318
1766439900,1.34574,1.34598,1.34542,1.34584,391
1766440800,1.34586,1.34588,1.34544,1.34584,493
1766441700,1.34585,1.34618,1.34573,1.34598,191
1766442600,1.34597,1.34629,1.34588,1.34626,177
1766443500,1.34627,1.34627,1.34563,1.34576,373
1766444400,1.34575,1.34591,1.34564,1.34578,129
1766445300,1.34579,1.34598,1.34566,1.34594,73
1766446200,1.34595,1.34612,1.34595,1.34607,62
1766447100,1.34608,1.34610,1.34605,1.34605,37
1766448000,1.34473,1.34583,1.34461,1.34571,2409
1766448900,1.34570,1.34590,1.34530,1.34571,800
1766449800,1.34571,1.34615,1.34570,1.34597,138
1766450700,1.34598,1.34612,1.34588,1.34607,134
1766451600,1.34605,1.34682,1.34591,1.34647,388
1766452500,1.34647,1.34656,1.34647,1.34652,97
1766453400,1.34652,1.34670,1.34647,1.34666,59
1766454300,1.34666,1.34689,1.34666,1.34680,48
1766455200,1.34679,1.34760,1.34678,1.34749,206
1766456100,1.34750,1.34752,1.34728,1.34751,93
1766457000,1.34749,1.34759,1.34739,1.34748,147
1766457900,1.34749,1.34758,1.34715,1.34720,300
1766458800,1.34721,1.34753,1.34696,1.34751,334
1766459700,1.34752,1.34760,1.34704,1.34729,390
1766460600,1.34728,1.34833,1.34722,1.34800,327
1766461500,1.34799,1.34808,1.34759,1.34769,330
1766462400,1.34768,1.34821,1.34754,1.34809,340
1766463300,1.34810,1.34812,1.34788,1.34812,228
1766464200,1.34811,1.34842,1.34810,1.34831,272
1766465100,1.34832,1.34862,1.34821,1.34828,247
1766466000,1.34829,1.34879,1.34815,1.34871,358
1766466900,1.34872,1.34873,1.34799,1.34831,378
1766467800,1.34830,1.34853,1.34827,1.34847,261
1766468700,1.34842,1.34899,1.34838,1.34891,408
1766469600,1.34890,1.34922,1.34870,1.34922,510
1766470500,1.34921,1.34924,1.34880,1.34883,354
1766471400,1.34882,1.34910,1.34862,1.34870,379
1766472300,1.34871,1.34882,1.34856,1.34879,234
1766473200,1.34878,1.34914,1.34868,1.34900,344
1766474100,1.34901,1.34937,1.34899,1.34931,255
1766475000,1.34930,1.34931,1.34901,1.34909,304
1766475900,1.34910,1.34912,1.34888,1.34889,287
1766476800,1.34888,1.34901,1.34872,1.34872,392
1766477700,1.34871,1.34881,1.34858,1.34862,364
1766478600,1.34861,1.34870,1.34823,1.34867,466
1766479500,1.34868,1.34876,1.34801,1.34807,423
1766480400,1.34806,1.34888,1.34806,1.34850,620
1766481300,1.34849,1.34910,1.34845,1.34858,435
1766482200,1.34859,1.34951,1.34859,1.34922,590
1766483100,1.34923,1.35028,1.34898,1.35017,707
1766484000,1.35016,1.35117,1.34963,1.35092,1047
1766484900,1.35094,1.35098,1.35038,1.35091,861
1766485800,1.35090,1.35106,1.35055,1.35084,766
1766486700,1.35085,1.35097,1.35026,1.35097,585
1766487600,1.35098,1.35186,1.35091,1.35172,1074
1766488500,1.35174,1.35176,1.34968,1.35007,1080
1766489400,1.35006,1.35098,1.35004,1.35080,855
1766490300,1.35081,1.35082,1.35021,1.35054,789
1766491200,1.35053,1.35098,1.35024,1.35077,954
1766492100,1.35078,1.35117,1.35068,1.35086,700
1766493000,1.35087,1.35094,1.35011,1.35049,704
1766493900,1.35052,1.35177,1.35034,1.35156,1117
1766494800,1.35155,1.35189,1.35100,1.35126,612
1766495700,1.35127,1.35129,1.35079,1.35086,336
1766496600,1.35085,1.35127,1.35057,1.35067,591
1766497500,1.35068,1.35091,1.35031,1.35036,574
1766498400,1.35035,1.35097,1.35010,1.35085,603
1766499300,1.35086,1.35098,1.35057,1.35094,380
1766500200,1.35093,1.35109,1.35043,1.35046,500
1766501100,1.35047,1.35095,1.35016,1.35021,682
1766502000,1.35019,1.35050,1.35002,1.35046,998
1766502900,1.35047,1.35104,1.35011,1.35062,810
1766503800,1.35061,1.35128,1.34982,1.35114,1526
1766504700,1.35112,1.35125,1.34943,1.34947,1465
1766505600,1.34949,1.34958,1.34895,1.34907,1394
1766506500,1.34908,1.34955,1.34872,1.34955,999
1766507400,1.34954,1.35003,1.34872,1.34902,1368
1766508300,1.34903,1.34938,1.34825,1.34846,1242
1766509200,1.34845,1.34954,1.34807,1.34945,1863
1766510100,1.34947,1.34965,1.34897,1.34907,1225
1766511000,1.34906,1.34928,1.34768,1.34791,1110
1766511900,1.34792,1.34848,1.34722,1.34838,1531
1766512800,1.34837,1.34848,1.34791,1.34811,1011
1766513700,1.34813,1.34855,1.34797,1.34821,757
1766514600,1.34822,1.34848,1.34795,1.34844,721
1766515500,1.34845,1.34878,1.34826,1.34849,540
1766516400,1.34848,1.34870,1.34769,1.34770,616
1766517300,1.34771,1.34816,1.34747,1.34789,508
1766518200,1.34788,1.34794,1.34743,1.34763,538
1766519100,1.34762,1.34776,1.34710,1.34733,510
1766520000,1.34732,1.34766,1.34720,1.34762,532
1766520900,1.34760,1.34827,1.34752,1.34807,473
1766521800,1.34806,1.34837,1.34805,1.34831,492
1766522700,1.34832,1.34897,1.34831,1.34894,464
1766523600,1.34895,1.34972,1.34886,1.34968,601
1766524500,1.34969,1.34974,1.34924,1.34924,495
1766525400,1.34926,1.34933,1.34906,1.34923,323
1766526300,1.34924,1.34974,1.34921,1.34971,428
1766527200,1.34970,1.34983,1.34944,1.34983,422
1766528100,1.34984,1.34994,1.34972,1.34982,201
1766529000,1.34981,1.35005,1.34971,1.34993,268
1766529900,1.34994,1.35000,1.34969,1.34992,314
1766530800,1.34991,1.35036,1.34990,1.35027,137
1766531700,1.35030,1.35061,1.35010,1.35061,117
1766532600,1.35062,1.35183,1.35062,1.35182,221
1766533500,1.35183,1.35236,1.35179,1.35229,94
1766534400,1.35095,1.35146,1.34928,1.34928,60
1766535300,1.34928,1.35173,1.34909,1.35144,208
1766536200,1.35147,1.35161,1.35117,1.35149,169
1766537100,1.35149,1.35154,1.35123,1.35144,156
1766538000,1.35141,1.35166,1.34979,1.35131,294
1766538900,1.35129,1.35132,1.35108,1.35116,164
1766539800,1.35116,1.35137,1.35101,1.35129,160
1766540700,1.35129,1.35146,1.35119,1.35129,128
1766541600,1.35129,1.35170,1.35122,1.35129,424
1766542500,1.35134,1.35140,1.35071,1.35099,285
1766543400,1.35098,1.35119,1.35070,1.35119,344
1766544300,1.35118,1.35152,1.35097,1.35149,315
1766545200,1.35145,1.35153,1.35109,1.35132,408
1766546100,1.35133,1.35231,1.35130,1.35217,463
1766547000,1.35218,1.35303,1.35215,1.35285,733
1766547900,1.35284,1.35319,1.35269,1.35293,345
1766548800,1.35292,1.35333,1.35284,1.35322,417
1766549700,1.35324,1.35341,1.35299,1.35299,284
1766550600,1.35298,1.35301,1.35272,1.35288,273
1766551500,1.35289,1.35295,1.35267,1.35273,236
1766552400,1.35272,1.35275,1.35207,1.35221,441
1766553300,1.35222,1.35228,1.35199,1.35207,330
1766554200,1.35206,1.35224,1.35155,1.35165,323
1766555100,1.35166,1.35178,1.35154,1.35163,257
1766556000,1.35164,1.35165,1.35118,1.35119,230
1766556900,1.35120,1.35130,1.35095,1.35128,211
1766557800,1.35129,1.35153,1.35118,1.35144,215
1766558700,1.35145,1.35163,1.35133,1.35138,256
1766559600,1.35137,1.35150,1.35128,1.35134,269
1766560500,1.35135,1.35141,1.35126,1.35139,162
1766561400,1.35138,1.35182,1.35138,1.35182,242
1766562300,1.35181,1.35224,1.35170,1.35192,243
1766563200,1.35191,1.35232,1.35187,1.35220,459
1766564100,1.35219,1.35222,1.35164,1.35190,484
1766565000,1.35189,1.35232,1.35169,1.35219,276
1766565900,1.35218,1.35242,1.35203,1.35208,311
1766566800,1.35206,1.35231,1.35156,1.35179,509
1766567700,1.35180,1.35181,1.35148,1.35163,473
1766568600,1.35162,1.35168,1.35113,1.35148,469
1766569500,1.35149,1.35152,1.35094,1.35105,485
1766570400,1.35102,1.35160,1.35053,1.35078,974
1766571300,1.35077,1.35093,1.35027,1.35062,632
1766572200,1.35063,1.35133,1.35059,1.35128,665
1766573100,1.35129,1.35222,1.35129,1.35220,566
1766574000,1.35221,1.35257,1.35207,1.35256,500
1766574900,1.35257,1.35280,1.35218,1.35222,383
1766575800,1.35223,1.35251,1.35204,1.35228,240
1766576700,1.35224,1.35252,1.35209,1.35220,402
1766577600,1.35218,1.35222,1.35173,1.35185,399
1766578500,1.35186,1.35237,1.35173,1.35217,411
1766579400,1.35216,1.35218,1.35165,1.35169,414
1766580300,1.35170,1.35192,1.35123,1.35168,477
1766581200,1.35169,1.35191,1.35142,1.35169,610
1766582100,1.35167,1.35175,1.35137,1.35146,374
1766583000,1.35145,1.35145,1.35110,1.35116,524
1766583900,1.35117,1.35157,1.35115,1.35142,394
1766584800,1.35140,1.35144,1.35103,1.35137,621
1766585700,1.35136,1.35138,1.35071,1.35076,489
1766586600,1.35077,1.35132,1.35074,1.35104,535
1766587500,1.35101,1.35101,1.35015,1.35037,565
1766588400,1.35036,1.35077,1.35026,1.35074,707
1766589300,1.35076,1.35080,1.35028,1.35035,597
1766590200,1.35034,1.35090,1.35015,1.35067,721
1766591100,1.35068,1.35094,1.35046,1.35049,492
1766592000,1.35047,1.35079,1.35031,1.35066,516
1766592900,1.35068,1.35107,1.35046,1.35049,441
1766593800,1.35048,1.35069,1.35011,1.35045,928
1766594700,1.35046,1.35051,1.34968,1.34968,798
1766595600,1.34963,1.35029,1.34921,1.35018,904
1766596500,1.35019,1.35071,1.35015,1.35047,671
1766597400,1.35046,1.35095,1.35034,1.35080,716
1766598300,1.35079,1.35098,1.35009,1.35071,909
1766599200,1.35067,1.35073,1.34997,1.35006,586
1766600100,1.35007,1.35029,1.34997,1.35009,555
1766601000,1.35009,1.35106,1.35003,1.35027,594
1766601900,1.35031,1.35033,1.34986,1.35022,427
1766602800,1.35021,1.35060,1.35003,1.35008,507
1766603700,1.35009,1.35038,1.34996,1.35037,267
1766604600,1.35038,1.35058,1.35026,1.35027,414
1766605500,1.35028,1.35038,1.34928,1.34975,406
1766606400,1.34974,1.34976,1.34948,1.34955,24
1766743200,1.34822,1.34822,1.34769,1.34796,990
1766744100,1.34797,1.34910,1.34792,1.34882,790
1766745000,1.34882,1.34893,1.34857,1.34864,718
1766745900,1.34863,1.34961,1.34863,1.34956,504
1766746800,1.34957,1.34981,1.34897,1.34901,663
1766747700,1.34900,1.34901,1.34860,1.34877,459
1766748600,1.34876,1.34879,1.34830,1.34844,355
1766749500,1.34843,1.34890,1.34841,1.34853,316
1766750400,1.34852,1.34902,1.34837,1.34899,446
1766751300,1.34900,1.34949,1.34894,1.34902,500
1766752200,1.34901,1.34939,1.34901,1.34915,494
1766753100,1.34917,1.34927,1.34882,1.34882,509
1766754000,1.34883,1.34924,1.34883,1.34908,475
1766754900,1.34909,1.34977,1.34904,1.34934,408
1766755800,1.34933,1.34964,1.34920,1.34960,421
1766756700,1.34963,1.34969,1.34918,1.34947,397
1766757600,1.34946,1.34953,1.34923,1.34926,419
1766758500,1.34927,1.34932,1.34886,1.34900,380
1766759400,1.34899,1.34950,1.34898,1.34942,318
1766760300,1.34943,1.34971,1.34932,1.34967,343
1766761200,1.34966,1.35054,1.34947,1.35039,778
1766762100,1.35038,1.35147,1.35025,1.35147,532
1766763000,1.35146,1.35260,1.35131,1.35238,875
1766763900,1.35239,1.35272,1.35155,1.35168,960
1766764800,1.35169,1.35213,1.35146,1.35186,718
1766765700,1.35187,1.35212,1.35148,1.35149,503
1766766600,1.35148,1.35148,1.35095,1.35107,863
1766767500,1.35108,1.35181,1.35070,1.35157,944
1766768400,1.35156,1.35258,1.35147,1.35217,823
1766769300,1.35217,1.35257,1.35202,1.35222,517
1766770200,1.35223,1.35226,1.35100,1.35119,669
1766771100,1.35118,1.35120,1.35035,1.35069,946
1766772000,1.35068,1.35075,1.34944,1.34952,1380
1766772900,1.34955,1.34958,1.34825,1.34853,1446
1766773800,1.34855,1.34895,1.34844,1.34864,795
1766774700,1.34864,1.34887,1.34838,1.34875,667
1766775600,1.34876,1.34919,1.34837,1.34837,625
1766776500,1.34839,1.34925,1.34818,1.34907,871
1766777400,1.34908,1.34917,1.34830,1.34915,1083
1766778300,1.34913,1.34969,1.34903,1.34949,572
1766779200,1.34948,1.34974,1.34933,1.34948,438
1766780100,1.34949,1.34972,1.34928,1.34952,544
1766781000,1.34951,1.34995,1.34942,1.34983,895
1766781900,1.34984,1.34995,1.34956,1.34956,817
1766782800,1.34956,1.34969,1.34906,1.34914,1272
1766783700,1.34915,1.34977,1.34898,1.34956,423
1766784600,1.34954,1.34965,1.34942,1.34963,361
1766785500,1.34964,1.35001,1.34948,1.35001,348
1766786400,1.35002,1.35058,1.35002,1.35016,470
1766787300,1.35017,1.35027,1.34992,1.35018,291
1766788200,1.35017,1.35063,1.35016,1.35032,321
1766789100,1.35029,1.35046,1.34991,1.35034,447
1766790000,1.35045,1.35058,1.35028,1.35051,312
1766790900,1.35052,1.35056,1.35014,1.35041,232
1766791800,1.35042,1.35042,1.34926,1.34977,580
1766792700,1.34978,1.35011,1.34969,1.34976,877
1766966400,1.34803,1.34970,1.34803,1.34948,737
1766967300,1.34950,1.34966,1.34824,1.34952,351
1766968200,1.34952,1.34969,1.34952,1.34966,75
1766969100,1.34966,1.34971,1.34815,1.34934,153
1766970000,1.34940,1.34951,1.34828,1.34951,735
1766970900,1.34951,1.34999,1.34951,1.34953,697
1766971800,1.34953,1.34978,1.34936,1.34969,191
1766972700,1.34969,1.35008,1.34958,1.34970,240
1766973600,1.34971,1.35042,1.34971,1.35037,423
1766974500,1.35038,1.35058,1.34998,1.35039,392
1766975400,1.35038,1.35067,1.35009,1.35018,548
1766976300,1.35019,1.35083,1.35005,1.35078,627
1766977200,1.35077,1.35111,1.35058,1.35095,787
1766978100,1.35096,1.35121,1.35087,1.35088,561
1766979000,1.35087,1.35099,1.35058,1.35079,510
1766979900,1.35081,1.35109,1.35068,1.35092,428
1766980800,1.35091,1.35101,1.35047,1.35050,599
1766981700,1.35055,1.35056,1.35022,1.35038,395
1766982600,1.35037,1.35051,1.35029,1.35039,371
1766983500,1.35041,1.35092,1.35041,1.35070,254
1766984400,1.35069,1.35073,1.35047,1.35056,274
1766985300,1.35058,1.35069,1.35043,1.35044,249
1766986200,1.35042,1.35090,1.35030,1.35079,223
1766987100,1.35078,1.35098,1.35067,1.35069,222
1766988000,1.35067,1.35069,1.34986,1.35005,276
1766988900,1.35006,1.35023,1.34980,1.35021,197
1766989800,1.35020,1.35039,1.35001,1.35007,211
1766990700,1.35008,1.35009,1.34941,1.34942,248
1766991600,1.34940,1.34941,1.34869,1.34878,428
1766992500,1.34877,1.34878,1.34837,1.34862,385
1766993400,1.34861,1.34921,1.34857,1.34921,398
1766994300,1.34922,1.34948,1.34909,1.34912,299
1766995200,1.34911,1.34947,1.34885,1.34886,411
1766996100,1.34887,1.34959,1.34872,1.34957,456
1766997000,1.34958,1.34968,1.34902,1.34932,517
1766997900,1.34934,1.34977,1.34913,1.34968,507
1766998800,1.34969,1.34979,1.34848,1.34903,1066
1766999700,1.34905,1.34952,1.34866,1.34872,812
1767000600,1.34871,1.34893,1.34818,1.34877,837
1767001500,1.34878,1.34896,1.34829,1.34852,730
1767002400,1.34851,1.34872,1.34772,1.34861,988
1767003300,1.34862,1.34914,1.34848,1.34852,494
1767004200,1.34851,1.34904,1.34829,1.34861,641
1767005100,1.34862,1.34979,1.34802,1.34857,863
1767006000,1.34856,1.34880,1.34737,1.34844,1051
1767006900,1.34845,1.34934,1.34824,1.34932,598
1767007800,1.34931,1.35080,1.34901,1.34935,1118
1767008700,1.34936,1.34936,1.34880,1.34904,754
1767009600,1.34903,1.34988,1.34888,1.34987,761
1767010500,1.34988,1.35060,1.34987,1.35023,831
1767011400,1.35020,1.35089,1.35006,1.35044,872
1767012300,1.35045,1.35078,1.34977,1.34978,1134
1767013200,1.34977,1.35010,1.34894,1.34905,977
1767014100,1.34906,1.34975,1.34895,1.34957,787
1767015000,1.34956,1.35112,1.34951,1.35103,1020
1767015900,1.35102,1.35102,1.34889,1.34892,690
1767016800,1.34891,1.34897,1.34806,1.34807,1240
1767017700,1.34806,1.34810,1.34691,1.34747,1186
1767018600,1.34749,1.34797,1.34714,1.34747,701
1767019500,1.34748,1.34883,1.34731,1.34826,1086
1767020400,1.34825,1.34872,1.34811,1.34863,1124
1767021300,1.34864,1.34883,1.34818,1.34818,989
1767022200,1.34819,1.34912,1.34789,1.34888,1065
1767023100,1.34889,1.34968,1.34867,1.34935,1122
1767024000,1.34936,1.34985,1.34860,1.34967,1184
1767024900,1.34968,1.34977,1.34878,1.34967,933
1767025800,1.34971,1.35069,1.34942,1.34988,1632
1767026700,1.34987,1.35072,1.34987,1.35008,1463
1767027600,1.35011,1.35050,1.34925,1.34967,1736
1767028500,1.34971,1.34978,1.34857,1.34942,1584
1767029400,1.34940,1.35014,1.34866,1.34974,1430
1767030300,1.34975,1.35126,1.34911,1.35005,2461
1767031200,1.35003,1.35006,1.34944,1.34986,1555
1767032100,1.34987,1.34992,1.34872,1.34879,1026
1767033000,1.34878,1.34957,1.34851,1.34957,1236
1767033900,1.34958,1.34996,1.34922,1.34936,1247
1767034800,1.34935,1.34949,1.34875,1.34911,1061
1767035700,1.34910,1.34956,1.34853,1.34883,1037
1767036600,1.34884,1.34906,1.34847,1.34868,608
1767037500,1.34869,1.34876,1.34815,1.34856,691
1767038400,1.34855,1.34910,1.34843,1.34906,682
1767039300,1.34908,1.34956,1.34905,1.34946,711
1767040200,1.34945,1.34957,1.34910,1.34918,618
1767041100,1.34917,1.34956,1.34900,1.34908,641
1767042000,1.34907,1.34927,1.34891,1.34926,437
1767042900,1.34920,1.34986,1.34907,1.34978,509
1767043800,1.34980,1.35038,1.34977,1.35017,406
1767044700,1.35018,1.35084,1.34995,1.35068,597
1767045600,1.35067,1.35098,1.35065,1.35080,548
1767046500,1.35082,1.35092,1.35036,1.35047,411
1767047400,1.35046,1.35060,1.35029,1.35031,327
1767048300,1.35034,1.35045,1.35019,1.35045,445
1767049200,1.35044,1.35105,1.35036,1.35079,223
1767050100,1.35078,1.35157,1.35072,1.35120,163
1767051000,1.35119,1.35131,1.35089,1.35089,146
1767051900,1.35089,1.35095,1.35084,1.35091,68
1767052800,1.35006,1.35025,1.35006,1.35016,36
1767053700,1.35016,1.35046,1.34983,1.34983,295
1767054600,1.34983,1.35072,1.34983,1.35044,121
1767055500,1.35045,1.35047,1.34982,1.35003,146
1767056400,1.35002,1.35088,1.35002,1.35070,250
1767057300,1.35069,1.35083,1.35066,1.35066,293
1767058200,1.35066,1.35087,1.35066,1.35080,166
1767059100,1.35081,1.35090,1.35079,1.35088,80
1767060000,1.35087,1.35100,1.35079,1.35084,164
1767060900,1.35083,1.35099,1.35083,1.35091,141
1767061800,1.35090,1.35093,1.35043,1.35049,189
1767062700,1.35050,1.35056,1.35001,1.35027,335
1767063600,1.35026,1.35026,1.34977,1.35022,323
1767064500,1.35024,1.35049,1.34984,1.34988,212
1767065400,1.34985,1.35053,1.34984,1.35052,280
1767066300,1.35053,1.35093,1.35046,1.35087,332
1767067200,1.35088,1.35116,1.35040,1.35055,378
1767068100,1.35054,1.35067,1.35014,1.35017,361
1767069000,1.35016,1.35034,1.35007,1.35010,257
1767069900,1.35011,1.35048,1.35011,1.35026,197
1767070800,1.35027,1.35039,1.34999,1.35021,267
1767071700,1.35022,1.35056,1.35018,1.35056,219
1767072600,1.35057,1.35070,1.35050,1.35058,197
1767073500,1.35059,1.35077,1.35050,1.35053,180
1767074400,1.35052,1.35072,1.35040,1.35065,191
1767075300,1.35066,1.35086,1.35057,1.35077,123
1767076200,1.35079,1.35103,1.35077,1.35096,153
1767077100,1.35097,1.35110,1.35084,1.35105,206
1767078000,1.35104,1.35169,1.35104,1.35149,292
1767078900,1.35150,1.35170,1.35138,1.35155,286
1767079800,1.35155,1.35172,1.35139,1.35147,254
1767080700,1.35146,1.35156,1.35115,1.35150,511
1767081600,1.35149,1.35195,1.35146,1.35187,383
1767082500,1.35186,1.35218,1.35124,1.35127,463
1767083400,1.35126,1.35189,1.35117,1.35188,538
1767084300,1.35189,1.35191,1.35149,1.35157,352
1767085200,1.35154,1.35156,1.35074,1.35092,595
1767086100,1.35095,1.35119,1.35007,1.35037,484
1767087000,1.35038,1.35052,1.35009,1.35019,559
1767087900,1.35021,1.35068,1.35011,1.35059,580
1767088800,1.35058,1.35110,1.35049,1.35071,950
1767089700,1.35074,1.35147,1.35074,1.35109,757
1767090600,1.35108,1.35189,1.35104,1.35136,753
1767091500,1.35137,1.35137,1.35078,1.35089,560
1767092400,1.35090,1.35147,1.35075,1.35106,668
1767093300,1.35107,1.35186,1.35106,1.35172,647
1767094200,1.35171,1.35182,1.35101,1.35132,653
1767095100,1.35133,1.35176,1.35124,1.35142,616
1767096000,1.35143,1.35223,1.35143,1.35181,508
1767096900,1.35180,1.35222,1.35172,1.35207,454
1767097800,1.35206,1.35308,1.35204,1.35249,667
1767098700,1.35247,1.35247,1.35193,1.35212,502
1767099600,1.35213,1.35248,1.35173,1.35230,546
1767100500,1.35231,1.35233,1.35140,1.35144,375
1767101400,1.35146,1.35150,1.35045,1.35062,432
1767102300,1.35063,1.35088,1.35031,1.35043,671
1767103200,1.35045,1.35063,1.34976,1.35057,773
1767104100,1.35058,1.35058,1.34996,1.35040,516
1767105000,1.35041,1.35085,1.35024,1.35024,595
1767105900,1.35023,1.35023,1.34933,1.34967,696
1767106800,1.34966,1.34977,1.34923,1.34955,811
1767107700,1.34956,1.34994,1.34924,1.34935,847
1767108600,1.34934,1.34961,1.34876,1.34909,953
1767109500,1.34907,1.34967,1.34870,1.34878,940
1767110400,1.34877,1.34879,1.34801,1.34825,918
1767111300,1.34826,1.34875,1.34772,1.34776,901
1767112200,1.34777,1.34844,1.34737,1.34743,1097
1767113100,1.34742,1.34806,1.34713,1.34764,1554
1767114000,1.34763,1.34784,1.34603,1.34616,1442
1767114900,1.34617,1.34627,1.34523,1.34531,1120
1767115800,1.34529,1.34607,1.34495,1.34607,1006
1767116700,1.34608,1.34767,1.34554,1.34736,1445
1767117600,1.34737,1.34748,1.34629,1.34645,1254
1767118500,1.34646,1.34770,1.34643,1.34727,1020
1767119400,1.34725,1.34826,1.34714,1.34786,812
1767120300,1.34787,1.34836,1.34757,1.34766,830
1767121200,1.34767,1.34787,1.34682,1.34687,649
1767122100,1.34686,1.34753,1.34675,1.34712,606
1767123000,1.34711,1.34723,1.34657,1.34678,484
1767123900,1.34681,1.34708,1.34654,1.34696,470
1767124800,1.34691,1.34736,1.34682,1.34725,499
1767125700,1.34726,1.34747,1.34713,1.34738,400
1767126600,1.34737,1.34738,1.34691,1.34696,374
1767127500,1.34695,1.34723,1.34654,1.34676,507
1767128400,1.34675,1.34684,1.34638,1.34677,474
1767129300,1.34678,1.34728,1.34676,1.34706,341
1767130200,1.34707,1.34716,1.34662,1.34678,425
1767131100,1.34679,1.34697,1.34622,1.34656,693
1767132000,1.34655,1.34676,1.34636,1.34643,421
1767132900,1.34644,1.34679,1.34643,1.34673,215
1767133800,1.34672,1.34676,1.34639,1.34645,206
1767134700,1.34644,1.34654,1.34614,1.34636,303
1767135600,1.34637,1.34685,1.34637,1.34676,206
1767136500,1.34677,1.34683,1.34655,1.34665,91
1767137400,1.34666,1.34682,1.34662,1.34675,124
1767138300,1.34674,1.34682,1.34669,1.34677,71
1767139200,1.34607,1.34637,1.34595,1.34636,412
1767140100,1.34636,1.34640,1.34614,1.34640,44
1767141000,1.34642,1.34651,1.34636,1.34643,50
1767141900,1.34644,1.34661,1.34639,1.34641,99
1767142800,1.34640,1.34662,1.34612,1.34662,232
1767143700,1.34663,1.34664,1.34652,1.34652,237
1767144600,1.34652,1.34672,1.34629,1.34664,132
1767145500,1.34664,1.34664,1.34644,1.34662,66
1767146400,1.34663,1.34676,1.34638,1.34654,135
1767147300,1.34655,1.34656,1.34636,1.34644,80
1767148200,1.34643,1.34643,1.34610,1.34613,177
1767149100,1.34614,1.34638,1.34585,1.34637,277
1767150000,1.34638,1.34650,1.34606,1.34646,434
1767150900,1.34644,1.34668,1.34631,1.34643,293
1767151800,1.34642,1.34662,1.34624,1.34644,328
1767152700,1.34645,1.34658,1.34604,1.34612,479
1767153600,1.34610,1.34624,1.34591,1.34616,451
1767154500,1.34615,1.34633,1.34597,1.34616,340
1767155400,1.34615,1.34640,1.34611,1.34624,235
1767156300,1.34622,1.34639,1.34613,1.34614,384
1767157200,1.34613,1.34642,1.34604,1.34630,352
1767158100,1.34629,1.34631,1.34602,1.34627,237
1767159000,1.34626,1.34637,1.34616,1.34619,152
1767159900,1.34621,1.34656,1.34617,1.34639,161
1767160800,1.34638,1.34643,1.34624,1.34624,146
1767161700,1.34622,1.34631,1.34615,1.34615,110
1767162600,1.34614,1.34625,1.34584,1.34592,136
1767163500,1.34593,1.34593,1.34575,1.34585,176
1767164400,1.34584,1.34614,1.34582,1.34604,179
1767165300,1.34605,1.34629,1.34588,1.34624,134
1767166200,1.34623,1.34625,1.34591,1.34620,167
1767167100,1.34619,1.34630,1.34588,1.34607,274
1767168000,1.34606,1.34606,1.34541,1.34549,306
1767168900,1.34550,1.34566,1.34531,1.34563,241
1767169800,1.34562,1.34604,1.34560,1.34596,147
1767170700,1.34598,1.34609,1.34574,1.34579,225
1767171600,1.34578,1.34597,1.34525,1.34526,393
1767172500,1.34527,1.34564,1.34513,1.34545,383
1767173400,1.34544,1.34586,1.34520,1.34568,441
1767174300,1.34571,1.34601,1.34562,1.34563,459
1767175200,1.34562,1.34655,1.34562,1.34589,728
1767176100,1.34588,1.34603,1.34434,1.34475,738
1767177000,1.34476,1.34478,1.34370,1.34426,695
1767177900,1.34423,1.34423,1.34266,1.34294,939
1767178800,1.34296,1.34333,1.34260,1.34290,687
1767179700,1.34291,1.34396,1.34260,1.34357,573
1767180600,1.34355,1.34386,1.34346,1.34367,539
1767181500,1.34368,1.34445,1.34366,1.34372,615
1767182400,1.34375,1.34384,1.34328,1.34355,516
1767183300,1.34353,1.34382,1.34343,1.34349,435
1767184200,1.34348,1.34391,1.34328,1.34338,491
1767185100,1.34339,1.34400,1.34323,1.34382,660
1767186000,1.34381,1.34458,1.34373,1.34458,665
1767186900,1.34459,1.34525,1.34458,1.34498,535
1767187800,1.34497,1.34564,1.34495,1.34561,495
1767188700,1.34564,1.34570,1.34497,1.34553,739
1767189600,1.34554,1.34599,1.34473,1.34526,778
1767190500,1.34527,1.34619,1.34526,1.34553,825
1767191400,1.34552,1.34652,1.34547,1.34627,788
1767192300,1.34626,1.34687,1.34625,1.34669,811
1767193200,1.34668,1.34717,1.34644,1.34665,828
1767194100,1.34666,1.34765,1.34666,1.34691,668
1767195000,1.34690,1.34690,1.34524,1.34533,1119
1767195900,1.34534,1.34557,1.34482,1.34543,1001
1767196800,1.34542,1.34551,1.34440,1.34499,1129
1767197700,1.34500,1.34506,1.34440,1.34447,997
1767198600,1.34446,1.34475,1.34394,1.34412,973
1767199500,1.34413,1.34426,1.34324,1.34340,984
1767200400,1.34338,1.34338,1.34070,1.34097,1283
1767201300,1.34096,1.34127,1.34017,1.34122,1314
1767202200,1.34124,1.34312,1.34124,1.34312,1442
1767203100,1.34311,1.34537,1.34196,1.34507,2533
1767204000,1.34506,1.34597,1.34475,1.34580,1856
1767204900,1.34578,1.34603,1.34514,1.34587,931
1767205800,1.34587,1.34587,1.34432,1.34436,806
1767206700,1.34435,1.34463,1.34376,1.34461,891
1767207600,1.34462,1.34472,1.34385,1.34425,801
1767208500,1.34427,1.34509,1.34414,1.34495,666
1767209400,1.34494,1.34519,1.34476,1.34478,615
1767210300,1.34479,1.34559,1.34472,1.34521,1028
1767211200,1.34520,1.34571,1.34516,1.34566,127
1767348000,1.34588,1.34664,1.34588,1.34646,205
1767348900,1.34645,1.34645,1.34516,1.34558,944
1767349800,1.34557,1.34575,1.34523,1.34528,853
1767350700,1.34527,1.34554,1.34493,1.34538,899
1767351600,1.34537,1.34619,1.34507,1.34589,1014
1767352500,1.34590,1.34643,1.34551,1.34614,890
1767353400,1.34613,1.34621,1.34553,1.34617,756
1767354300,1.34618,1.34622,1.34542,1.34550,758
1767355200,1.34551,1.34584,1.34502,1.34506,780
1767356100,1.34507,1.34547,1.34455,1.34455,821
1767357000,1.34456,1.34495,1.34440,1.34484,687
1767357900,1.34485,1.34527,1.34451,1.34499,734
1767358800,1.34498,1.34524,1.34403,1.34414,472
1767359700,1.34416,1.34452,1.34342,1.34367,667
1767360600,1.34364,1.34420,1.34346,1.34398,614
1767361500,1.34399,1.34438,1.34354,1.34408,706
1767362400,1.34407,1.34494,1.34397,1.34481,824
1767363300,1.34478,1.34492,1.34432,1.34433,458
1767364200,1.34432,1.34434,1.34359,1.34429,563
1767365100,1.34428,1.34465,1.34412,1.34456,524
1767366000,1.34455,1.34496,1.34422,1.34476,679
1767366900,1.34477,1.34579,1.34471,1.34516,984
1767367800,1.34515,1.34556,1.34470,1.34544,929
1767368700,1.34546,1.34596,1.34532,1.34576,1019
1767369600,1.34577,1.34593,1.34552,1.34575,774
1767370500,1.34576,1.34666,1.34533,1.34646,630
1767371400,1.34645,1.34653,1.34542,1.34601,1106
1767372300,1.34602,1.34680,1.34596,1.34647,1076
1767373200,1.34646,1.34775,1.34641,1.34753,1236
1767374100,1.34752,1.34783,1.34706,1.34767,1201
1767375000,1.34766,1.34892,1.34754,1.34887,1239
1767375900,1.34888,1.35019,1.34884,1.34969,1655
1767376800,1.34968,1.34986,1.34885,1.34914,1372
1767377700,1.34913,1.34937,1.34882,1.34905,1032
1767378600,1.34904,1.34927,1.34815,1.34826,972
1767379500,1.34827,1.34828,1.34732,1.34779,873
1767380400,1.34778,1.34781,1.34712,1.34748,801
1767381300,1.34749,1.34779,1.34723,1.34758,733
1767382200,1.34759,1.34768,1.34673,1.34677,722
1767383100,1.34674,1.34687,1.34615,1.34629,687
1767384000,1.34628,1.34637,1.34563,1.34564,596
1767384900,1.34566,1.34603,1.34546,1.34566,639
1767385800,1.34565,1.34566,1.34482,1.34524,742
1767386700,1.34527,1.34528,1.34462,1.34515,608
1767387600,1.34514,1.34525,1.34473,1.34518,737
1767388500,1.34519,1.34533,1.34486,1.34516,565
1767389400,1.34515,1.34528,1.34488,1.34521,536
1767390300,1.34522,1.34578,1.34509,1.34548,567
1767391200,1.34549,1.34573,1.34495,1.34531,717
1767392100,1.34532,1.34565,1.34527,1.34558,351
1767393000,1.34557,1.34567,1.34534,1.34538,358
1767393900,1.34541,1.34570,1.34529,1.34568,464
1767394800,1.34578,1.34620,1.34577,1.34607,272
1767395700,1.34608,1.34625,1.34602,1.34615,226
1767396600,1.34616,1.34668,1.34597,1.34599,374
1767397500,1.34598,1.34620,1.34568,1.34611,588
1767571200,1.34493,1.34502,1.34460,1.34502,43
1767572100,1.34502,1.34562,1.34502,1.34556,63
1767573000,1.34557,1.34557,1.34528,1.34536,82
1767573900,1.34536,1.34539,1.34449,1.34452,311
1767574800,1.34454,1.34555,1.34431,1.34548,263
1767575700,1.34550,1.34562,1.34499,1.34505,253
1767576600,1.34504,1.34505,1.34374,1.34404,415
1767577500,1.34405,1.34446,1.34373,1.34378,382
1767578400,1.34377,1.34477,1.34373,1.34427,615
1767579300,1.34428,1.34474,1.34406,1.34445,467
1767580200,1.34446,1.34452,1.34390,1.34415,462
1767581100,1.34419,1.34446,1.34388,1.34432,686
1767582000,1.34431,1.34448,1.34387,1.34416,1027
1767582900,1.34417,1.34486,1.34404,1.34422,823
1767583800,1.34421,1.34458,1.34386,1.34455,767
1767584700,1.34456,1.34473,1.34387,1.34403,673
1767585600,1.34402,1.34428,1.34352,1.34381,657
1767586500,1.34380,1.34388,1.34311,1.34336,581
1767587400,1.34335,1.34345,1.34261,1.34272,680
1767588300,1.34273,1.34328,1.34258,1.34311,569
1767589200,1.34312,1.34362,1.34283,1.34284,588
1767590100,1.34283,1.34289,1.34163,1.34178,731
1767591000,1.34176,1.34187,1.34140,1.34178,589
1767591900,1.34177,1.34204,1.34159,1.34159,347
1767592800,1.34158,1.34185,1.34142,1.34176,512
1767593700,1.34177,1.34211,1.34168,1.34183,408
1767594600,1.34181,1.34246,1.34171,1.34241,406
1767595500,1.34242,1.34283,1.34242,1.34258,481
1767596400,1.34257,1.34262,1.34231,1.34248,312
1767597300,1.34249,1.34292,1.34241,1.34292,252
1767598200,1.34291,1.34308,1.34278,1.34303,294
1767599100,1.34304,1.34319,1.34267,1.34283,452
1767600000,1.34282,1.34309,1.34207,1.34260,555
1767600900,1.34261,1.34308,1.34251,1.34301,459
1767601800,1.34300,1.34362,1.34288,1.34348,516
1767602700,1.34344,1.34371,1.34336,1.34359,354
1767603600,1.34358,1.34367,1.34281,1.34298,723
1767604500,1.34299,1.34348,1.34283,1.34301,482
1767605400,1.34300,1.34319,1.34227,1.34257,750
1767606300,1.34258,1.34285,1.34207,1.34228,769
1767607200,1.34227,1.34279,1.34176,1.34262,1286
1767608100,1.34263,1.34388,1.34258,1.34365,925
1767609000,1.34367,1.34378,1.34238,1.34249,981
1767609900,1.34249,1.34284,1.34236,1.34258,821
1767610800,1.34257,1.34304,1.34223,1.34251,912
1767611700,1.34256,1.34349,1.34255,1.34317,493
1767612600,1.34315,1.34333,1.34265,1.34288,615
1767613500,1.34289,1.34436,1.34286,1.34427,725
1767614400,1.34426,1.34504,1.34408,1.34481,691
1767615300,1.34480,1.34582,1.34476,1.34517,597
1767616200,1.34516,1.34567,1.34498,1.34551,541
1767617100,1.34552,1.34645,1.34548,1.34631,1088
1767618000,1.34629,1.34657,1.34592,1.34607,753
1767618900,1.34608,1.34710,1.34607,1.34629,775
1767619800,1.34628,1.34693,1.34619,1.34687,637
1767620700,1.34688,1.34689,1.34581,1.34595,609
1767621600,1.34594,1.34633,1.34564,1.34624,723
1767622500,1.34625,1.34701,1.34623,1.34699,679
1767623400,1.34698,1.34741,1.34638,1.34652,693
1767624300,1.34653,1.34671,1.34529,1.34558,1044
1767625200,1.34559,1.34572,1.34415,1.34425,1248
1767626100,1.34428,1.34429,1.34308,1.34314,998
1767627000,1.34313,1.34339,1.34249,1.34298,1238
1767627900,1.34301,1.34554,1.34289,1.34531,1310
1767628800,1.34530,1.34648,1.34508,1.34608,1444
1767629700,1.34610,1.34633,1.34547,1.34607,1115
1767630600,1.34606,1.34667,1.34563,1.34638,2025
1767631500,1.34636,1.34766,1.34617,1.34719,1589
1767632400,1.34733,1.34828,1.34727,1.34811,1667
1767633300,1.34810,1.34913,1.34797,1.34893,1649
1767634200,1.34892,1.34974,1.34870,1.34937,1510
1767635100,1.34938,1.35040,1.34897,1.35028,1493
1767636000,1.35027,1.35110,1.35024,1.35075,1228
1767636900,1.35073,1.35161,1.35067,1.35141,1085
1767637800,1.35140,1.35197,1.35127,1.35196,1156
1767638700,1.35197,1.35253,1.35178,1.35252,961
1767639600,1.35251,1.35328,1.35243,1.35260,1065
1767640500,1.35263,1.35394,1.35261,1.35353,917
1767641400,1.35352,1.35364,1.35307,1.35311,863
1767642300,1.35310,1.35347,1.35305,1.35327,658
1767643200,1.35326,1.35362,1.35309,1.35349,660
1767644100,1.35350,1.35392,1.35291,1.35298,503
1767645000,1.35297,1.35361,1.35294,1.35355,367
1767645900,1.35354,1.35393,1.35348,1.35393,537
1767646800,1.35394,1.35416,1.35353,1.35388,824
1767647700,1.35387,1.35448,1.35380,1.35431,731
1767648600,1.35430,1.35456,1.35416,1.35427,673
1767649500,1.35428,1.35458,1.35408,1.35431,508
1767650400,1.35430,1.35460,1.35426,1.35448,506
1767651300,1.35449,1.35451,1.35437,1.35441,312
1767652200,1.35442,1.35463,1.35440,1.35448,325
1767653100,1.35449,1.35452,1.35418,1.35433,332
1767654000,1.35432,1.35452,1.35406,1.35450,149
1767654900,1.35451,1.35479,1.35424,1.35430,151
1767655800,1.35431,1.35435,1.35408,1.35408,93
1767656700,1.35407,1.35413,1.35399,1.35409,35
1767657600,1.35384,1.35387,1.35384,1.35387,9
1767658500,1.35388,1.35402,1.35388,1.35402,32
1767659400,1.35402,1.35405,1.35384,1.35394,78
1767660300,1.35394,1.35396,1.35387,1.35387,65
1767661200,1.35387,1.35401,1.35364,1.35374,132
1767662100,1.35374,1.35377,1.35358,1.35358,98
1767663000,1.35358,1.35359,1.35343,1.35344,62
1767663900,1.35346,1.35346,1.35321,1.35322,113
1767664800,1.35322,1.35346,1.35317,1.35336,176
1767665700,1.35335,1.35351,1.35307,1.35312,243
1767666600,1.35311,1.35319,1.35279,1.35299,290
1767667500,1.35300,1.35358,1.35284,1.35357,348
1767668400,1.35359,1.35406,1.35318,1.35326,615
1767669300,1.35327,1.35392,1.35317,1.35375,519
1767670200,1.35377,1.35448,1.35371,1.35437,476
1767671100,1.35438,1.35464,1.35422,1.35462,462
1767672000,1.35464,1.35489,1.35418,1.35447,468
1767672900,1.35448,1.35466,1.35441,1.35456,253
1767673800,1.35457,1.35482,1.35430,1.35478,383
1767674700,1.35479,1.35578,1.35471,1.35566,454
1767675600,1.35564,1.35572,1.35509,1.35523,337
1767676500,1.35525,1.35568,1.35518,1.35548,342
1767677400,1.35547,1.35621,1.35538,1.35615,342
1767678300,1.35614,1.35619,1.35579,1.35589,260
1767679200,1.35588,1.35606,1.35577,1.35587,344
1767680100,1.35588,1.35616,1.35580,1.35591,269
1767681000,1.35590,1.35613,1.35550,1.35566,249
1767681900,1.35567,1.35571,1.35539,1.35559,210
1767682800,1.35558,1.35579,1.35547,1.35570,239
1767683700,1.35569,1.35570,1.35548,1.35557,224
1767684600,1.35556,1.35558,1.35507,1.35509,333
1767685500,1.35510,1.35518,1.35460,1.35496,438
1767686400,1.35493,1.35519,1.35484,1.35513,524
1767687300,1.35514,1.35554,1.35495,1.35552,440
1767688200,1.35551,1.35572,1.35544,1.35549,396
1767689100,1.35548,1.35578,1.35530,1.35551,466
1767690000,1.35551,1.35677,1.35551,1.35556,636
1767690900,1.35557,1.35570,1.35486,1.35528,541
1767691800,1.35529,1.35582,1.35509,1.35537,420
1767692700,1.35536,1.35556,1.35470,1.35507,725
1767693600,1.35502,1.35667,1.35472,1.35609,1287
1767694500,1.35611,1.35667,1.35516,1.35535,1060
1767695400,1.35536,1.35549,1.35500,1.35518,849
1767696300,1.35517,1.35587,1.35512,1.35539,943
1767697200,1.35540,1.35549,1.35459,1.35464,1258
1767698100,1.35465,1.35521,1.35444,1.35467,984
1767699000,1.35468,1.35468,1.35363,1.35417,953
1767699900,1.35412,1.35455,1.35357,1.35357,1004
1767700800,1.35356,1.35391,1.35301,1.35340,977
1767701700,1.35343,1.35383,1.35299,1.35350,678
1767702600,1.35349,1.35400,1.35319,1.35356,661
1767703500,1.35357,1.35380,1.35323,1.35329,543
1767704400,1.35327,1.35349,1.35226,1.35258,668
1767705300,1.35259,1.35262,1.35203,1.35239,632
1767706200,1.35238,1.35295,1.35237,1.35246,537
1767707100,1.35246,1.35254,1.35174,1.35206,649
1767708000,1.35205,1.35290,1.35205,1.35287,675
1767708900,1.35288,1.35290,1.35211,1.35217,525
1767709800,1.35214,1.35226,1.35139,1.35156,541
1767710700,1.35157,1.35176,1.35082,1.35117,636
1767711600,1.35118,1.35171,1.35064,1.35137,1241
1767712500,1.35139,1.35191,1.35107,1.35146,949
1767713400,1.35148,1.35234,1.35142,1.35184,912
1767714300,1.35185,1.35240,1.35132,1.35238,864
1767715200,1.35237,1.35345,1.35231,1.35289,927
1767716100,1.35290,1.35297,1.35156,1.35188,981
1767717000,1.35187,1.35275,1.35167,1.35251,1567
1767717900,1.35252,1.35327,1.35251,1.35252,1553
1767718800,1.35250,1.35272,1.35087,1.35107,1535
1767719700,1.35106,1.35118,1.34976,1.35003,1327
1767720600,1.35001,1.35032,1.34939,1.35024,1100
1767721500,1.35023,1.35075,1.34964,1.35075,1349
1767722400,1.35074,1.35094,1.34916,1.34975,1264
1767723300,1.34976,1.35018,1.34957,1.34978,807
1767724200,1.34977,1.35007,1.34933,1.34962,1023
1767725100,1.34961,1.34995,1.34918,1.34949,974
1767726000,1.34948,1.35003,1.34926,1.34993,784
1767726900,1.34994,1.35061,1.34986,1.35032,806
1767727800,1.35033,1.35078,1.35022,1.35077,641
1767728700,1.35078,1.35113,1.35047,1.35102,647
1767729600,1.35101,1.35121,1.35058,1.35083,613
1767730500,1.35084,1.35113,1.35037,1.35049,584
1767731400,1.35048,1.35049,1.34990,1.35028,534
1767732300,1.35029,1.35037,1.34981,1.34985,680
1767733200,1.34983,1.35007,1.34925,1.34941,530
1767734100,1.34942,1.34965,1.34928,1.34941,427
1767735000,1.34940,1.34970,1.34927,1.34957,416
1767735900,1.34958,1.35008,1.34949,1.35005,539
1767736800,1.35007,1.35038,1.34997,1.35016,500
1767737700,1.35017,1.35037,1.35009,1.35019,309
1767738600,1.35018,1.35063,1.35013,1.35040,404
1767739500,1.35039,1.35054,1.34985,1.34986,486
1767740400,1.34985,1.34996,1.34977,1.34989,134
1767741300,1.34988,1.35010,1.34987,1.34993,95
1767742200,1.34992,1.35009,1.34985,1.35006,92
1767743100,1.35005,1.35022,1.35000,1.35018,86
1767744000,1.34948,1.34998,1.34909,1.34910,34
1767744900,1.34911,1.34970,1.34879,1.34970,185
1767745800,1.34970,1.34975,1.34947,1.34975,83
1767746700,1.34976,1.34991,1.34956,1.34991,88
1767747600,1.34991,1.35022,1.34990,1.35014,116
1767748500,1.35015,1.35031,1.35013,1.35025,49
1767749400,1.35024,1.35024,1.35006,1.35015,60
1767750300,1.35016,1.35020,1.34995,1.34996,54
1767751200,1.34995,1.35025,1.34978,1.35005,188
1767752100,1.35006,1.35028,1.34994,1.35007,275
1767753000,1.34999,1.35050,1.34989,1.35023,679
1767753900,1.35024,1.35049,1.35004,1.35025,440
1767754800,1.35027,1.35044,1.35017,1.35019,505
1767755700,1.35018,1.35026,1.35005,1.35023,356
1767756600,1.35022,1.35094,1.35017,1.35086,508
1767757500,1.35087,1.35100,1.35049,1.35060,530
1767758400,1.35059,1.35136,1.35055,1.35112,538
1767759300,1.35113,1.35120,1.35080,1.35082,305
1767760200,1.35081,1.35121,1.35076,1.35116,345
1767761100,1.35117,1.35119,1.35085,1.35101,361
1767762000,1.35100,1.35127,1.35099,1.35117,292
1767762900,1.35118,1.35147,1.35112,1.35136,284
1767763800,1.35137,1.35165,1.35136,1.35149,250
1767764700,1.35150,1.35169,1.35138,1.35143,252
1767765600,1.35141,1.35164,1.35104,1.35116,382
1767766500,1.35113,1.35123,1.35070,1.35074,708
1767767400,1.35075,1.35088,1.35060,1.35085,203
1767768300,1.35084,1.35088,1.35043,1.35051,460
1767769200,1.35049,1.35098,1.35043,1.35063,325
1767770100,1.35064,1.35083,1.35049,1.35051,178
1767771000,1.35050,1.35076,1.35031,1.35058,436
1767771900,1.35057,1.35088,1.35053,1.35082,538
1767772800,1.35081,1.35098,1.35056,1.35068,355
1767773700,1.35069,1.35096,1.35058,1.35094,372
1767774600,1.35095,1.35104,1.35066,1.35076,422
1767775500,1.35077,1.35169,1.35048,1.35133,599
1767776400,1.35134,1.35165,1.35115,1.35117,624
1767777300,1.35118,1.35118,1.35017,1.35018,648
1767778200,1.35020,1.35029,1.34938,1.35002,860
1767779100,1.35003,1.35007,1.34914,1.34927,865
1767780000,1.34925,1.34926,1.34857,1.34870,1211
1767780900,1.34869,1.34904,1.34853,1.34858,763
1767781800,1.34859,1.34970,1.34854,1.34881,864
1767782700,1.34882,1.34964,1.34878,1.34963,698
1767783600,1.34962,1.34978,1.34884,1.34895,822
1767784500,1.34894,1.34946,1.34863,1.34942,600
1767785400,1.34941,1.34948,1.34894,1.34926,646
1767786300,1.34927,1.34949,1.34888,1.34947,729
1767787200,1.34946,1.34990,1.34936,1.34986,752
1767788100,1.34984,1.35014,1.34953,1.34997,667
1767789000,1.34995,1.35030,1.34968,1.35015,763
1767789900,1.35014,1.35046,1.34969,1.34978,828
1767790800,1.34977,1.34996,1.34947,1.34987,598
1767791700,1.34986,1.35056,1.34974,1.35008,510
1767792600,1.35007,1.35026,1.34958,1.34989,633
1767793500,1.34990,1.35027,1.34984,1.35003,598
1767794400,1.35004,1.35027,1.34934,1.34946,667
1767795300,1.34947,1.34961,1.34861,1.34879,796
1767796200,1.34878,1.34935,1.34873,1.34885,774
1767797100,1.34886,1.34935,1.34886,1.34917,562
1767798000,1.34916,1.34916,1.34819,1.34824,924
1767798900,1.34825,1.34940,1.34825,1.34917,1345
1767799800,1.34916,1.35005,1.34888,1.34978,1361
1767800700,1.34979,1.34979,1.34926,1.34946,1079
1767801600,1.34945,1.34967,1.34876,1.34887,1360
1767802500,1.34888,1.34897,1.34837,1.34873,986
1767803400,1.34871,1.34987,1.34848,1.34966,1502
1767804300,1.34967,1.35018,1.34935,1.35018,1443
1767805200,1.35019,1.35019,1.34820,1.34828,2730
1767806100,1.34829,1.34880,1.34743,1.34875,1601
1767807000,1.34874,1.34974,1.34853,1.34910,1531
1767807900,1.34913,1.34915,1.34725,1.34807,2082
1767808800,1.34805,1.34862,1.34695,1.34701,1310
1767809700,1.34703,1.34758,1.34693,1.34738,927
1767810600,1.34739,1.34758,1.34702,1.34740,1001
1767811500,1.34739,1.34743,1.34684,1.34714,747
1767812400,1.34715,1.34796,1.34705,1.34714,791
1767813300,1.34715,1.34730,1.34693,1.34716,634
1767814200,1.34717,1.34740,1.34691,1.34739,448
1767815100,1.34738,1.34775,1.34711,1.34733,655
1767816000,1.34732,1.34735,1.34685,1.34713,684
1767816900,1.34714,1.34722,1.34685,1.34688,453
1767817800,1.34687,1.34726,1.34681,1.34715,382
1767818700,1.34715,1.34734,1.34691,1.34694,621
1767819600,1.34693,1.34707,1.34629,1.34655,756
1767820500,1.34656,1.34660,1.34622,1.34633,546
1767821400,1.34631,1.34666,1.34626,1.34653,442
1767822300,1.34652,1.34665,1.34641,1.34645,491
1767823200,1.34648,1.34679,1.34623,1.34643,429
1767824100,1.34641,1.34663,1.34625,1.34634,390
1767825000,1.34633,1.34652,1.34626,1.34641,387
1767825900,1.34639,1.34644,1.34615,1.34627,435
1767826800,1.34626,1.34626,1.34607,1.34622,110
1767827700,1.34623,1.34624,1.34595,1.34604,66
1767828600,1.34602,1.34602,1.34571,1.34592,130
1767829500,1.34591,1.34595,1.34584,1.34593,61
1767830400,1.34557,1.34566,1.34555,1.34566,12
1767831300,1.34567,1.34580,1.34561,1.34575,47
1767832200,1.34578,1.34608,1.34578,1.34606,62
1767833100,1.34606,1.34608,1.34577,1.34582,77
1767834000,1.34582,1.34582,1.34560,1.34576,99
1767834900,1.34576,1.34588,1.34573,1.34576,99
1767835800,1.34576,1.34580,1.34563,1.34570,96
1767836700,1.34570,1.34582,1.34568,1.34582,62
1767837600,1.34583,1.34604,1.34581,1.34586,126
1767838500,1.34585,1.34594,1.34565,1.34575,160
1767839400,1.34574,1.34591,1.34573,1.34574,229
1767840300,1.34571,1.34596,1.34564,1.34583,235
1767841200,1.34583,1.34608,1.34574,1.34581,274
1767842100,1.34582,1.34607,1.34563,1.34567,312
1767843000,1.34566,1.34576,1.34531,1.34545,433
1767843900,1.34546,1.34566,1.34539,1.34559,250
1767844800,1.34556,1.34567,1.34529,1.34535,320
1767845700,1.34533,1.34537,1.34507,1.34525,213
1767846600,1.34526,1.34584,1.34523,1.34579,351
1767847500,1.34580,1.34595,1.34553,1.34564,249
1767848400,1.34563,1.34611,1.34562,1.34596,339
1767849300,1.34597,1.34633,1.34596,1.34633,382
1767850200,1.34632,1.34654,1.34616,1.34627,236
1767851100,1.34626,1.34643,1.34615,1.34634,304
1767852000,1.34633,1.34633,1.34596,1.34614,300
1767852900,1.34613,1.34634,1.34604,1.34604,179
1767853800,1.34603,1.34615,1.34585,1.34614,205
1767854700,1.34613,1.34615,1.34587,1.34603,264
1767855600,1.34602,1.34608,1.34552,1.34555,297
1767856500,1.34556,1.34556,1.34530,1.34546,230
1767857400,1.34547,1.34587,1.34524,1.34563,258
1767858300,1.34564,1.34602,1.34552,1.34583,326
1767859200,1.34581,1.34582,1.34537,1.34566,447
1767860100,1.34567,1.34577,1.34521,1.34545,594
1767861000,1.34544,1.34586,1.34539,1.34578,561
1767861900,1.34577,1.34617,1.34558,1.34600,501
1767862800,1.34599,1.34608,1.34515,1.34527,575
1767863700,1.34529,1.34539,1.34507,1.34512,463
1767864600,1.34510,1.34577,1.34485,1.34524,463
1767865500,1.34525,1.34542,1.34454,1.34458,708
1767866400,1.34456,1.34465,1.34376,1.34415,968
1767867300,1.34416,1.34457,1.34370,1.34412,774
1767868200,1.34411,1.34430,1.34365,1.34404,864
1767869100,1.34403,1.34407,1.34353,1.34385,792
1767870000,1.34385,1.34458,1.34366,1.34412,666
1767870900,1.34413,1.34447,1.34387,1.34387,635
1767871800,1.34386,1.34403,1.34340,1.34362,522
1767872700,1.34363,1.34384,1.34320,1.34381,485
1767873600,1.34382,1.34447,1.34368,1.34433,557
1767874500,1.34435,1.34442,1.34353,1.34406,699
1767875400,1.34405,1.34449,1.34392,1.34428,524
1767876300,1.34429,1.34477,1.34409,1.34472,578
1767877200,1.34471,1.34506,1.34462,1.34470,516
1767878100,1.34471,1.34495,1.34444,1.34454,506
1767879000,1.34452,1.34475,1.34440,1.34471,496
1767879900,1.34472,1.34504,1.34442,1.34443,542
1767880800,1.34442,1.34475,1.34417,1.34418,636
1767881700,1.34417,1.34442,1.34413,1.34441,514
1767882600,1.34442,1.34448,1.34373,1.34399,561
1767883500,1.34400,1.34433,1.34371,1.34383,584
1767884400,1.34385,1.34422,1.34362,1.34400,808
1767885300,1.34401,1.34473,1.34376,1.34423,657
1767886200,1.34421,1.34442,1.34305,1.34305,972
1767887100,1.34308,1.34308,1.34158,1.34233,1491
1767888000,1.34232,1.34263,1.34190,1.34193,1316
1767888900,1.34194,1.34231,1.34173,1.34231,1079
1767889800,1.34230,1.34339,1.34218,1.34308,1577
1767890700,1.34306,1.34360,1.34239,1.34354,1268
1767891600,1.34353,1.34353,1.34260,1.34327,1237
1767892500,1.34326,1.34453,1.34310,1.34403,1314
1767893400,1.34401,1.34468,1.34372,1.34396,1142
1767894300,1.34398,1.34428,1.34353,1.34411,1420
1767895200,1.34410,1.34444,1.34350,1.34354,1016
1767896100,1.34352,1.34390,1.34285,1.34321,1109
1767897000,1.34322,1.34379,1.34294,1.34341,892
1767897900,1.34342,1.34372,1.34297,1.34298,761
1767898800,1.34297,1.34351,1.34293,1.34336,880
1767899700,1.34337,1.34352,1.34295,1.34302,724
1767900600,1.34303,1.34312,1.34258,1.34288,656
1767901500,1.34288,1.34371,1.34286,1.34361,484
1767902400,1.34360,1.34378,1.34293,1.34326,624
1767903300,1.34327,1.34338,1.34304,1.34308,556
1767904200,1.34309,1.34324,1.34279,1.34300,340
1767905100,1.34306,1.34312,1.34219,1.34227,472
1767906000,1.34228,1.34239,1.34196,1.34235,453
1767906900,1.34234,1.34259,1.34222,1.34235,371
1767907800,1.34234,1.34274,1.34231,1.34250,432
1767908700,1.34249,1.34313,1.34249,1.34311,427
1767909600,1.34310,1.34343,1.34297,1.34328,434
1767910500,1.34329,1.34346,1.34319,1.34338,347
1767911400,1.34339,1.34368,1.34337,1.34351,338
1767912300,1.34352,1.34379,1.34341,1.34364,423
1767913200,1.34363,1.34381,1.34353,1.34381,156
1767914100,1.34380,1.34395,1.34367,1.34392,111
1767915000,1.34391,1.34444,1.34371,1.34438,177
1767915900,1.34439,1.34452,1.34426,1.34434,187
1767916800,1.34238,1.34260,1.34236,1.34250,26
1767917700,1.34248,1.34411,1.34242,1.34342,562
1767918600,1.34342,1.34343,1.34301,1.34328,101
1767919500,1.34330,1.34336,1.34277,1.34296,154
1767920400,1.34296,1.34399,1.34265,1.34378,146
1767921300,1.34379,1.34381,1.34366,1.34380,212
1767922200,1.34380,1.34383,1.34349,1.34349,104
1767923100,1.34350,1.34356,1.34342,1.34355,70
1767924000,1.34355,1.34359,1.34321,1.34321,169
1767924900,1.34321,1.34366,1.34316,1.34339,295
1767925800,1.34340,1.34346,1.34317,1.34336,225
1767926700,1.34337,1.34344,1.34315,1.34322,290
1767927600,1.34321,1.34338,1.34299,1.34330,512
1767928500,1.34329,1.34361,1.34289,1.34307,552
1767929400,1.34308,1.34322,1.34269,1.34269,453
1767930300,1.34270,1.34306,1.34270,1.34280,419
1767931200,1.34281,1.34294,1.34246,1.34248,295
1767932100,1.34247,1.34299,1.34245,1.34291,357
1767933000,1.34290,1.34329,1.34290,1.34315,356
1767933900,1.34316,1.34337,1.34314,1.34323,384
1767934800,1.34322,1.34365,1.34312,1.34359,436
1767935700,1.34358,1.34370,1.34332,1.34345,314
1767936600,1.34344,1.34371,1.34330,1.34366,311
1767937500,1.34367,1.34377,1.34347,1.34367,247
1767938400,1.34364,1.34379,1.34332,1.34334,269
1767939300,1.34335,1.34346,1.34311,1.34342,211
1767940200,1.34343,1.34358,1.34338,1.34340,184
1767941100,1.34341,1.34369,1.34339,1.34357,232
1767942000,1.34356,1.34382,1.34353,1.34359,290
1767942900,1.34360,1.34363,1.34331,1.34340,219
1767943800,1.34339,1.34347,1.34287,1.34296,301
1767944700,1.34297,1.34308,1.34275,1.34302,499
1767945600,1.34301,1.34309,1.34248,1.34258,752
1767946500,1.34254,1.34280,1.34251,1.34274,247
1767947400,1.34273,1.34312,1.34270,1.34307,228
1767948300,1.34309,1.34324,1.34278,1.34278,301
1767949200,1.34279,1.34283,1.34190,1.34200,372
1767950100,1.34201,1.34225,1.34151,1.34168,479
1767951000,1.34164,1.34193,1.34147,1.34193,437
1767951900,1.34195,1.34292,1.34189,1.34292,764
1767952800,1.34291,1.34343,1.34241,1.34252,1070
1767953700,1.34253,1.34281,1.34201,1.34203,907
1767954600,1.34202,1.34212,1.34142,1.34144,865
1767955500,1.34143,1.34183,1.34116,1.34152,824
1767956400,1.34154,1.34209,1.34154,1.34181,747
1767957300,1.34180,1.34190,1.34109,1.34127,592
1767958200,1.34126,1.34142,1.34081,1.34091,603
1767959100,1.34092,1.34102,1.34049,1.34101,536
1767960000,1.34102,1.34123,1.34068,1.34099,505
1767960900,1.34100,1.34111,1.34055,1.34079,730
1767961800,1.34080,1.34099,1.34040,1.34051,579
1767962700,1.34052,1.34100,1.34042,1.34085,541
1767963600,1.34086,1.34103,1.34047,1.34071,655
1767964500,1.34072,1.34121,1.34057,1.34118,571
1767965400,1.34119,1.34143,1.34074,1.34112,557
1767966300,1.34113,1.34138,1.34072,1.34132,480
1767967200,1.34131,1.34137,1.34102,1.34119,806
1767968100,1.34120,1.34141,1.34097,1.34133,744
1767969000,1.34132,1.34153,1.34106,1.34146,740
1767969900,1.34147,1.34195,1.34143,1.34195,763
1767970800,1.34196,1.34251,1.34164,1.34250,1335
1767971700,1.34249,1.34279,1.34190,1.34190,1259
1767972600,1.34179,1.34509,1.33971,1.34450,4687
1767973500,1.34449,1.34470,1.34299,1.34353,3156
1767974400,1.34353,1.34433,1.34196,1.34226,3164
1767975300,1.34224,1.34281,1.34130,1.34144,2727
1767976200,1.34143,1.34255,1.34106,1.34118,2315
1767977100,1.34119,1.34137,1.34063,1.34120,2086
1767978000,1.34118,1.34187,1.33943,1.33979,2501
1767978900,1.33978,1.34103,1.33926,1.34064,2316
1767979800,1.34060,1.34187,1.34059,1.34096,1791
1767980700,1.34097,1.34182,1.34097,1.34180,1822
1767981600,1.34179,1.34228,1.34117,1.34137,1411
1767982500,1.34138,1.34161,1.34058,1.34059,960
1767983400,1.34057,1.34140,1.34046,1.34136,1054
1767984300,1.34137,1.34143,1.34089,1.34106,878
1767985200,1.34105,1.34112,1.34042,1.34053,717
1767986100,1.34054,1.34054,1.33982,1.34020,970
1767987000,1.34019,1.34042,1.33997,1.34020,752
1767987900,1.34021,1.34046,1.34017,1.34029,694
1767988800,1.34030,1.34045,1.34009,1.34016,596
1767989700,1.34017,1.34076,1.33997,1.34057,643
1767990600,1.34056,1.34146,1.34053,1.34097,639
1767991500,1.34098,1.34107,1.34037,1.34057,662
1767992400,1.34056,1.34089,1.34031,1.34068,673
1767993300,1.34069,1.34114,1.34066,1.34101,509
1767994200,1.34099,1.34100,1.34053,1.34067,338
1767995100,1.34066,1.34101,1.34063,1.34065,438
1767996000,1.34066,1.34097,1.34065,1.34082,349
1767996900,1.34083,1.34096,1.34069,1.34079,265
1767997800,1.34078,1.34092,1.34051,1.34076,210
1767998700,1.34075,1.34087,1.34053,1.34066,242
1767999600,1.34067,1.34091,1.34060,1.34074,583
1768000500,1.34075,1.34079,1.34047,1.34055,275
1768001400,1.34054,1.34054,1.33997,1.34004,242
1768002300,1.34004,1.34016,1.33979,1.33980,188
1768176000,1.33966,1.33980,1.33953,1.33954,24
1768176900,1.33955,1.34006,1.33953,1.34000,88
1768177800,1.34003,1.34003,1.33978,1.33990,104
1768178700,1.33989,1.33994,1.33925,1.33925,172
1768179600,1.33926,1.33984,1.33926,1.33965,179
1768180500,1.33965,1.33976,1.33926,1.33933,298
1768181400,1.33933,1.33954,1.33932,1.33933,138
1768182300,1.33933,1.33940,1.33919,1.33936,81
1768183200,1.33937,1.34126,1.33908,1.34126,587
1768184100,1.34127,1.34170,1.34105,1.34140,597
1768185000,1.34139,1.34325,1.34129,1.34315,1304
1768185900,1.34316,1.34353,1.34289,1.34347,796
1768186800,1.34354,1.34375,1.34295,1.34355,1109
1768187700,1.34356,1.34410,1.34344,1.34363,861
1768188600,1.34362,1.34362,1.34278,1.34280,706
1768189500,1.34277,1.34295,1.34269,1.34272,358
1768190400,1.34273,1.34338,1.34261,1.34298,404
1768191300,1.34297,1.34302,1.34255,1.34256,358
1768192200,1.34255,1.34315,1.34235,1.34315,555
1768193100,1.34316,1.34316,1.34212,1.34230,432
1768194000,1.34229,1.34280,1.34227,1.34273,394
1768194900,1.34274,1.34276,1.34252,1.34257,295
1768195800,1.34261,1.34267,1.34214,1.34225,290
1768196700,1.34227,1.34243,1.34202,1.34204,284
1768197600,1.34203,1.34227,1.34183,1.34227,232
1768198500,1.34225,1.34239,1.34192,1.34203,187
1768199400,1.34202,1.34202,1.34163,1.34176,177
1768200300,1.34177,1.34225,1.34177,1.34224,200
1768201200,1.34223,1.34262,1.34214,1.34254,309
1768202100,1.34255,1.34322,1.34255,1.34317,329
1768203000,1.34314,1.34354,1.34312,1.34348,341
1768203900,1.34347,1.34362,1.34333,1.34339,444
1768204800,1.34337,1.34337,1.34295,1.34306,289
1768205700,1.34304,1.34356,1.34299,1.34328,332
1768206600,1.34327,1.34376,1.34309,1.34353,423
1768207500,1.34354,1.34409,1.34337,1.34387,388
1768208400,1.34389,1.34460,1.34342,1.34425,743
1768209300,1.34426,1.34469,1.34413,1.34447,767
1768210200,1.34448,1.34448,1.34392,1.34405,548
1768211100,1.34407,1.34454,1.34364,1.34441,603
1768212000,1.34438,1.34585,1.34426,1.34486,1165
1768212900,1.34487,1.34534,1.34455,1.34473,766
1768213800,1.34474,1.34562,1.34474,1.34535,938
1768214700,1.34536,1.34614,1.34524,1.34572,977
1768215600,1.34571,1.34616,1.34532,1.34593,921
1768216500,1.34594,1.34692,1.34593,1.34685,977
1768217400,1.34686,1.34687,1.34565,1.34576,595
1768218300,1.34574,1.34576,1.34504,1.34537,715
1768219200,1.34536,1.34582,1.34519,1.34577,600
1768220100,1.34579,1.34588,1.34479,1.34582,741
1768221000,1.34583,1.34628,1.34551,1.34612,688
1768221900,1.34613,1.34712,1.34607,1.34710,649
1768222800,1.34709,1.34747,1.34667,1.34720,657
1768223700,1.34721,1.34747,1.34696,1.34696,552
1768224600,1.34693,1.34699,1.34588,1.34637,568
1768225500,1.34638,1.34638,1.34547,1.34597,633
1768226400,1.34596,1.34718,1.34575,1.34687,940
1768227300,1.34688,1.34707,1.34640,1.34669,701
1768228200,1.34671,1.34736,1.34665,1.34721,684
1768229100,1.34726,1.34734,1.34631,1.34655,847
1768230000,1.34654,1.34805,1.34615,1.34775,1069
1768230900,1.34776,1.34806,1.34739,1.34748,820
1768231800,1.34747,1.34805,1.34738,1.34783,695
1768232700,1.34782,1.34858,1.34776,1.34817,1064
1768233600,1.34816,1.34833,1.34698,1.34711,1253
1768234500,1.34710,1.34720,1.34642,1.34649,1089
1768235400,1.34648,1.34727,1.34634,1.34665,1471
1768236300,1.34667,1.34742,1.34657,1.34734,1530
1768237200,1.34733,1.34768,1.34681,1.34719,1120
1768238100,1.34718,1.34754,1.34701,1.34707,967
1768239000,1.34712,1.34804,1.34712,1.34779,887
1768239900,1.34778,1.34796,1.34743,1.34754,985
1768240800,1.34753,1.34774,1.34658,1.34676,801
1768241700,1.34677,1.34703,1.34655,1.34692,549
1768242600,1.34693,1.34716,1.34676,1.34696,620
1768243500,1.34697,1.34708,1.34636,1.34641,612
1768244400,1.34640,1.34720,1.34611,1.34687,850
1768245300,1.34684,1.34688,1.34554,1.34606,979
1768246200,1.34607,1.34664,1.34574,1.34646,942
1768247100,1.34647,1.34655,1.34609,1.34643,525
1768248000,1.34642,1.34642,1.34573,1.34595,629
1768248900,1.34596,1.34619,1.34586,1.34597,405
1768249800,1.34600,1.34619,1.34588,1.34596,200
1768250700,1.34597,1.34610,1.34576,1.34592,329
1768251600,1.34588,1.34622,1.34571,1.34622,324
1768252500,1.34623,1.34647,1.34604,1.34635,377
1768253400,1.34634,1.34658,1.34610,1.34611,432
1768254300,1.34612,1.34668,1.34609,1.34660,342
1768255200,1.34659,1.34673,1.34643,1.34667,339
1768256100,1.34668,1.34672,1.34656,1.34669,259
1768257000,1.34668,1.34689,1.34633,1.34635,436
1768257900,1.34636,1.34650,1.34620,1.34635,464
1768258800,1.34635,1.34670,1.34620,1.34658,189
1768259700,1.34657,1.34678,1.34654,1.34667,59
1768260600,1.34666,1.34687,1.34661,1.34683,67
1768261500,1.34684,1.34700,1.34675,1.34676,120
1768262400,1.34570,1.34604,1.34570,1.34604,24
1768263300,1.34604,1.34620,1.34604,1.34608,61
1768264200,1.34605,1.34640,1.34599,1.34636,113
1768265100,1.34636,1.34641,1.34590,1.34608,198
1768266000,1.34606,1.34640,1.34595,1.34629,320
1768266900,1.34629,1.34685,1.34622,1.34659,287
1768267800,1.34659,1.34668,1.34649,1.34665,115
1768268700,1.34665,1.34675,1.34639,1.34659,177
1768269600,1.34659,1.34669,1.34633,1.34656,188
1768270500,1.34657,1.34660,1.34625,1.34636,149
1768271400,1.34637,1.34671,1.34634,1.34657,326
1768272300,1.34658,1.34767,1.34658,1.34762,532
1768273200,1.34761,1.34773,1.34714,1.34724,534
1768274100,1.34723,1.34739,1.34707,1.34721,373
1768275000,1.34720,1.34756,1.34667,1.34703,450
1768275900,1.34702,1.34730,1.34697,1.34704,422
1768276800,1.34701,1.34764,1.34696,1.34747,421
1768277700,1.34746,1.34750,1.34717,1.34719,303
1768278600,1.34717,1.34762,1.34708,1.34730,320
1768279500,1.34731,1.34741,1.34719,1.34729,309
1768280400,1.34728,1.34757,1.34716,1.34749,319
1768281300,1.34751,1.34788,1.34749,1.34775,287
1768282200,1.34774,1.34777,1.34727,1.34727,271
1768283100,1.34726,1.34737,1.34696,1.34704,269
1768284000,1.34703,1.34725,1.34700,1.34717,220
1768284900,1.34718,1.34771,1.34701,1.34758,499
1768285800,1.34757,1.34760,1.34718,1.34728,267
1768286700,1.34729,1.34771,1.34720,1.34740,335
1768287600,1.34739,1.34759,1.34719,1.34742,403
1768288500,1.34741,1.34769,1.34728,1.34765,211
1768289400,1.34764,1.34767,1.34722,1.34727,317
1768290300,1.34728,1.34741,1.34709,1.34723,365
1768291200,1.34721,1.34725,1.34664,1.34693,478
1768292100,1.34694,1.34698,1.34627,1.34683,537
1768293000,1.34682,1.34690,1.34645,1.34678,391
1768293900,1.34677,1.34726,1.34650,1.34726,519
1768294800,1.34725,1.34735,1.34669,1.34670,497
1768295700,1.34671,1.34684,1.34624,1.34675,542
1768296600,1.34676,1.34718,1.34675,1.34684,401
1768297500,1.34685,1.34691,1.34648,1.34671,361
1768298400,1.34670,1.34744,1.34642,1.34712,930
1768299300,1.34708,1.34717,1.34644,1.34647,711
1768300200,1.34646,1.34697,1.34635,1.34687,633
1768301100,1.34688,1.34778,1.34686,1.34765,583
1768302000,1.34764,1.34804,1.34736,1.34751,715
1768302900,1.34750,1.34796,1.34743,1.34786,428
1768303800,1.34785,1.34854,1.34776,1.34806,783
1768304700,1.34807,1.34817,1.34772,1.34809,543
1768305600,1.34808,1.34835,1.34772,1.34793,638
1768306500,1.34794,1.34797,1.34725,1.34736,585
1768307400,1.34737,1.34758,1.34707,1.34717,540
1768308300,1.34718,1.34737,1.34698,1.34716,444
1768309200,1.34715,1.34715,1.34674,1.34708,397
1768310100,1.34707,1.34718,1.34687,1.34715,255
1768311000,1.34712,1.34736,1.34712,1.34729,276
1768311900,1.34730,1.34737,1.34704,1.34726,382
1768312800,1.34725,1.34730,1.34686,1.34691,353
1768313700,1.34693,1.34721,1.34689,1.34698,263
1768314600,1.34697,1.34707,1.34625,1.34634,355
1768315500,1.34635,1.34649,1.34582,1.34611,1038
1768316400,1.34609,1.34650,1.34578,1.34607,865
1768317300,1.34609,1.34611,1.34532,1.34542,1007
1768318200,1.34538,1.34943,1.34533,1.34753,3877
1768319100,1.34751,1.34767,1.34664,1.34753,1984
1768320000,1.34752,1.34774,1.34684,1.34700,1536
1768320900,1.34699,1.34721,1.34655,1.34701,1341
1768321800,1.34700,1.34725,1.34511,1.34574,2080
1768322700,1.34575,1.34617,1.34515,1.34587,1730
1768323600,1.34588,1.34600,1.34489,1.34518,1724
1768324500,1.34520,1.34522,1.34399,1.34410,1352
1768325400,1.34409,1.34412,1.34353,1.34397,1290
1768326300,1.34395,1.34468,1.34351,1.34420,1536
1768327200,1.34419,1.34452,1.34262,1.34276,1584
1768328100,1.34277,1.34326,1.34251,1.34297,1334
1768329000,1.34293,1.34361,1.34287,1.34317,826
1768329900,1.34318,1.34351,1.34306,1.34343,798
1768330800,1.34342,1.34377,1.34287,1.34326,714
1768331700,1.34327,1.34341,1.34273,1.34297,757
1768332600,1.34296,1.34320,1.34276,1.34298,689
1768333500,1.34299,1.34341,1.34274,1.34336,646
1768334400,1.34335,1.34343,1.34242,1.34290,909
1768335300,1.34291,1.34328,1.34282,1.34302,752
1768336200,1.34301,1.34371,1.34294,1.34370,532
1768337100,1.34371,1.34410,1.34367,1.34396,505
1768338000,1.34398,1.34398,1.34305,1.34320,538
1768338900,1.34323,1.34337,1.34280,1.34293,504
1768339800,1.34292,1.34327,1.34277,1.34317,478
1768340700,1.34316,1.34363,1.34293,1.34349,672
1768341600,1.34348,1.34361,1.34319,1.34347,362
1768342500,1.34348,1.34350,1.34306,1.34308,506
1768343400,1.34307,1.34338,1.34292,1.34328,587
1768344300,1.34329,1.34329,1.34297,1.34305,467
1768345200,1.34304,1.34316,1.34268,1.34270,156
1768346100,1.34269,1.34288,1.34263,1.34285,121
1768347000,1.34284,1.34289,1.34266,1.34269,66
1768347900,1.34268,1.34269,1.34255,1.34255,45
1768348800,1.34225,1.34229,1.34203,1.34228,188
1768349700,1.34228,1.34240,1.34208,1.34229,72
1768350600,1.34228,1.34228,1.34214,1.34223,54
1768351500,1.34223,1.34237,1.34219,1.34221,133
1768352400,1.34221,1.34246,1.34207,1.34245,106
1768353300,1.34245,1.34255,1.34245,1.34253,226
1768354200,1.34253,1.34278,1.34253,1.34255,126
1768355100,1.34255,1.34261,1.34246,1.34252,71
1768356000,1.34253,1.34258,1.34207,1.34214,193
1768356900,1.34215,1.34259,1.34215,1.34259,208
1768357800,1.34260,1.34267,1.34244,1.34255,196
1768358700,1.34256,1.34273,1.34236,1.34272,344
1768359600,1.34271,1.34272,1.34204,1.34213,527
1768360500,1.34214,1.34234,1.34198,1.34208,338
1768361400,1.34207,1.34258,1.34200,1.34238,338
1768362300,1.34239,1.34251,1.34218,1.34227,375
1768363200,1.34226,1.34260,1.34212,1.34247,362
1768364100,1.34248,1.34297,1.34243,1.34295,295
1768365000,1.34296,1.34331,1.34296,1.34323,365
1768365900,1.34324,1.34370,1.34319,1.34358,299
1768366800,1.34360,1.34414,1.34359,1.34403,369
1768367700,1.34404,1.34419,1.34397,1.34413,263
1768368600,1.34414,1.34450,1.34414,1.34444,275
1768369500,1.34443,1.34478,1.34427,1.34450,295
1768370400,1.34449,1.34463,1.34437,1.34437,191
1768371300,1.34436,1.34437,1.34415,1.34421,169
1768372200,1.34420,1.34438,1.34408,1.34409,115
1768373100,1.34410,1.34413,1.34392,1.34400,168
1768374000,1.34399,1.34419,1.34391,1.34391,198
1768374900,1.34390,1.34391,1.34377,1.34387,189
1768375800,1.34386,1.34396,1.34368,1.34369,242
1768376700,1.34370,1.34387,1.34354,1.34356,209
1768377600,1.34355,1.34397,1.34344,1.34397,241
1768378500,1.34396,1.34397,1.34347,1.34366,275
1768379400,1.34365,1.34408,1.34356,1.34406,223
1768380300,1.34407,1.34480,1.34390,1.34471,396
1768381200,1.34470,1.34497,1.34449,1.34470,460
1768382100,1.34471,1.34488,1.34455,1.34464,483
1768383000,1.34463,1.34482,1.34448,1.34477,373
1768383900,1.34478,1.34482,1.34375,1.34392,336
1768384800,1.34395,1.34457,1.34385,1.34394,865
1768385700,1.34392,1.34429,1.34370,1.34412,670
1768386600,1.34411,1.34458,1.34393,1.34426,1232
1768387500,1.34427,1.34498,1.34396,1.34498,992
1768388400,1.34497,1.34525,1.34466,1.34514,751
1768389300,1.34515,1.34553,1.34485,1.34515,656
1768390200,1.34514,1.34587,1.34487,1.34506,733
1768391100,1.34507,1.34585,1.34507,1.34569,635
1768392000,1.34567,1.34567,1.34509,1.34537,782
1768392900,1.34538,1.34581,1.34531,1.34577,701
1768393800,1.34576,1.34586,1.34526,1.34533,792
1768394700,1.34534,1.34578,1.34516,1.34538,749
1768395600,1.34537,1.34537,1.34468,1.34475,663
1768396500,1.34476,1.34504,1.34456,1.34472,509
1768397400,1.34473,1.34511,1.34452,1.34472,451
1768398300,1.34473,1.34529,1.34470,1.34495,623
1768399200,1.34493,1.34584,1.34442,1.34470,1258
1768400100,1.34471,1.34523,1.34471,1.34490,487
1768401000,1.34489,1.34498,1.34434,1.34457,555
1768401900,1.34452,1.34524,1.34423,1.34522,790
1768402800,1.34521,1.34527,1.34402,1.34410,983
1768403700,1.34411,1.34440,1.34389,1.34431,704
1768404600,1.34433,1.34491,1.34411,1.34486,1250
1768405500,1.34487,1.34515,1.34410,1.34447,1061
1768406400,1.34446,1.34571,1.34436,1.34523,1613
1768407300,1.34524,1.34571,1.34505,1.34540,1191
1768408200,1.34539,1.34641,1.34509,1.34616,1695
1768409100,1.34617,1.34628,1.34541,1.34562,1248
1768410000,1.34560,1.34613,1.34508,1.34525,3768
1768410900,1.34524,1.34557,1.34498,1.34507,1353
1768411800,1.34508,1.34515,1.34440,1.34485,1172
1768412700,1.34487,1.34571,1.34478,1.34561,1069
1768413600,1.34560,1.34585,1.34533,1.34550,830
1768414500,1.34551,1.34562,1.34475,1.34501,714
1768415400,1.34500,1.34518,1.34455,1.34476,856
1768416300,1.34475,1.34475,1.34406,1.34436,1042
1768417200,1.34434,1.34450,1.34391,1.34413,754
1768418100,1.34412,1.34412,1.34342,1.34361,848
1768419000,1.34360,1.34361,1.34306,1.34328,792
1768419900,1.34329,1.34348,1.34303,1.34318,566
1768420800,1.34317,1.34328,1.34281,1.34287,604
1768421700,1.34288,1.34311,1.34279,1.34299,287
1768422600,1.34297,1.34325,1.34277,1.34286,402
1768423500,1.34287,1.34308,1.34269,1.34269,553
1768424400,1.34268,1.34281,1.34248,1.34268,551
1768425300,1.34270,1.34292,1.34252,1.34258,364
1768426200,1.34257,1.34310,1.34246,1.34302,447
1768427100,1.34301,1.34331,1.34278,1.34309,397
1768428000,1.34310,1.34383,1.34298,1.34367,911
1768428900,1.34368,1.34371,1.34346,1.34358,429
1768429800,1.34359,1.34410,1.34318,1.34320,751
1768430700,1.34322,1.34339,1.34304,1.34328,458
1768431600,1.34327,1.34377,1.34323,1.34358,224
1768432500,1.34357,1.34384,1.34352,1.34355,139
1768433400,1.34354,1.34377,1.34352,1.34377,106
1768434300,1.34378,1.34418,1.34376,1.34403,158
1768435200,1.34416,1.34416,1.34299,1.34414,24
1768436100,1.34414,1.34428,1.34402,1.34424,1286
1768437000,1.34424,1.34444,1.34413,1.34430,70
1768437900,1.34431,1.34432,1.34298,1.34320,201
1768438800,1.34320,1.34433,1.34293,1.34397,246
1768439700,1.34398,1.34412,1.34386,1.34392,142
1768440600,1.34392,1.34409,1.34389,1.34409,127
1768441500,1.34410,1.34415,1.34398,1.34403,92
1768442400,1.34402,1.34402,1.34346,1.34357,153
1768443300,1.34357,1.34385,1.34347,1.34349,222
1768444200,1.34349,1.34364,1.34307,1.34340,285
1768445100,1.34344,1.34375,1.34326,1.34374,414
1768446000,1.34373,1.34388,1.34348,1.34350,771
1768446900,1.34349,1.34381,1.34342,1.34358,598
1768447800,1.34357,1.34360,1.34277,1.34347,814
1768448700,1.34348,1.34361,1.34315,1.34353,489
1768449600,1.34351,1.34351,1.34317,1.34346,414
1768450500,1.34347,1.34348,1.34301,1.34301,337
1768451400,1.34304,1.34335,1.34297,1.34317,314
1768452300,1.34318,1.34338,1.34307,1.34331,241
1768453200,1.34332,1.34335,1.34278,1.34280,299
1768454100,1.34278,1.34300,1.34277,1.34298,285
1768455000,1.34297,1.34299,1.34275,1.34299,224
1768455900,1.34300,1.34300,1.34258,1.34276,208
1768456800,1.34277,1.34287,1.34257,1.34258,142
1768457700,1.34259,1.34259,1.34248,1.34252,174
1768458600,1.34251,1.34266,1.34249,1.34263,130
1768459500,1.34261,1.34267,1.34237,1.34241,174
1768460400,1.34240,1.34282,1.34234,1.34273,213
1768461300,1.34274,1.34296,1.34272,1.34291,179
1768462200,1.34292,1.34301,1.34276,1.34299,236
1768463100,1.34300,1.34318,1.34258,1.34271,402
1768464000,1.34270,1.34317,1.34267,1.34280,489
1768464900,1.34283,1.34329,1.34281,1.34316,495
1768465800,1.34315,1.34317,1.34250,1.34252,399
1768466700,1.34251,1.34280,1.34237,1.34273,504
1768467600,1.34273,1.34430,1.34270,1.34349,1072
1768468500,1.34348,1.34352,1.34239,1.34288,704
1768469400,1.34287,1.34367,1.34277,1.34357,659
1768470300,1.34358,1.34359,1.34290,1.34347,618
1768471200,1.34346,1.34359,1.34283,1.34301,965
1768472100,1.34300,1.34384,1.34268,1.34378,578
1768473000,1.34377,1.34438,1.34351,1.34381,622
1768473900,1.34384,1.34426,1.34377,1.34388,424
1768474800,1.34389,1.34435,1.34375,1.34396,569
1768475700,1.34397,1.34437,1.34376,1.34383,908
1768476600,1.34384,1.34451,1.34370,1.34418,651
1768477500,1.34417,1.34449,1.34354,1.34368,616
1768478400,1.34369,1.34387,1.34334,1.34347,782
1768479300,1.34346,1.34347,1.34278,1.34286,751
1768480200,1.34285,1.34322,1.34237,1.34247,624
1768481100,1.34248,1.34249,1.34160,1.34202,760
1768482000,1.34201,1.34279,1.34201,1.34258,616
1768482900,1.34259,1.34263,1.34213,1.34226,427
1768483800,1.34225,1.34255,1.34204,1.34216,508
1768484700,1.34217,1.34219,1.34171,1.34184,675
1768485600,1.34183,1.34207,1.34150,1.34158,581
1768486500,1.34159,1.34172,1.34128,1.34159,531
1768487400,1.34158,1.34171,1.34129,1.34134,424
1768488300,1.34135,1.34135,1.34014,1.34037,887
1768489200,1.34036,1.34040,1.33969,1.33989,909
1768490100,1.33990,1.33994,1.33889,1.33899,1034
1768491000,1.33896,1.33896,1.33743,1.33788,1637
1768491900,1.33789,1.33802,1.33689,1.33727,1185
1768492800,1.33728,1.33826,1.33680,1.33790,1067
1768493700,1.33788,1.33871,1.33767,1.33818,994
1768494600,1.33819,1.33837,1.33628,1.33659,1532
1768495500,1.33660,1.33733,1.33638,1.33712,1399
1768496400,1.33711,1.33807,1.33701,1.33758,1279
1768497300,1.33759,1.33792,1.33691,1.33738,980
1768498200,1.33737,1.33814,1.33710,1.33812,941
1768499100,1.33813,1.33885,1.33808,1.33861,1257
1768500000,1.33860,1.33868,1.33797,1.33865,945
1768500900,1.33866,1.33928,1.33866,1.33898,736
1768501800,1.33896,1.33939,1.33867,1.33891,869
1768502700,1.33892,1.33910,1.33831,1.33850,915
1768503600,1.33851,1.33890,1.33805,1.33890,742
1768504500,1.33891,1.33911,1.33842,1.33908,684
1768505400,1.33907,1.33930,1.33876,1.33889,539
1768506300,1.33890,1.33940,1.33851,1.33875,655
1768507200,1.33876,1.33939,1.33875,1.33913,590
1768508100,1.33914,1.33921,1.33880,1.33918,454
1768509000,1.33917,1.33934,1.33897,1.33931,427
1768509900,1.33932,1.33935,1.33886,1.33918,347
1768510800,1.33917,1.33917,1.33835,1.33887,642
1768511700,1.33888,1.33919,1.33887,1.33891,498
1768512600,1.33890,1.33895,1.33861,1.33872,551
1768513500,1.33873,1.33877,1.33841,1.33858,428
1768514400,1.33859,1.33860,1.33820,1.33821,355
1768515300,1.33820,1.33823,1.33762,1.33777,472
1768516200,1.33778,1.33779,1.33746,1.33762,512
1768517100,1.33761,1.33782,1.33754,1.33758,351
1768518000,1.33757,1.33791,1.33755,1.33781,131
1768518900,1.33780,1.33798,1.33776,1.33793,124
1768519800,1.33792,1.33824,1.33782,1.33797,137
1768520700,1.33796,1.33815,1.33796,1.33805,80
1768521600,1.33719,1.33777,1.33717,1.33777,29
1768522500,1.33777,1.33804,1.33742,1.33757,64
1768523400,1.33755,1.33774,1.33752,1.33762,121
1768524300,1.33763,1.33774,1.33751,1.33754,169
1768525200,1.33754,1.33804,1.33751,1.33783,734
1768526100,1.33783,1.33797,1.33782,1.33793,278
1768527000,1.33794,1.33806,1.33784,1.33799,85
1768527900,1.33800,1.33824,1.33800,1.33816,82
1768528800,1.33814,1.33823,1.33806,1.33817,166
1768529700,1.33818,1.33819,1.33799,1.33805,88
1768530600,1.33806,1.33809,1.33789,1.33789,190
1768531500,1.33791,1.33791,1.33707,1.33769,644
1768532400,1.33768,1.33801,1.33753,1.33801,471
1768533300,1.33802,1.33819,1.33786,1.33810,342
1768534200,1.33809,1.33837,1.33806,1.33808,349
1768535100,1.33810,1.33820,1.33789,1.33797,399
1768536000,1.33796,1.33837,1.33787,1.33822,406
1768536900,1.33821,1.33862,1.33816,1.33846,474
1768537800,1.33845,1.33882,1.33832,1.33876,596
1768538700,1.33875,1.33880,1.33830,1.33842,411
1768539600,1.33841,1.33865,1.33829,1.33850,288
1768540500,1.33851,1.33855,1.33830,1.33846,263
1768541400,1.33844,1.33879,1.33840,1.33878,259
1768542300,1.33879,1.33911,1.33860,1.33909,260
1768543200,1.33908,1.33910,1.33881,1.33890,183
1768544100,1.33891,1.33905,1.33889,1.33901,176
1768545000,1.33900,1.33912,1.33898,1.33898,127
1768545900,1.33897,1.33907,1.33887,1.33891,166
1768546800,1.33892,1.33897,1.33848,1.33858,194
1768547700,1.33859,1.33889,1.33856,1.33874,214
1768548600,1.33875,1.33884,1.33861,1.33863,212
1768549500,1.33864,1.33869,1.33818,1.33830,307
1768550400,1.33829,1.33840,1.33816,1.33825,232
1768551300,1.33826,1.33832,1.33799,1.33820,229
1768552200,1.33819,1.33820,1.33786,1.33788,234
1768553100,1.33789,1.33809,1.33771,1.33803,374
1768554000,1.33800,1.33854,1.33775,1.33851,434
1768554900,1.33854,1.33860,1.33826,1.33857,393
1768555800,1.33858,1.33901,1.33819,1.33901,721
1768556700,1.33902,1.33921,1.33884,1.33907,722
1768557600,1.33909,1.33960,1.33903,1.33931,787
1768558500,1.33930,1.33970,1.33901,1.33906,570
1768559400,1.33904,1.33960,1.33897,1.33928,554
1768560300,1.33930,1.33981,1.33922,1.33932,553
1768561200,1.33931,1.33971,1.33907,1.33960,617
1768562100,1.33961,1.34007,1.33942,1.33983,383
1768563000,1.33982,1.34052,1.33982,1.34043,390
1768563900,1.34042,1.34053,1.33967,1.33971,529
1768564800,1.33969,1.34031,1.33969,1.34021,543
1768565700,1.34020,1.34077,1.34000,1.34072,517
1768566600,1.34073,1.34130,1.34045,1.34109,505
1768567500,1.34110,1.34114,1.34054,1.34057,395
1768568400,1.34056,1.34098,1.34051,1.34088,500
1768569300,1.34089,1.34107,1.34054,1.34059,476
1768570200,1.34058,1.34105,1.34050,1.34099,516
1768571100,1.34098,1.34121,1.34064,1.34077,392
1768572000,1.34076,1.34099,1.34016,1.34035,630
1768572900,1.34036,1.34077,1.34025,1.34040,637
1768573800,1.34039,1.34048,1.33998,1.34038,571
1768574700,1.34040,1.34058,1.33930,1.34001,969
1768575600,1.34000,1.34041,1.33933,1.33937,850
1768576500,1.33938,1.34034,1.33887,1.34033,922
1768577400,1.34031,1.34050,1.33981,1.34046,872
1768578300,1.34047,1.34081,1.34012,1.34036,678
1768579200,1.34034,1.34049,1.33994,1.34038,610
1768580100,1.34033,1.34049,1.33973,1.33997,726
1768581000,1.33996,1.34007,1.33952,1.33962,963
1768581900,1.33964,1.34035,1.33964,1.33979,1030
1768582800,1.33978,1.34039,1.33977,1.34022,1040
1768583700,1.34020,1.34032,1.33786,1.33820,2431
1768584600,1.33819,1.33828,1.33662,1.33710,1879
1768585500,1.33711,1.33825,1.33711,1.33779,1487
1768586400,1.33780,1.33900,1.33780,1.33889,1362
1768587300,1.33884,1.33884,1.33803,1.33848,1159
1768588200,1.33845,1.33889,1.33809,1.33862,910
1768589100,1.33861,1.33892,1.33776,1.33816,979
1768590000,1.33818,1.33853,1.33802,1.33837,753
1768590900,1.33838,1.33851,1.33803,1.33830,660
1768591800,1.33829,1.33868,1.33786,1.33800,668
1768592700,1.33799,1.33826,1.33765,1.33787,656
1768593600,1.33786,1.33799,1.33736,1.33757,575
1768594500,1.33756,1.33816,1.33747,1.33811,472
1768595400,1.33809,1.33848,1.33802,1.33848,348
1768596300,1.33849,1.33871,1.33798,1.33798,619
1768597200,1.33797,1.33848,1.33769,1.33770,626
1768598100,1.33771,1.33812,1.33760,1.33800,418
1768599000,1.33799,1.33840,1.33779,1.33828,427
1768599900,1.33829,1.33845,1.33807,1.33817,481
1768600800,1.33818,1.33862,1.33816,1.33861,320
1768601700,1.33862,1.33862,1.33821,1.33827,358
1768602600,1.33826,1.33833,1.33790,1.33807,382
1768603500,1.33808,1.33844,1.33797,1.33803,366
1768604400,1.33801,1.33827,1.33801,1.33806,320
1768605300,1.33807,1.33823,1.33779,1.33785,197
1768606200,1.33785,1.33797,1.33748,1.33757,277
1768607100,1.33755,1.33779,1.33747,1.33756,1632
1768780800,1.33422,1.33436,1.33376,1.33434,58
1768781700,1.33436,1.33494,1.33434,1.33491,122
1768782600,1.33490,1.33504,1.33468,1.33485,356
1768783500,1.33485,1.33500,1.33480,1.33484,685
1768784400,1.33487,1.33839,1.33477,1.33748,705
1768785300,1.33748,1.33866,1.33740,1.33839,713
1768786200,1.33839,1.34066,1.33831,1.34003,930
1768787100,1.34004,1.34035,1.33957,1.34020,692
1768788000,1.34020,1.34036,1.33847,1.33880,974
1768788900,1.33879,1.33987,1.33820,1.33970,1141
1768789800,1.33969,1.34086,1.33953,1.34081,1012
1768790700,1.34079,1.34087,1.34007,1.34008,1074
1768791600,1.34010,1.34018,1.33950,1.33965,941
1768792500,1.33966,1.34029,1.33944,1.33960,856
1768793400,1.33959,1.33978,1.33936,1.33954,649
1768794300,1.33955,1.33972,1.33909,1.33918,657
1768795200,1.33921,1.33933,1.33888,1.33916,704
1768796100,1.33917,1.33917,1.33814,1.33865,528
1768797000,1.33862,1.33889,1.33841,1.33856,611
1768797900,1.33858,1.33869,1.33835,1.33867,474
1768798800,1.33866,1.33891,1.33862,1.33876,444
1768799700,1.33875,1.33899,1.33858,1.33891,583
1768800600,1.33890,1.33907,1.33865,1.33875,449
1768801500,1.33877,1.33919,1.33874,1.33883,414
1768802400,1.33882,1.33919,1.33882,1.33888,417
1768803300,1.33889,1.33930,1.33883,1.33916,385
1768804200,1.33917,1.33933,1.33905,1.33930,386
1768805100,1.33929,1.33964,1.33926,1.33949,489
1768806000,1.33950,1.33988,1.33946,1.33986,450
1768806900,1.33987,1.34060,1.33974,1.34041,461
1768807800,1.34043,1.34048,1.33971,1.33979,499
1768808700,1.33980,1.33986,1.33930,1.33949,597
1768809600,1.33950,1.33980,1.33944,1.33964,490
1768810500,1.33965,1.34007,1.33954,1.33996,392
1768811400,1.33997,1.33997,1.33955,1.33956,396
1768812300,1.33957,1.34011,1.33943,1.33989,383
1768813200,1.33988,1.34099,1.33967,1.34095,858
1768814100,1.34092,1.34101,1.34001,1.34028,718
1768815000,1.34027,1.34028,1.33852,1.33866,951
1768815900,1.33867,1.33896,1.33843,1.33890,482
1768816800,1.33893,1.33950,1.33872,1.33918,1101
1768817700,1.33916,1.33987,1.33906,1.33907,683
1768818600,1.33906,1.34008,1.33902,1.33990,637
1768819500,1.33988,1.34096,1.33979,1.34092,796
1768820400,1.34091,1.34156,1.34034,1.34038,1039
1768821300,1.34039,1.34039,1.33907,1.33950,829
1768822200,1.33949,1.34045,1.33925,1.34043,620
1768823100,1.34044,1.34071,1.34027,1.34059,556
1768824000,1.34060,1.34116,1.34058,1.34105,537
1768824900,1.34106,1.34106,1.34053,1.34061,512
1768825800,1.34060,1.34101,1.34054,1.34084,413
1768826700,1.34085,1.34131,1.34074,1.34098,634
1768827600,1.34099,1.34107,1.34041,1.34058,632
1768828500,1.34060,1.34066,1.34035,1.34037,470
1768829400,1.34036,1.34055,1.34020,1.34047,302
1768830300,1.34048,1.34097,1.34043,1.34084,348
1768831200,1.34085,1.34097,1.34047,1.34095,311
1768832100,1.34096,1.34141,1.34092,1.34109,406
1768833000,1.34108,1.34145,1.34077,1.34134,429
1768833900,1.34135,1.34138,1.34053,1.34059,494
1768834800,1.34058,1.34143,1.34057,1.34126,550
1768835700,1.34127,1.34158,1.34111,1.34136,481
1768836600,1.34135,1.34167,1.34124,1.34144,618
1768837500,1.34145,1.34168,1.34125,1.34139,518
1768838400,1.34138,1.34156,1.34123,1.34130,525
1768839300,1.34128,1.34164,1.34104,1.34160,469
1768840200,1.34159,1.34187,1.34136,1.34174,545
1768841100,1.34173,1.34243,1.34167,1.34201,712
1768842000,1.34199,1.34247,1.34187,1.34214,835
1768842900,1.34215,1.34256,1.34208,1.34255,474
1768843800,1.34256,1.34258,1.34224,1.34238,526
1768844700,1.34237,1.34287,1.34207,1.34217,956
1768845600,1.34216,1.34284,1.34206,1.34275,716
1768846500,1.34276,1.34308,1.34247,1.34304,429
1768847400,1.34303,1.34352,1.34281,1.34308,561
1768848300,1.34309,1.34328,1.34270,1.34279,474
1768849200,1.34278,1.34296,1.34264,1.34291,257
1768850100,1.34294,1.34296,1.34275,1.34287,283
1768851000,1.34288,1.34328,1.34288,1.34327,188
1768851900,1.34328,1.34337,1.34265,1.34314,301
1768852800,1.34313,1.34326,1.34308,1.34318,281
1768853700,1.34322,1.34336,1.34318,1.34329,106
1768854600,1.34328,1.34330,1.34299,1.34301,145
1768855500,1.34298,1.34298,1.34262,1.34266,80
1768856400,1.34265,1.34295,1.34263,1.34295,100
1768857300,1.34296,1.34297,1.34277,1.34280,66
1768858200,1.34279,1.34280,1.34257,1.34260,47
1768859100,1.34261,1.34266,1.34255,1.34259,56
1768860000,1.34258,1.34272,1.34249,1.34260,77
1768860900,1.34259,1.34264,1.34250,1.34264,73
1768861800,1.34266,1.34277,1.34261,1.34276,39
1768862700,1.34277,1.34283,1.34267,1.34282,100
1768863600,1.34281,1.34286,1.34263,1.34265,61
1768864500,1.34266,1.34270,1.34236,1.34236,43
1768865400,1.34233,1.34270,1.34228,1.34270,79
1768866300,1.34270,1.34280,1.34260,1.34260,52
1768867200,1.34211,1.34233,1.34203,1.34233,25
1768868100,1.34234,1.34237,1.34234,1.34237,16
1768869000,1.34238,1.34270,1.34203,1.34243,97
1768869900,1.34243,1.34245,1.34105,1.34143,212
1768870800,1.34142,1.34242,1.34135,1.34208,173
1768871700,1.34208,1.34208,1.34190,1.34190,57
1768872600,1.34189,1.34211,1.34175,1.34177,90
1768873500,1.34178,1.34191,1.34166,1.34188,68
1768874400,1.34189,1.34199,1.34148,1.34160,157
1768875300,1.34161,1.34161,1.34136,1.34138,157
1768876200,1.34137,1.34137,1.34101,1.34119,277
1768877100,1.34120,1.34203,1.34120,1.34185,543
1768878000,1.34184,1.34221,1.34180,1.34199,645
1768878900,1.34200,1.34201,1.34166,1.34185,458
1768879800,1.34184,1.34189,1.34161,1.34180,366
1768880700,1.34181,1.34242,1.34168,1.34238,324
1768881600,1.34239,1.34249,1.34208,1.34211,291
1768882500,1.34212,1.34249,1.34199,1.34245,306
1768883400,1.34246,1.34284,1.34239,1.34282,273
1768884300,1.34281,1.34281,1.34239,1.34239,274
1768885200,1.34238,1.34267,1.34235,1.34260,265
1768886100,1.34259,1.34368,1.34259,1.34368,324
1768887000,1.34369,1.34401,1.34344,1.34360,397
1768887900,1.34359,1.34377,1.34338,1.34350,294
1768888800,1.34352,1.34379,1.34350,1.34376,204
1768889700,1.34377,1.34428,1.34369,1.34408,251
1768890600,1.34407,1.34430,1.34381,1.34390,359
1768891500,1.34391,1.34418,1.34367,1.34409,338
1768892400,1.34406,1.34498,1.34404,1.34485,351
1768893300,1.34486,1.34487,1.34444,1.34447,327
1768894200,1.34446,1.34465,1.34435,1.34438,298
1768895100,1.34439,1.34446,1.34414,1.34416,256
1768896000,1.34415,1.34438,1.34396,1.34421,372
1768896900,1.34422,1.34426,1.34334,1.34347,551
1768897800,1.34345,1.34378,1.34327,1.34344,558
1768898700,1.34346,1.34363,1.34316,1.34346,490
1768899600,1.34346,1.34349,1.34259,1.34335,887
1768900500,1.34334,1.34492,1.34327,1.34462,959
1768901400,1.34461,1.34825,1.34456,1.34765,1548
1768902300,1.34766,1.34797,1.34707,1.34747,1115
1768903200,1.34748,1.34914,1.34745,1.34904,1604
1768904100,1.34905,1.34908,1.34745,1.34789,1298
1768905000,1.34788,1.34905,1.34784,1.34800,1765
1768905900,1.34803,1.34894,1.34778,1.34782,1755
1768906800,1.34781,1.34890,1.34746,1.34750,1709
1768907700,1.34749,1.34813,1.34716,1.34812,1351
1768908600,1.34814,1.34856,1.34743,1.34751,1099
1768909500,1.34755,1.34757,1.34702,1.34750,1055
1768910400,1.34748,1.34783,1.34673,1.34688,1231
1768911300,1.34689,1.34774,1.34645,1.34774,1300
1768912200,1.34773,1.34852,1.34757,1.34816,1067
1768913100,1.34817,1.34843,1.34759,1.34802,877
1768914000,1.34801,1.34829,1.34634,1.34646,1182
1768914900,1.34647,1.34673,1.34613,1.34615,1079
1768915800,1.34614,1.34675,1.34594,1.34664,850
1768916700,1.34665,1.34706,1.34617,1.34633,1149
1768917600,1.34632,1.34638,1.34552,1.34618,1076
1768918500,1.34617,1.34660,1.34568,1.34584,1076
1768919400,1.34583,1.34590,1.34446,1.34503,1282
1768920300,1.34504,1.34513,1.34395,1.34457,1053
1768921200,1.34459,1.34492,1.34411,1.34446,1204
1768922100,1.34450,1.34547,1.34426,1.34460,1521
1768923000,1.34458,1.34790,1.34426,1.34485,3202
1768923900,1.34486,1.34570,1.34478,1.34525,2247
1768924800,1.34524,1.34553,1.34405,1.34481,2276
1768925700,1.34478,1.34515,1.34453,1.34478,1354
1768926600,1.34477,1.34593,1.34443,1.34568,2361
1768927500,1.34569,1.34626,1.34532,1.34582,1782
1768928400,1.34581,1.34685,1.34523,1.34609,1519
1768929300,1.34608,1.34665,1.34582,1.34614,1599
1768930200,1.34613,1.34751,1.34610,1.34728,1275
1768931100,1.34732,1.34770,1.34569,1.34569,1612
1768932000,1.34573,1.34644,1.34560,1.34604,1351
1768932900,1.34605,1.34675,1.34570,1.34641,1237
1768933800,1.34640,1.34654,1.34536,1.34599,1213
1768934700,1.34600,1.34705,1.34548,1.34694,1321
1768935600,1.34693,1.34755,1.34671,1.34720,1044
1768936500,1.34718,1.34723,1.34573,1.34602,1002
1768937400,1.34600,1.34648,1.34564,1.34609,610
1768938300,1.34607,1.34619,1.34560,1.34564,821
1768939200,1.34563,1.34575,1.34539,1.34544,599
1768940100,1.34543,1.34562,1.34533,1.34544,427
1768941000,1.34543,1.34554,1.34471,1.34477,421
1768941900,1.34478,1.34495,1.34424,1.34431,589
1768942800,1.34430,1.34452,1.34355,1.34371,782
1768943700,1.34372,1.34402,1.34352,1.34380,536
1768944600,1.34378,1.34393,1.34315,1.34325,656
1768945500,1.34326,1.34345,1.34268,1.34277,718
1768946400,1.34276,1.34339,1.34253,1.34274,758
1768947300,1.34275,1.34340,1.34261,1.34331,848
1768948200,1.34333,1.34356,1.34311,1.34356,627
1768949100,1.34357,1.34357,1.34312,1.34336,435
1768950000,1.34335,1.34366,1.34324,1.34358,194
1768950900,1.34359,1.34377,1.34353,1.34376,169
1768951800,1.34376,1.34386,1.34364,1.34375,313
1768952700,1.34375,1.34407,1.34373,1.34404,187
1768953600,1.34323,1.34410,1.34323,1.34376,50
1768954500,1.34376,1.34390,1.34329,1.34351,129
1768955400,1.34355,1.34458,1.34354,1.34455,209
1768956300,1.34456,1.34457,1.34376,1.34384,284
1768957200,1.34387,1.34417,1.34369,1.34399,323
1768958100,1.34399,1.34415,1.34395,1.34400,86
1768959000,1.34399,1.34407,1.34394,1.34400,88
1768959900,1.34402,1.34420,1.34398,1.34402,107
1768960800,1.34402,1.34402,1.34350,1.34368,271
1768961700,1.34369,1.34370,1.34336,1.34355,204
1768962600,1.34354,1.34381,1.34344,1.34347,287
1768963500,1.34348,1.34427,1.34332,1.34424,415
1768964400,1.34423,1.34444,1.34399,1.34432,616
1768965300,1.34433,1.34528,1.34403,1.34525,692
1768966200,1.34526,1.34566,1.34511,1.34547,670
1768967100,1.34548,1.34557,1.34499,1.34522,542
1768968000,1.34521,1.34545,1.34496,1.34508,381
1768968900,1.34509,1.34511,1.34462,1.34464,329
1768969800,1.34462,1.34496,1.34449,1.34466,312
1768970700,1.34467,1.34469,1.34435,1.34439,232
1768971600,1.34442,1.34463,1.34404,1.34415,256
1768972500,1.34416,1.34418,1.34334,1.34345,553
1768973400,1.34347,1.34370,1.34332,1.34360,381
1768974300,1.34361,1.34402,1.34352,1.34402,316
1768975200,1.34403,1.34403,1.34332,1.34353,326
1768976100,1.34352,1.34368,1.34343,1.34346,240
1768977000,1.34345,1.34368,1.34333,1.34365,213
1768977900,1.34366,1.34393,1.34358,1.34379,351
1768978800,1.34377,1.34402,1.34365,1.34394,329
1768979700,1.34393,1.34395,1.34363,1.34367,292
1768980600,1.34366,1.34387,1.34361,1.34374,222
1768981500,1.34375,1.34385,1.34355,1.34376,244
1768982400,1.34375,1.34378,1.34355,1.34373,268
1768983300,1.34374,1.34388,1.34371,1.34387,243
1768984200,1.34388,1.34427,1.34382,1.34406,311
1768985100,1.34407,1.34413,1.34360,1.34362,346
1768986000,1.34361,1.34406,1.34292,1.34351,840
1768986900,1.34353,1.34490,1.34352,1.34459,686
1768987800,1.34460,1.34463,1.34336,1.34392,863
1768988700,1.34390,1.34452,1.34371,1.34428,594
1768989600,1.34427,1.34440,1.34330,1.34424,1023
1768990500,1.34423,1.34476,1.34393,1.34426,795
1768991400,1.34425,1.34433,1.34377,1.34419,795
1768992300,1.34420,1.34431,1.34386,1.34389,205
1768993200,1.34371,1.34386,1.34325,1.34325,561
1768994100,1.34326,1.34360,1.34301,1.34303,626
1768995000,1.34302,1.34302,1.34142,1.34155,776
1768995900,1.34153,1.34154,1.34085,1.34103,773
1768996800,1.34102,1.34148,1.34067,1.34099,821
1768997700,1.34097,1.34133,1.34059,1.34075,754
1768998600,1.34074,1.34109,1.34033,1.34099,664
1768999500,1.34100,1.34101,1.34036,1.34073,645
1769000400,1.34072,1.34082,1.34027,1.34035,661
1769001300,1.34036,1.34149,1.34014,1.34130,734
1769002200,1.34129,1.34166,1.34115,1.34146,702
1769003100,1.34145,1.34219,1.34071,1.34097,1183
1769004000,1.34096,1.34191,1.34016,1.34175,1467
1769004900,1.34176,1.34193,1.34123,1.34169,1165
1769005800,1.34168,1.34251,1.34163,1.34242,999
1769006700,1.34243,1.34262,1.34164,1.34248,1187
1769007600,1.34247,1.34274,1.34202,1.34211,1198
1769008500,1.34212,1.34216,1.34123,1.34188,855
1769009400,1.34190,1.34295,1.34180,1.34284,850
1769010300,1.34285,1.34442,1.34264,1.34420,1332
1769011200,1.34419,1.34432,1.34254,1.34368,3226
1769012100,1.34369,1.34377,1.34228,1.34350,1971
1769013000,1.34349,1.34559,1.34348,1.34512,1695
1769013900,1.34513,1.34562,1.34471,1.34508,1576
1769014800,1.34507,1.34592,1.34494,1.34511,1605
1769015700,1.34512,1.34534,1.34290,1.34343,1633
1769016600,1.34342,1.34453,1.34335,1.34436,1101
1769017500,1.34435,1.34444,1.34249,1.34272,1357
1769018400,1.34271,1.34408,1.34265,1.34394,1294
1769019300,1.34395,1.34405,1.34254,1.34344,1315
1769020200,1.34343,1.34388,1.34287,1.34305,1468
1769021100,1.34306,1.34354,1.34239,1.34279,1816
1769022000,1.34278,1.34306,1.34246,1.34285,1383
1769022900,1.34287,1.34381,1.34279,1.34353,1108
1769023800,1.34352,1.34352,1.34198,1.34215,1328
1769024700,1.34216,1.34295,1.34163,1.34280,1174
1769025600,1.34278,1.34278,1.34188,1.34216,717
1769026500,1.34217,1.34266,1.34192,1.34265,560
1769027400,1.34263,1.34277,1.34191,1.34232,571
1769028300,1.34233,1.34263,1.34210,1.34216,551
1769029200,1.34215,1.34226,1.34178,1.34189,599
1769030100,1.34190,1.34307,1.34128,1.34172,1507
1769031000,1.34169,1.34205,1.34099,1.34124,2281
1769031900,1.34125,1.34265,1.34099,1.34256,1031
1769032800,1.34255,1.34256,1.34165,1.34174,961
1769033700,1.34175,1.34213,1.34125,1.34165,917
1769034600,1.34164,1.34208,1.34156,1.34195,700
1769035500,1.34197,1.34261,1.34186,1.34247,630
1769036400,1.34248,1.34269,1.34235,1.34259,174
1769037300,1.34258,1.34270,1.34246,1.34253,128
1769038200,1.34254,1.34323,1.34254,1.34310,141
1769039100,1.34311,1.34317,1.34290,1.34290,82
1769040000,1.34169,1.34228,1.34168,1.34207,72
1769040900,1.34205,1.34299,1.34205,1.34299,79
1769041800,1.34299,1.34299,1.34199,1.34247,265
1769042700,1.34248,1.34282,1.34190,1.34278,478
1769043600,1.34278,1.34299,1.34251,1.34251,139
1769044500,1.34251,1.34272,1.34225,1.34240,169
1769045400,1.34239,1.34239,1.34205,1.34209,246
1769046300,1.34209,1.34223,1.34177,1.34177,157
1769047200,1.34178,1.34214,1.34169,1.34209,253
1769048100,1.34210,1.34220,1.34183,1.34185,265
1769049000,1.34186,1.34264,1.34186,1.34245,547
1769049900,1.34244,1.34312,1.34238,1.34296,542
1769050800,1.34295,1.34295,1.34248,1.34285,546
1769051700,1.34286,1.34296,1.34247,1.34295,426
1769052600,1.34297,1.34308,1.34264,1.34285,409
1769053500,1.34280,1.34317,1.34275,1.34305,390
1769054400,1.34304,1.34352,1.34298,1.34326,349
1769055300,1.34327,1.34328,1.34235,1.34247,329
1769056200,1.34245,1.34266,1.34226,1.34256,276
1769057100,1.34257,1.34265,1.34240,1.34255,242
1769058000,1.34254,1.34296,1.34254,1.34294,277
1769058900,1.34295,1.34307,1.34274,1.34291,215
1769059800,1.34290,1.34307,1.34277,1.34294,270
1769060700,1.34295,1.34336,1.34285,1.34324,231
1769061600,1.34323,1.34392,1.34320,1.34386,303
1769062500,1.34385,1.34393,1.34355,1.34363,308
1769063400,1.34360,1.34360,1.34304,1.34304,249
1769064300,1.34305,1.34327,1.34303,1.34317,118
1769065200,1.34316,1.34316,1.34282,1.34301,225
1769066100,1.34302,1.34305,1.34256,1.34271,271
1769067000,1.34270,1.34284,1.34254,1.34255,295
1769067900,1.34256,1.34290,1.34236,1.34289,337
1769068800,1.34291,1.34298,1.34235,1.34247,378
1769069700,1.34248,1.34281,1.34237,1.34255,404
1769070600,1.34254,1.34270,1.34232,1.34236,360
1769071500,1.34235,1.34259,1.34206,1.34259,373
1769072400,1.34258,1.34298,1.34231,1.34240,565
1769073300,1.34241,1.34320,1.34237,1.34297,489
1769074200,1.34296,1.34373,1.34296,1.34336,595
1769075100,1.34337,1.34365,1.34304,1.34313,655
1769076000,1.34312,1.34329,1.34234,1.34235,885
1769076900,1.34236,1.34263,1.34213,1.34213,845
1769077800,1.34212,1.34217,1.34097,1.34135,891
1769078700,1.34134,1.34196,1.34116,1.34181,689
1769079600,1.34180,1.34296,1.34174,1.34285,777
1769080500,1.34286,1.34420,1.34266,1.34385,763
1769081400,1.34384,1.34428,1.34352,1.34417,646
1769082300,1.34418,1.34464,1.34417,1.34440,743
1769083200,1.34439,1.34495,1.34390,1.34403,712
1769084100,1.34405,1.34410,1.34366,1.34386,462
1769085000,1.34385,1.34471,1.34384,1.34457,668
1769085900,1.34456,1.34505,1.34432,1.34478,626
1769086800,1.34476,1.34527,1.34250,1.34250,934
1769087700,1.34248,1.34259,1.34005,1.34171,2817
1769088600,1.34170,1.34259,1.34159,1.34228,1392
1769089500,1.34226,1.34326,1.34190,1.34204,1362
1769090400,1.34201,1.34319,1.34182,1.34293,978
1769091300,1.34294,1.34314,1.34262,1.34264,702
1769092200,1.34263,1.34417,1.34246,1.34308,1318
1769093100,1.34309,1.34345,1.34152,1.34254,1211
1769094000,1.34253,1.34276,1.34187,1.34206,967
1769094900,1.34208,1.34273,1.34120,1.34176,1177
1769095800,1.34174,1.34384,1.34034,1.34162,1947
1769096700,1.34163,1.34231,1.34120,1.34231,1260
1769097600,1.34230,1.34304,1.34222,1.34274,1090
1769098500,1.34275,1.34345,1.34268,1.34324,1055
1769099400,1.34325,1.34441,1.34324,1.34398,1513
1769100300,1.34400,1.34524,1.34372,1.34461,1579
1769101200,1.34461,1.34686,1.34454,1.34675,1389
1769102100,1.34676,1.34756,1.34654,1.34744,1337
1769103000,1.34743,1.34793,1.34712,1.34792,935
1769103900,1.34793,1.34847,1.34749,1.34775,1609
1769104800,1.34777,1.34883,1.34775,1.34875,1207
1769105700,1.34874,1.34989,1.34874,1.34933,1166
1769106600,1.34934,1.34964,1.34886,1.34949,978
1769107500,1.34950,1.34976,1.34891,1.34891,892
1769108400,1.34888,1.34905,1.34747,1.34876,1368
1769109300,1.34877,1.34906,1.34827,1.34903,819
1769110200,1.34902,1.34954,1.34869,1.34936,636
1769111100,1.34937,1.34956,1.34893,1.34925,655
1769112000,1.34923,1.34970,1.34904,1.34963,681
1769112900,1.34964,1.35008,1.34957,1.34994,535
1769113800,1.34992,1.35023,1.34941,1.34947,359
1769114700,1.34946,1.34995,1.34934,1.34988,553
1769115600,1.34987,1.34994,1.34924,1.34943,586
1769116500,1.34944,1.34944,1.34874,1.34885,470
1769117400,1.34884,1.34898,1.34861,1.34885,401
1769118300,1.34884,1.34915,1.34878,1.34909,435
1769119200,1.34908,1.34969,1.34885,1.34969,438
1769120100,1.34970,1.34986,1.34953,1.34958,410
1769121000,1.34957,1.35016,1.34946,1.35016,545
1769121900,1.35017,1.35035,1.34965,1.34972,473
1769122800,1.34971,1.35024,1.34958,1.34996,211
1769123700,1.34997,1.35054,1.34988,1.35053,155
1769124600,1.35054,1.35067,1.35048,1.35049,93
1769125500,1.35050,1.35056,1.35025,1.35025,195
1769126400,1.34783,1.34978,1.34781,1.34937,730
1769127300,1.34936,1.34997,1.34832,1.34836,1426
1769128200,1.34837,1.34998,1.34837,1.34998,115
1769129100,1.34998,1.35013,1.34990,1.35006,152
1769130000,1.35005,1.35081,1.35005,1.35051,138
1769130900,1.35051,1.35054,1.35033,1.35033,121
1769131800,1.35032,1.35032,1.34994,1.35000,130
1769132700,1.35001,1.35011,1.34991,1.34994,121
1769133600,1.34994,1.35005,1.34953,1.34971,207
1769134500,1.34967,1.34997,1.34964,1.34988,174
1769135400,1.34987,1.34998,1.34963,1.34966,441
1769136300,1.34968,1.34973,1.34950,1.34960,461
1769137200,1.34961,1.34984,1.34956,1.34975,384
1769138100,1.34976,1.35044,1.34976,1.35004,899
1769139000,1.35003,1.35024,1.34973,1.34978,508
1769139900,1.34977,1.34999,1.34966,1.34979,402
1769140800,1.34978,1.34984,1.34936,1.34954,450
1769141700,1.34949,1.34952,1.34936,1.34937,252
1769142600,1.34936,1.34970,1.34914,1.34923,328
1769143500,1.34924,1.34955,1.34919,1.34926,344
1769144400,1.34925,1.34952,1.34918,1.34926,436
1769145300,1.34924,1.34940,1.34892,1.34894,392
1769146200,1.34895,1.34915,1.34886,1.34915,265
1769147100,1.34916,1.34934,1.34896,1.34903,342
1769148000,1.34902,1.34922,1.34898,1.34914,262
1769148900,1.34915,1.34926,1.34912,1.34918,133
1769149800,1.34917,1.34950,1.34909,1.34950,208
1769150700,1.34951,1.34977,1.34942,1.34972,245
1769151600,1.34970,1.35001,1.34970,1.34983,202
1769152500,1.34985,1.35006,1.34960,1.34963,302
1769153400,1.34962,1.34985,1.34957,1.34980,349
1769154300,1.34981,1.34985,1.34965,1.34983,257
1769155200,1.34982,1.34996,1.34931,1.34939,437
1769156100,1.34940,1.34950,1.34901,1.34901,476
1769157000,1.34902,1.34953,1.34895,1.34901,558
1769157900,1.34900,1.34920,1.34827,1.34836,641
1769158800,1.34837,1.34961,1.34833,1.34899,773
1769159700,1.34900,1.34913,1.34872,1.34895,596
1769160600,1.34894,1.35119,1.34892,1.34999,1290
1769161500,1.35004,1.35078,1.34904,1.34925,2414
1769162400,1.34924,1.34954,1.34851,1.34886,1398
1769163300,1.34883,1.34896,1.34837,1.34874,1157
1769164200,1.34879,1.34974,1.34826,1.34971,1119
1769165100,1.34972,1.35024,1.34936,1.35014,999
1769166000,1.35015,1.35065,1.34987,1.35014,1035
1769166900,1.35015,1.35076,1.35005,1.35044,716
1769167800,1.35048,1.35263,1.35048,1.35263,1327
1769168700,1.35265,1.35347,1.35263,1.35296,1234
1769169600,1.35299,1.35343,1.35245,1.35272,779
1769170500,1.35274,1.35346,1.35254,1.35341,800
1769171400,1.35340,1.35368,1.35280,1.35281,709
1769172300,1.35283,1.35300,1.35223,1.35268,741
1769173200,1.35270,1.35300,1.35225,1.35285,607
1769174100,1.35286,1.35291,1.35151,1.35262,875
1769175000,1.35261,1.35325,1.35243,1.35257,688
1769175900,1.35258,1.35316,1.35142,1.35180,1179
1769176800,1.35181,1.35243,1.35179,1.35229,797
1769177700,1.35228,1.35268,1.35220,1.35234,592
1769178600,1.35235,1.35306,1.35226,1.35285,682
1769179500,1.35287,1.35322,1.35265,1.35284,796
1769180400,1.35283,1.35321,1.35264,1.35319,841
1769181300,1.35320,1.35345,1.35294,1.35325,615
1769182200,1.35324,1.35347,1.35263,1.35305,646
1769183100,1.35306,1.35314,1.35243,1.35250,753
1769184000,1.35249,1.35298,1.35207,1.35296,873
1769184900,1.35297,1.35298,1.35224,1.35289,791
1769185800,1.35288,1.35293,1.35225,1.35225,845
1769186700,1.35226,1.35380,1.35226,1.35360,793
1769187600,1.35363,1.35445,1.35348,1.35432,1221
1769188500,1.35433,1.35513,1.35421,1.35513,958
1769189400,1.35514,1.35554,1.35503,1.35521,832
1769190300,1.35524,1.35675,1.35515,1.35643,1149
1769191200,1.35644,1.35685,1.35611,1.35622,946
1769192100,1.35618,1.35744,1.35610,1.35743,1137
1769193000,1.35750,1.35927,1.35746,1.35908,1245
1769193900,1.35908,1.35977,1.35863,1.35883,1510
1769194800,1.35882,1.36012,1.35862,1.35995,1314
1769195700,1.35996,1.36099,1.35947,1.36094,1702
1769196600,1.36095,1.36227,1.36013,1.36023,2384
1769197500,1.36024,1.36111,1.35994,1.36084,1732
1769198400,1.36083,1.36083,1.35942,1.35946,1761
1769199300,1.35945,1.36087,1.35920,1.36066,1276
1769200200,1.36067,1.36069,1.35982,1.36047,996
1769201100,1.36048,1.36071,1.36004,1.36053,906
1769202000,1.36054,1.36167,1.36053,1.36152,846
1769202900,1.36153,1.36171,1.36064,1.36101,853
1769203800,1.36102,1.36124,1.36082,1.36113,770
1769204700,1.36114,1.36293,1.36097,1.36237,1235
1769205600,1.36236,1.36281,1.36217,1.36275,862
1769206500,1.36273,1.36382,1.36273,1.36342,799
1769207400,1.36340,1.36340,1.36236,1.36296,985
1769208300,1.36297,1.36381,1.36255,1.36368,863
1769209200,1.36366,1.36432,1.36344,1.36417,2084
1769210100,1.36417,1.36458,1.36373,1.36424,1913
1769211000,1.36424,1.36445,1.36326,1.36389,1293
1769211900,1.36390,1.36438,1.36351,1.36435,1427
1769385600,1.36608,1.36614,1.36592,1.36600,53
1769386500,1.36600,1.36654,1.36594,1.36595,124
1769387400,1.36595,1.36654,1.36593,1.36654,44
1769388300,1.36655,1.36818,1.36635,1.36762,592
1769389200,1.36763,1.36796,1.36691,1.36792,577
1769390100,1.36791,1.36797,1.36594,1.36620,589
1769391000,1.36620,1.36657,1.36576,1.36604,668
1769391900,1.36604,1.36643,1.36546,1.36641,704
1769392800,1.36643,1.36645,1.36461,1.36490,1411
1769393700,1.36487,1.36545,1.36430,1.36520,939
1769394600,1.36519,1.36554,1.36463,1.36536,830
1769395500,1.36537,1.36674,1.36531,1.36673,1304
1769396400,1.36672,1.36745,1.36604,1.36637,1581
1769397300,1.36638,1.36661,1.36589,1.36639,1219
1769398200,1.36638,1.36725,1.36596,1.36674,1262
1769399100,1.36675,1.36716,1.36605,1.36609,937
1769400000,1.36610,1.36793,1.36589,1.36779,1016
1769400900,1.36780,1.36787,1.36686,1.36771,1186
1769401800,1.36770,1.36796,1.36750,1.36772,723
1769402700,1.36770,1.36770,1.36681,1.36693,636
1769403600,1.36692,1.36692,1.36626,1.36630,645
1769404500,1.36631,1.36636,1.36550,1.36603,531
1769405400,1.36604,1.36635,1.36589,1.36632,464
1769406300,1.36633,1.36656,1.36581,1.36599,411
1769407200,1.36600,1.36660,1.36534,1.36659,606
1769408100,1.36660,1.36675,1.36567,1.36587,631
1769409000,1.36588,1.36622,1.36545,1.36622,346
1769409900,1.36618,1.36668,1.36595,1.36601,591
1769410800,1.36600,1.36630,1.36585,1.36609,474
1769411700,1.36608,1.36690,1.36590,1.36664,455
1769412600,1.36665,1.36665,1.36628,1.36650,529
1769413500,1.36650,1.36697,1.36630,1.36669,478
1769414400,1.36668,1.36683,1.36583,1.36595,844
1769415300,1.36597,1.36657,1.36575,1.36635,792
1769416200,1.36634,1.36677,1.36602,1.36654,751
1769417100,1.36655,1.36671,1.36559,1.36564,764
1769418000,1.36567,1.36696,1.36558,1.36622,1140
1769418900,1.36624,1.36762,1.36614,1.36723,1035
1769419800,1.36722,1.36730,1.36513,1.36544,1085
1769420700,1.36545,1.36554,1.36446,1.36466,1052
1769421600,1.36468,1.36561,1.36459,1.36514,1491
1769422500,1.36513,1.36517,1.36427,1.36502,1148
1769423400,1.36501,1.36673,1.36490,1.36592,1675
1769424300,1.36590,1.36678,1.36575,1.36622,1234
1769425200,1.36623,1.36713,1.36608,1.36624,1435
1769426100,1.36623,1.36724,1.36584,1.36703,919
1769427000,1.36703,1.36757,1.36653,1.36746,1010
1769427900,1.36747,1.36771,1.36663,1.36720,1040
1769428800,1.36723,1.36743,1.36668,1.36678,961
1769429700,1.36680,1.36754,1.36673,1.36709,793
1769430600,1.36708,1.36736,1.36696,1.36722,266
1769431500,1.36723,1.36731,1.36672,1.36708,789
1769432400,1.36709,1.36734,1.36669,1.36693,836
1769433300,1.36692,1.36726,1.36651,1.36670,552
1769434200,1.36671,1.36735,1.36652,1.36714,610
1769435100,1.36715,1.36735,1.36654,1.36661,913
1769436000,1.36660,1.36728,1.36590,1.36607,1139
1769436900,1.36606,1.36618,1.36522,1.36563,862
1769437800,1.36563,1.36574,1.36520,1.36522,663
1769438700,1.36521,1.36539,1.36481,1.36530,728
1769439600,1.36529,1.36530,1.36433,1.36468,1067
1769440500,1.36469,1.36538,1.36453,1.36517,665
1769441400,1.36517,1.36523,1.36467,1.36467,840
1769442300,1.36468,1.36617,1.36457,1.36615,1137
1769443200,1.36616,1.36702,1.36582,1.36684,1114
1769444100,1.36685,1.36783,1.36667,1.36771,866
1769445000,1.36770,1.36890,1.36760,1.36843,1162
1769445900,1.36842,1.36915,1.36814,1.36912,1450
1769446800,1.36911,1.36980,1.36886,1.36954,1523
1769447700,1.36953,1.36990,1.36900,1.36982,1235
1769448600,1.36982,1.37043,1.36952,1.36983,1276
1769449500,1.36984,1.37128,1.36971,1.37079,1629
1769450400,1.37077,1.37134,1.37015,1.37044,1390
1769451300,1.37045,1.37074,1.36987,1.37029,1360
1769452200,1.37030,1.37070,1.36996,1.37015,1223
1769453100,1.37014,1.37067,1.36932,1.36968,1128
1769454000,1.36969,1.37009,1.36941,1.36990,909
1769454900,1.36992,1.37041,1.36898,1.36903,969
1769455800,1.36902,1.36945,1.36890,1.36903,821
1769456700,1.36904,1.36911,1.36859,1.36881,645
1769457600,1.36882,1.36993,1.36851,1.36955,645
1769458500,1.36956,1.37014,1.36946,1.37004,628
1769459400,1.37003,1.37014,1.36912,1.36915,787
1769460300,1.36916,1.36940,1.36877,1.36886,750
1769461200,1.36885,1.36885,1.36804,1.36817,838
1769462100,1.36818,1.36818,1.36755,1.36775,641
1769463000,1.36774,1.36804,1.36759,1.36797,530
1769463900,1.36798,1.36834,1.36759,1.36823,761
1769464800,1.36822,1.36860,1.36797,1.36853,725
1769465700,1.36855,1.36858,1.36793,1.36803,418
1769466600,1.36802,1.36821,1.36792,1.36796,402
1769467500,1.36797,1.36825,1.36793,1.36804,408
1769468400,1.36803,1.36866,1.36797,1.36804,244
1769469300,1.36803,1.36803,1.36774,1.36783,167
1769470200,1.36784,1.36784,1.36747,1.36763,186
1769471100,1.36764,1.36787,1.36759,1.36787,152
1769472000,1.36748,1.36765,1.36738,1.36742,10
1769472900,1.36742,1.36746,1.36712,1.36738,89
1769473800,1.36738,1.36786,1.36733,1.36733,137
1769474700,1.36730,1.36747,1.36699,1.36745,548
1769475600,1.36746,1.36787,1.36738,1.36779,186
1769476500,1.36780,1.36787,1.36761,1.36782,230
1769477400,1.36782,1.36792,1.36764,1.36790,155
1769478300,1.36789,1.36789,1.36741,1.36747,217
1769479200,1.36747,1.36814,1.36738,1.36803,444
1769480100,1.36804,1.36815,1.36752,1.36753,330
1769481000,1.36754,1.36802,1.36748,1.36757,515
1769481900,1.36758,1.36761,1.36725,1.36733,627
1769482800,1.36732,1.36774,1.36703,1.36742,869
1769483700,1.36743,1.36774,1.36722,1.36763,481
1769484600,1.36760,1.36782,1.36741,1.36782,498
1769485500,1.36784,1.36826,1.36772,1.36797,487
1769486400,1.36796,1.36823,1.36771,1.36819,555
1769487300,1.36820,1.36927,1.36814,1.36914,571
1769488200,1.36915,1.37006,1.36912,1.36995,723
1769489100,1.36994,1.37002,1.36950,1.36957,607
1769490000,1.36956,1.36956,1.36896,1.36903,591
1769490900,1.36904,1.36944,1.36898,1.36930,468
1769491800,1.36928,1.36947,1.36867,1.36868,418
1769492700,1.36867,1.36877,1.36825,1.36831,542
1769493600,1.36829,1.36882,1.36811,1.36812,481
1769494500,1.36807,1.36810,1.36754,1.36764,421
1769495400,1.36764,1.36790,1.36724,1.36737,430
1769496300,1.36740,1.36763,1.36727,1.36747,356
1769497200,1.36746,1.36758,1.36732,1.36747,354
1769498100,1.36748,1.36779,1.36716,1.36764,429
1769499000,1.36763,1.36789,1.36761,1.36780,320
1769499900,1.36783,1.36817,1.36781,1.36782,408
1769500800,1.36783,1.36875,1.36776,1.36865,504
1769501700,1.36864,1.36864,1.36834,1.36849,438
1769502600,1.36851,1.36900,1.36830,1.36895,521
1769503500,1.36896,1.36901,1.36813,1.36820,709
1769504400,1.36819,1.36865,1.36804,1.36848,824
1769505300,1.36846,1.36891,1.36830,1.36846,693
1769506200,1.36845,1.36900,1.36814,1.36872,869
1769507100,1.36870,1.36898,1.36700,1.36743,1332
1769508000,1.36743,1.36764,1.36672,1.36702,1139
1769508900,1.36703,1.36772,1.36675,1.36711,920
1769509800,1.36713,1.36731,1.36636,1.36671,1001
1769510700,1.36672,1.36750,1.36671,1.36746,865
1769511600,1.36745,1.36752,1.36682,1.36697,870
1769512500,1.36697,1.36793,1.36693,1.36787,619
1769513400,1.36788,1.36825,1.36775,1.36798,516
1769514300,1.36799,1.36998,1.36751,1.36991,2481
1769515200,1.36990,1.36991,1.36831,1.36873,1659
1769516100,1.36874,1.36973,1.36871,1.36966,938
1769517000,1.36964,1.37027,1.36936,1.36992,755
1769517900,1.36988,1.37034,1.36956,1.37031,820
1769518800,1.37030,1.37065,1.37013,1.37055,727
1769519700,1.37056,1.37065,1.37007,1.37065,580
1769520600,1.37066,1.37087,1.37013,1.37046,562
1769521500,1.37045,1.37124,1.37034,1.37109,687
1769522400,1.37108,1.37237,1.37081,1.37203,1012
1769523300,1.37205,1.37405,1.37197,1.37324,1889
1769524200,1.37323,1.37351,1.37241,1.37317,1711
1769525100,1.37318,1.37415,1.37298,1.37406,1964
1769526000,1.37407,1.37478,1.37354,1.37385,1815
1769526900,1.37385,1.37413,1.37329,1.37344,1399
1769527800,1.37343,1.37486,1.37328,1.37421,1419
1769528700,1.37423,1.37441,1.37256,1.37353,2010
1769529600,1.37351,1.37439,1.37313,1.37344,1407
1769530500,1.37344,1.37452,1.37338,1.37418,1528
1769531400,1.37420,1.37731,1.37418,1.37675,2905
1769532300,1.37674,1.37762,1.37636,1.37700,1782
1769533200,1.37697,1.37868,1.37696,1.37863,2264
1769534100,1.37863,1.37906,1.37832,1.37846,1977
1769535000,1.37845,1.37862,1.37582,1.37604,1742
1769535900,1.37604,1.37648,1.37475,1.37515,2425
1769536800,1.37514,1.37624,1.37508,1.37605,1796
1769537700,1.37606,1.37683,1.37543,1.37659,1503
1769538600,1.37658,1.37907,1.37653,1.37904,1562
1769539500,1.37904,1.37909,1.37766,1.37802,1183
1769540400,1.37803,1.37823,1.37725,1.37751,1254
1769541300,1.37752,1.37754,1.37609,1.37632,1449
1769542200,1.37637,1.37846,1.37626,1.37844,1318
1769543100,1.37844,1.37883,1.37810,1.37876,1411
1769544000,1.37875,1.37910,1.37762,1.37770,1402
1769544900,1.37772,1.37852,1.37759,1.37801,969
1769545800,1.37801,1.37839,1.37787,1.37794,855
1769546700,1.37793,1.37852,1.37768,1.37768,847
1769547600,1.37768,1.37814,1.37743,1.37790,759
1769548500,1.37791,1.37833,1.37745,1.37810,587
1769549400,1.37809,1.37834,1.37783,1.37808,513
1769550300,1.37807,1.37842,1.37781,1.37834,700
1769551200,1.37832,1.37892,1.37805,1.37868,631
1769552100,1.37866,1.37934,1.37864,1.37920,928
1769553000,1.37920,1.37925,1.37762,1.37862,1017
1769553900,1.37864,1.38693,1.37859,1.38365,6131
1769554800,1.38364,1.38442,1.38293,1.38379,1866
1769555700,1.38380,1.38446,1.38297,1.38438,1049
1769556600,1.38437,1.38544,1.38370,1.38538,1050
1769557500,1.38538,1.38561,1.38393,1.38524,681
1769558400,1.38219,1.38219,1.38192,1.38219,17
1769559300,1.38223,1.38367,1.38223,1.38323,55
1769560200,1.38320,1.38440,1.38315,1.38409,93
1769561100,1.38409,1.38468,1.38328,1.38425,180
1769562000,1.38427,1.38454,1.38310,1.38317,316
1769562900,1.38317,1.38369,1.38225,1.38231,459
1769563800,1.38232,1.38292,1.38232,1.38249,325
1769564700,1.38249,1.38298,1.38231,1.38266,474
1769565600,1.38267,1.38268,1.38144,1.38191,794
1769566500,1.38191,1.38244,1.38142,1.38161,670
1769567400,1.38161,1.38311,1.38159,1.38195,1795
1769568300,1.38196,1.38213,1.38140,1.38173,1387
1769569200,1.38172,1.38189,1.38127,1.38153,1415
1769570100,1.38152,1.38182,1.38091,1.38105,988
1769571000,1.38105,1.38136,1.38011,1.38083,1140
1769571900,1.38083,1.38118,1.37991,1.38001,1004
1769572800,1.38001,1.38042,1.37919,1.37922,900
1769573700,1.37922,1.38003,1.37921,1.37992,750
1769574600,1.37993,1.38026,1.37992,1.37996,665
1769575500,1.37998,1.38074,1.37997,1.38037,775
1769576400,1.38040,1.38093,1.38029,1.38092,743
1769577300,1.38093,1.38103,1.38079,1.38082,675
1769578200,1.38083,1.38083,1.37989,1.37989,643
1769579100,1.37990,1.38019,1.37971,1.37999,573
1769580000,1.37998,1.38009,1.37962,1.37982,504
1769580900,1.37983,1.37990,1.37953,1.37962,388
1769581800,1.37962,1.37973,1.37942,1.37950,395
1769582700,1.37951,1.38031,1.37937,1.38018,583
1769583600,1.38018,1.38032,1.37892,1.37955,1526
1769584500,1.37954,1.38023,1.37952,1.38016,719
1769585400,1.38015,1.38043,1.37959,1.38017,835
1769586300,1.38016,1.38055,1.37979,1.38050,790
1769587200,1.38048,1.38093,1.38039,1.38091,919
1769588100,1.38090,1.38156,1.38047,1.38100,893
1769589000,1.38103,1.38142,1.38048,1.38061,927
1769589900,1.38062,1.38091,1.38036,1.38061,842
1769590800,1.38065,1.38274,1.38043,1.38272,1378
1769591700,1.38268,1.38312,1.38104,1.38112,1832
1769592600,1.38112,1.38113,1.37927,1.37992,1179
1769593500,1.37993,1.38013,1.37943,1.38013,940
1769594400,1.38014,1.38023,1.37933,1.37994,1449
1769595300,1.37995,1.38112,1.37947,1.38074,1259
1769596200,1.38075,1.38084,1.37973,1.37980,1230
1769597100,1.37979,1.37979,1.37754,1.37868,2124
1769598000,1.37866,1.37906,1.37760,1.37786,1453
1769598900,1.37785,1.37847,1.37780,1.37833,1340
1769599800,1.37832,1.37924,1.37813,1.37835,1065
1769600700,1.37836,1.37925,1.37818,1.37871,1018
1769601600,1.37872,1.37891,1.37797,1.37891,1011
1769602500,1.37890,1.37894,1.37765,1.37812,1161
1769603400,1.37814,1.37922,1.37792,1.37918,889
1769604300,1.37919,1.37999,1.37908,1.37928,1191
1769605200,1.37929,1.37929,1.37743,1.37768,1176
1769606100,1.37769,1.37786,1.37704,1.37753,1034
1769607000,1.37752,1.37790,1.37695,1.37782,929
1769607900,1.37781,1.37833,1.37676,1.37697,985
1769608800,1.37696,1.37836,1.37685,1.37814,1191
1769609700,1.37813,1.37856,1.37784,1.37838,1105
1769610600,1.37839,1.37893,1.37797,1.37797,1076
1769611500,1.37798,1.37940,1.37779,1.37933,1074
1769612400,1.37935,1.37939,1.37809,1.37855,1236
1769613300,1.37856,1.37866,1.37668,1.37723,1109
1769614200,1.37723,1.37825,1.37722,1.37786,1120
1769615100,1.37787,1.37820,1.37650,1.37701,1407
1769616000,1.37703,1.37794,1.37679,1.37791,1476
1769616900,1.37792,1.37881,1.37746,1.37856,1126
1769617800,1.37856,1.37987,1.37800,1.37975,1475
1769618700,1.37976,1.38014,1.37801,1.37863,1726
1769619600,1.37864,1.37994,1.37508,1.37574,4916
1769620500,1.37574,1.37674,1.37497,1.37660,4038
1769621400,1.37663,1.37771,1.37630,1.37742,2570
1769622300,1.37743,1.37907,1.37585,1.37896,3661
1769623200,1.37896,1.37941,1.37785,1.37787,2153
1769624100,1.37788,1.37892,1.37723,1.37735,1990
1769625000,1.37734,1.37795,1.37640,1.37753,1849
1769625900,1.37752,1.37845,1.37742,1.37843,1506
1769626800,1.37842,1.37877,1.37763,1.37772,1037
1769627700,1.37773,1.37842,1.37723,1.37783,839
1769628600,1.37784,1.37854,1.37727,1.37763,954
1769629500,1.37764,1.37908,1.37757,1.37895,733
1769630400,1.37894,1.37924,1.37821,1.37822,850
1769631300,1.37823,1.37874,1.37804,1.37854,677
1769632200,1.37859,1.37867,1.37671,1.37683,1179
1769633100,1.37684,1.37768,1.37638,1.37747,1238
1769634000,1.37746,1.37865,1.37521,1.37686,3697
1769634900,1.37687,1.37753,1.37582,1.37592,1748
1769635800,1.37589,1.37868,1.37573,1.37755,3154
1769636700,1.37748,1.37963,1.37712,1.37931,2247
1769637600,1.37932,1.38001,1.37859,1.37873,1541
1769638500,1.37873,1.37999,1.37870,1.37985,1360
1769639400,1.37984,1.38023,1.37970,1.37976,952
1769640300,1.37977,1.38022,1.37961,1.37989,1226
1769641200,1.37990,1.38079,1.37976,1.38060,454
1769642100,1.38062,1.38072,1.38004,1.38004,374
1769643000,1.38003,1.38075,1.37998,1.38067,517
1769643900,1.38067,1.38112,1.38064,1.38102,161
1769644800,1.37961,1.37961,1.37902,1.37924,36
1769645700,1.37924,1.37955,1.37907,1.37946,3039
1769646600,1.37949,1.38015,1.37935,1.37977,1689
1769647500,1.37978,1.38012,1.37921,1.37968,2011
1769648400,1.37966,1.38088,1.37887,1.38088,537
1769649300,1.38088,1.38213,1.38084,1.38149,476
1769650200,1.38149,1.38299,1.38144,1.38250,718
1769651100,1.38252,1.38286,1.38182,1.38269,627
1769652000,1.38269,1.38269,1.38139,1.38240,1256
1769652900,1.38239,1.38284,1.38209,1.38277,1042
1769653800,1.38276,1.38350,1.38220,1.38244,1253
1769654700,1.38243,1.38253,1.38193,1.38208,853
1769655600,1.38207,1.38207,1.38064,1.38079,1456
1769656500,1.38080,1.38102,1.38001,1.38039,1164
1769657400,1.38041,1.38091,1.38024,1.38047,962
1769658300,1.38048,1.38069,1.38013,1.38032,814
1769659200,1.38031,1.38032,1.37934,1.38013,960
1769660100,1.38013,1.38098,1.37989,1.38094,784
1769661000,1.38095,1.38124,1.38082,1.38120,991
1769661900,1.38119,1.38158,1.38091,1.38125,724
1769662800,1.38124,1.38211,1.38110,1.38211,944
1769663700,1.38212,1.38232,1.38170,1.38208,722
1769664600,1.38206,1.38266,1.38174,1.38250,707
1769665500,1.38251,1.38333,1.38244,1.38328,591
1769666400,1.38327,1.38360,1.38288,1.38300,767
1769667300,1.38297,1.38352,1.38240,1.38313,997
1769668200,1.38312,1.38358,1.38298,1.38307,653
1769669100,1.38308,1.38402,1.38308,1.38392,681
1769670000,1.38391,1.38440,1.38388,1.38401,578
1769670900,1.38399,1.38421,1.38359,1.38392,642
1769671800,1.38391,1.38424,1.38371,1.38402,665
1769672700,1.38403,1.38418,1.38368,1.38380,549
1769673600,1.38377,1.38385,1.38279,1.38309,845
1769674500,1.38308,1.38397,1.38303,1.38369,1464
1769675400,1.38368,1.38400,1.38353,1.38383,737
1769676300,1.38381,1.38389,1.38350,1.38375,823
1769677200,1.38374,1.38480,1.38352,1.38389,1162
1769678100,1.38389,1.38438,1.38322,1.38332,1059
1769679000,1.38331,1.38346,1.38239,1.38280,1181
1769679900,1.38281,1.38327,1.38245,1.38317,995
1769680800,1.38316,1.38457,1.38284,1.38453,1450
1769681700,1.38453,1.38463,1.38362,1.38382,1405
1769682600,1.38384,1.38411,1.38217,1.38258,1628
1769683500,1.38257,1.38268,1.38140,1.38207,1477
1769684400,1.38206,1.38244,1.38164,1.38188,1067
1769685300,1.38190,1.38216,1.38121,1.38134,1022
1769686200,1.38133,1.38212,1.38120,1.38181,945
1769687100,1.38179,1.38179,1.38004,1.38035,1021
1769688000,1.38035,1.38068,1.37998,1.38026,904
1769688900,1.38027,1.38056,1.37970,1.38035,862
1769689800,1.38037,1.38053,1.37934,1.37964,1021
1769690700,1.37963,1.37963,1.37811,1.37827,1237
1769691600,1.37831,1.37913,1.37807,1.37909,1158
1769692500,1.37911,1.37975,1.37880,1.37929,1010
1769693400,1.37928,1.37976,1.37899,1.37950,869
1769694300,1.37951,1.37982,1.37914,1.37943,770
1769695200,1.37942,1.37986,1.37891,1.37970,868
1769696100,1.37971,1.38018,1.37940,1.38013,734
1769697000,1.38012,1.38016,1.37949,1.37967,766
1769697900,1.37968,1.38140,1.37961,1.38134,1238
1769698800,1.38135,1.38175,1.38092,1.38116,1386
1769699700,1.38117,1.38174,1.38091,1.38140,994
1769700600,1.38139,1.38183,1.38078,1.38143,1411
1769701500,1.38142,1.38158,1.37977,1.38060,2585
1769702400,1.38061,1.38264,1.38044,1.38264,1615
1769703300,1.38263,1.38324,1.38212,1.38273,1397
1769704200,1.38277,1.38339,1.38187,1.38321,2196
1769705100,1.38323,1.38324,1.38210,1.38267,2217
1769706000,1.38268,1.38272,1.37830,1.37863,3611
1769706900,1.37864,1.37865,1.37471,1.37513,5692
1769707800,1.37512,1.37728,1.37424,1.37432,5738
1769708700,1.37433,1.37663,1.37424,1.37637,4674
1769709600,1.37636,1.37797,1.37601,1.37736,3633
1769710500,1.37738,1.37801,1.37681,1.37755,3057
1769711400,1.37754,1.37961,1.37751,1.37884,2711
1769712300,1.37886,1.37993,1.37849,1.37926,2729
1769713200,1.37925,1.38037,1.37925,1.37968,2086
1769714100,1.37967,1.38055,1.37931,1.38001,2208
1769715000,1.38002,1.38074,1.37993,1.38060,1641
1769715900,1.38060,1.38061,1.37947,1.37979,1884
1769716800,1.37978,1.38010,1.37930,1.37969,1804
1769717700,1.37970,1.37972,1.37881,1.37931,1888
1769718600,1.37930,1.38048,1.37910,1.37994,1589
1769719500,1.37995,1.38045,1.37978,1.37979,1118
1769720400,1.37978,1.38004,1.37924,1.37930,1113
1769721300,1.37931,1.38002,1.37931,1.37982,916
1769722200,1.37981,1.37982,1.37920,1.37945,1091
1769723100,1.37944,1.37965,1.37929,1.37934,798
1769724000,1.37933,1.37995,1.37885,1.37986,828
1769724900,1.37989,1.38004,1.37974,1.37987,526
1769725800,1.37988,1.38066,1.37983,1.38023,755
1769726700,1.38022,1.38082,1.38020,1.38049,934
1769727600,1.38048,1.38082,1.37996,1.38081,460
1769728500,1.38081,1.38094,1.38060,1.38087,159
1769729400,1.38088,1.38133,1.38083,1.38112,438
1769730300,1.38111,1.38134,1.38099,1.38123,125
1769731200,1.37971,1.37976,1.37926,1.37931,14
1769732100,1.37934,1.37949,1.37934,1.37949,16
1769733000,1.37950,1.38070,1.37950,1.38069,154
1769733900,1.38069,1.38079,1.38064,1.38066,174
1769734800,1.38064,1.38088,1.38063,1.38080,200
1769735700,1.38080,1.38135,1.38078,1.38124,255
1769736600,1.38123,1.38141,1.38105,1.38114,413
1769737500,1.38114,1.38117,1.38048,1.38080,234
1769738400,1.38079,1.38140,1.38072,1.38122,450
1769739300,1.38124,1.38133,1.37886,1.37928,1424
1769740200,1.37929,1.37947,1.37796,1.37798,1646
1769741100,1.37801,1.37828,1.37738,1.37777,1547
1769742000,1.37776,1.37792,1.37618,1.37669,2476
1769742900,1.37670,1.37777,1.37628,1.37705,2021
1769743800,1.37703,1.37799,1.37672,1.37759,1516
1769744700,1.37761,1.37764,1.37582,1.37610,1874
1769745600,1.37611,1.37621,1.37516,1.37567,2538
1769746500,1.37567,1.37673,1.37314,1.37463,3592
1769747400,1.37459,1.37531,1.37422,1.37479,2257
1769748300,1.37480,1.37627,1.37480,1.37620,1630
1769749200,1.37622,1.37632,1.37528,1.37550,1548
1769750100,1.37551,1.37610,1.37533,1.37576,1124
1769751000,1.37575,1.37665,1.37489,1.37501,1271
1769751900,1.37502,1.37598,1.37479,1.37532,1222
1769752800,1.37530,1.37675,1.37529,1.37638,929
1769753700,1.37637,1.37649,1.37515,1.37546,794
1769754600,1.37547,1.37588,1.37521,1.37523,648
1769755500,1.37524,1.37535,1.37479,1.37527,403
1769756400,1.37528,1.37606,1.37519,1.37604,562
1769757300,1.37605,1.37629,1.37532,1.37535,945
1769758200,1.37534,1.37543,1.37463,1.37471,810
1769759100,1.37474,1.37564,1.37474,1.37556,723
1769760000,1.37557,1.37641,1.37547,1.37593,1605
1769760900,1.37596,1.37625,1.37479,1.37490,1596
1769761800,1.37488,1.37603,1.37474,1.37495,1807
1769762700,1.37494,1.37508,1.37404,1.37507,1955
1769763600,1.37506,1.37606,1.37466,1.37508,2189
1769764500,1.37511,1.37590,1.37497,1.37554,1434
1769765400,1.37553,1.37621,1.37543,1.37620,1277
1769766300,1.37621,1.37831,1.37618,1.37696,1599
1769767200,1.37699,1.37802,1.37683,1.37747,1962
1769768100,1.37748,1.37801,1.37643,1.37658,1867
1769769000,1.37657,1.37690,1.37589,1.37652,1672
1769769900,1.37653,1.37732,1.37598,1.37646,1075
1769770800,1.37639,1.37674,1.37514,1.37525,1985
1769771700,1.37526,1.37540,1.37450,1.37465,1631
1769772600,1.37462,1.37531,1.37394,1.37405,1541
1769773500,1.37405,1.37420,1.37253,1.37337,2000
1769774400,1.37336,1.37483,1.37326,1.37478,1723
1769775300,1.37477,1.37480,1.37410,1.37442,1288
1769776200,1.37441,1.37491,1.37397,1.37406,1465
1769777100,1.37407,1.37508,1.37404,1.37483,1045
1769778000,1.37483,1.37619,1.37449,1.37604,1106
1769778900,1.37605,1.37645,1.37554,1.37622,1296
1769779800,1.37623,1.37704,1.37616,1.37656,879
1769780700,1.37655,1.37799,1.37590,1.37792,1925
1769781600,1.37791,1.37877,1.37771,1.37859,1770
1769782500,1.37857,1.37857,1.37778,1.37790,1668
1769783400,1.37789,1.37812,1.37669,1.37671,1301
1769784300,1.37672,1.37679,1.37570,1.37621,1571
1769785200,1.37620,1.37674,1.37584,1.37642,1826
1769786100,1.37643,1.37643,1.37507,1.37545,1453
1769787000,1.37546,1.37549,1.37410,1.37525,2383
1769787900,1.37523,1.37524,1.37355,1.37446,2136
1769788800,1.37450,1.37536,1.37435,1.37484,2392
1769789700,1.37486,1.37577,1.37457,1.37482,2337
1769790600,1.37482,1.37549,1.37447,1.37513,2475
1769791500,1.37512,1.37578,1.37360,1.37392,2553
1769792400,1.37391,1.37438,1.37197,1.37266,3132
1769793300,1.37265,1.37361,1.37265,1.37318,2506
1769794200,1.37317,1.37398,1.37165,1.37359,2868
1769795100,1.37360,1.37364,1.37099,1.37199,3526
1769796000,1.37198,1.37297,1.37166,1.37250,2925
1769796900,1.37253,1.37255,1.37179,1.37193,2132
1769797800,1.37191,1.37251,1.37126,1.37223,2220
1769798700,1.37224,1.37292,1.37147,1.37272,1977
1769799600,1.37271,1.37281,1.37005,1.37029,2144
1769800500,1.37027,1.37163,1.36999,1.37134,2076
1769801400,1.37133,1.37143,1.37067,1.37123,1951
1769802300,1.37123,1.37141,1.37028,1.37090,2592
1769803200,1.37088,1.37101,1.36960,1.36981,2219
1769804100,1.36982,1.36996,1.36848,1.36885,2566
1769805000,1.36884,1.36964,1.36798,1.36955,2537
1769805900,1.36956,1.37158,1.36949,1.37113,2403
1769806800,1.37112,1.37184,1.37099,1.37103,2149
1769807700,1.37104,1.37107,1.37028,1.37030,1511
1769808600,1.37029,1.37083,1.36995,1.37066,1470
1769809500,1.37066,1.37066,1.36901,1.36981,1582
1769810400,1.36980,1.36981,1.36900,1.36912,1528
1769811300,1.36911,1.36913,1.36842,1.36857,1215
1769812200,1.36855,1.36918,1.36840,1.36916,1160
1769813100,1.36914,1.36935,1.36832,1.36832,1235
1769814000,1.36831,1.36863,1.36793,1.36856,2875
1769814900,1.36856,1.36889,1.36798,1.36818,2659
1769815800,1.36818,1.36910,1.36784,1.36871,1854
1769816700,1.36872,1.36902,1.36833,1.36845,1360
1769990400,1.36837,1.36864,1.36800,1.36815,24
1769991300,1.36815,1.36839,1.36815,1.36839,30
1769992200,1.36841,1.36872,1.36787,1.36808,445
1769993100,1.36808,1.36848,1.36778,1.36829,432
1769994000,1.36829,1.36833,1.36622,1.36658,653
1769994900,1.36658,1.36742,1.36640,1.36726,1098
1769995800,1.36726,1.36907,1.36721,1.36820,961
1769996700,1.36820,1.36854,1.36742,1.36760,1169
1769997600,1.36760,1.37057,1.36760,1.37029,1690
1769998500,1.37028,1.37039,1.36989,1.37019,1838
1769999400,1.37019,1.37051,1.36968,1.37008,1615
1770000300,1.37007,1.37013,1.36932,1.37003,1496
1770001200,1.37004,1.37005,1.36766,1.36790,2791
1770002100,1.36789,1.36890,1.36784,1.36876,2611
1770003000,1.36877,1.36942,1.36844,1.36914,1994
1770003900,1.36912,1.36953,1.36884,1.36936,1746
1770004800,1.36935,1.37000,1.36908,1.36916,2021
1770005700,1.36915,1.36967,1.36900,1.36900,2032
1770006600,1.36900,1.36986,1.36893,1.36979,1213
1770007500,1.36978,1.36978,1.36816,1.36825,1537
1770008400,1.36825,1.36883,1.36821,1.36836,1185
1770009300,1.36837,1.36926,1.36822,1.36870,894
1770010200,1.36869,1.36880,1.36788,1.36841,1194
1770011100,1.36842,1.36886,1.36819,1.36843,874
1770012000,1.36844,1.36880,1.36796,1.36836,1444
1770012900,1.36837,1.36865,1.36818,1.36821,818
1770013800,1.36820,1.36854,1.36773,1.36800,994
1770014700,1.36801,1.36836,1.36794,1.36824,657
1770015600,1.36823,1.36833,1.36779,1.36819,1034
1770016500,1.36820,1.36829,1.36706,1.36720,1235
1770017400,1.36719,1.36746,1.36677,1.36688,1251
1770018300,1.36689,1.36720,1.36605,1.36719,1629
1770019200,1.36720,1.36758,1.36664,1.36710,1489
1770020100,1.36711,1.36720,1.36627,1.36656,1799
1770021000,1.36655,1.36718,1.36614,1.36714,2135
1770021900,1.36715,1.36759,1.36691,1.36755,2346
1770022800,1.36754,1.36864,1.36741,1.36794,1581
1770023700,1.36792,1.36852,1.36754,1.36849,1239
1770024600,1.36850,1.36851,1.36737,1.36813,1257
1770025500,1.36813,1.36887,1.36764,1.36796,1132
1770026400,1.36795,1.36907,1.36778,1.36891,2235
1770027300,1.36892,1.36938,1.36851,1.36931,1415
1770028200,1.36930,1.37014,1.36911,1.36934,1180
1770029100,1.36935,1.36947,1.36862,1.36922,1172
1770030000,1.36921,1.36946,1.36824,1.36906,1482
1770030900,1.36907,1.37004,1.36863,1.36969,1293
1770031800,1.36969,1.37028,1.36962,1.36994,1126
1770032700,1.36995,1.37108,1.36982,1.37090,1477
1770033600,1.37090,1.37131,1.37053,1.37131,1237
1770034500,1.37132,1.37153,1.37079,1.37106,1137
1770035400,1.37104,1.37110,1.36984,1.36990,1235
1770036300,1.36991,1.37063,1.36964,1.37021,1108
1770037200,1.37020,1.37036,1.36965,1.37012,1057
1770038100,1.37013,1.37092,1.36993,1.37088,1101
1770039000,1.37086,1.37119,1.36982,1.36986,926
1770039900,1.36987,1.37013,1.36950,1.37001,1026
1770040800,1.37000,1.37066,1.36935,1.36951,1228
1770041700,1.36952,1.36955,1.36884,1.36938,1035
1770042600,1.36937,1.36962,1.36859,1.36879,968
1770043500,1.36880,1.36931,1.36851,1.36882,1282
1770044400,1.36881,1.36883,1.36689,1.36743,2337
1770045300,1.36745,1.36747,1.36641,1.36663,1693
1770046200,1.36661,1.36671,1.36541,1.36582,1850
1770047100,1.36581,1.36621,1.36493,1.36517,1418
1770048000,1.36516,1.36549,1.36389,1.36395,1727
1770048900,1.36396,1.36403,1.36311,1.36388,1371
1770049800,1.36389,1.36632,1.36369,1.36601,2559
1770050700,1.36602,1.36770,1.36601,1.36676,1797
1770051600,1.36642,1.36642,1.36417,1.36522,3475
1770052500,1.36524,1.36615,1.36397,1.36541,2616
1770053400,1.36540,1.36579,1.36362,1.36373,2614
1770054300,1.36373,1.36387,1.36269,1.36281,2427
1770055200,1.36280,1.36491,1.36232,1.36463,1949
1770056100,1.36464,1.36530,1.36442,1.36518,1932
1770057000,1.36518,1.36566,1.36487,1.36547,1832
1770057900,1.36548,1.36551,1.36446,1.36529,1541
1770058800,1.36529,1.36626,1.36528,1.36623,1230
1770059700,1.36623,1.36628,1.36542,1.36580,1100
1770060600,1.36579,1.36603,1.36505,1.36592,1191
1770061500,1.36593,1.36616,1.36541,1.36600,1234
1770062400,1.36599,1.36609,1.36486,1.36493,1318
1770063300,1.36492,1.36591,1.36484,1.36585,1305
1770064200,1.36584,1.36614,1.36540,1.36562,838
1770065100,1.36563,1.36583,1.36482,1.36500,690
1770066000,1.36499,1.36502,1.36450,1.36457,650
1770066900,1.36456,1.36471,1.36437,1.36464,603
1770067800,1.36462,1.36594,1.36447,1.36590,756
1770068700,1.36589,1.36616,1.36563,1.36592,894
1770069600,1.36592,1.36627,1.36552,1.36584,770
1770070500,1.36582,1.36588,1.36538,1.36581,665
1770071400,1.36582,1.36614,1.36567,1.36608,522
1770072300,1.36606,1.36679,1.36595,1.36659,743
1770073200,1.36660,1.36682,1.36658,1.36681,310
1770074100,1.36680,1.36681,1.36660,1.36662,115
1770075000,1.36663,1.36675,1.36660,1.36669,123
1770075900,1.36670,1.36676,1.36644,1.36659,118
1770076800,1.36616,1.36632,1.36616,1.36632,13
1770077700,1.36633,1.36644,1.36633,1.36644,28
1770078600,1.36644,1.36647,1.36640,1.36645,77
1770079500,1.36645,1.36650,1.36638,1.36641,214
1770080400,1.36641,1.36674,1.36587,1.36655,241
1770081300,1.36656,1.36696,1.36656,1.36681,188
1770082200,1.36681,1.36719,1.36675,1.36694,186
1770083100,1.36694,1.36728,1.36680,1.36728,152
1770084000,1.36728,1.36743,1.36711,1.36738,428
1770084900,1.36739,1.36779,1.36730,1.36770,539
1770085800,1.36769,1.36797,1.36746,1.36751,1187
1770086700,1.36750,1.36805,1.36742,1.36801,687
1770087600,1.36800,1.36812,1.36745,1.36810,944
1770088500,1.36810,1.36839,1.36794,1.36810,1084
1770089400,1.36810,1.36855,1.36809,1.36848,763
1770090300,1.36848,1.36860,1.36814,1.36860,620
1770091200,1.36859,1.36862,1.36810,1.36822,766
1770092100,1.36823,1.36823,1.36773,1.36773,513
1770093000,1.36774,1.36784,1.36747,1.36751,581
1770093900,1.36747,1.36754,1.36713,1.36729,846
1770094800,1.36728,1.36750,1.36716,1.36724,838
1770095700,1.36724,1.36757,1.36722,1.36752,632
1770096600,1.36752,1.36886,1.36746,1.36879,1637
1770097500,1.36880,1.36887,1.36843,1.36850,1010
1770098400,1.36850,1.36912,1.36850,1.36897,733
1770099300,1.36897,1.36942,1.36897,1.36920,464
1770100200,1.36919,1.36938,1.36881,1.36888,576
1770101100,1.36889,1.36904,1.36861,1.36876,571
1770102000,1.36875,1.36918,1.36850,1.36851,656
1770102900,1.36852,1.36901,1.36835,1.36897,461
1770103800,1.36896,1.36918,1.36890,1.36896,836
1770104700,1.36897,1.36920,1.36886,1.36893,550
1770105600,1.36896,1.36970,1.36890,1.36964,720
1770106500,1.36965,1.37008,1.36961,1.37005,680
1770107400,1.37004,1.37005,1.36927,1.36965,1043
1770108300,1.36965,1.36966,1.36913,1.36929,959
1770109200,1.36920,1.36955,1.36885,1.36937,1550
1770110100,1.36936,1.36936,1.36833,1.36879,1391
1770111000,1.36880,1.37064,1.36872,1.37037,1498
1770111900,1.37040,1.37060,1.36970,1.36970,745
1770112800,1.36970,1.36998,1.36911,1.36916,1127
1770113700,1.36917,1.36928,1.36769,1.36852,1364
1770114600,1.36851,1.36901,1.36801,1.36865,1027
1770115500,1.36866,1.36906,1.36815,1.36860,839
1770116400,1.36861,1.36891,1.36770,1.36802,1266
1770117300,1.36801,1.36913,1.36765,1.36823,1287
1770118200,1.36824,1.36833,1.36760,1.36808,1139
1770119100,1.36807,1.36810,1.36665,1.36669,1142
1770120000,1.36668,1.36735,1.36667,1.36713,1186
1770120900,1.36714,1.36725,1.36619,1.36668,884
1770121800,1.36667,1.36672,1.36607,1.36612,743
1770122700,1.36611,1.36617,1.36552,1.36554,949
1770123600,1.36552,1.36617,1.36512,1.36591,1204
1770124500,1.36592,1.36592,1.36535,1.36572,1118
1770125400,1.36571,1.36623,1.36540,1.36602,762
1770126300,1.36603,1.36604,1.36507,1.36507,617
1770127200,1.36508,1.36642,1.36508,1.36591,1109
1770128100,1.36592,1.36657,1.36590,1.36640,956
1770129000,1.36639,1.36734,1.36635,1.36734,832
1770129900,1.36735,1.36832,1.36733,1.36818,1163
1770130800,1.36819,1.36897,1.36797,1.36880,1366
1770131700,1.36881,1.36898,1.36729,1.36733,1138
1770132600,1.36732,1.36809,1.36713,1.36772,992
1770133500,1.36773,1.36821,1.36701,1.36703,996
1770134400,1.36702,1.36704,1.36565,1.36638,1497
1770135300,1.36637,1.36698,1.36584,1.36689,1225
1770136200,1.36690,1.36811,1.36674,1.36799,2187
1770137100,1.36800,1.36847,1.36686,1.36687,1824
1770138000,1.36686,1.36817,1.36641,1.36781,2074
1770138900,1.36782,1.36973,1.36779,1.36960,1852
1770139800,1.36959,1.36975,1.36888,1.36955,1808
1770140700,1.36954,1.37044,1.36911,1.37032,1841
1770141600,1.37033,1.37068,1.36977,1.37019,1369
1770142500,1.37018,1.37052,1.36943,1.36949,1491
1770143400,1.36950,1.37019,1.36946,1.37003,1522
1770144300,1.37004,1.37021,1.36930,1.36992,1430
1770145200,1.36991,1.37039,1.36929,1.36968,1409
1770146100,1.36969,1.37073,1.36962,1.37001,1640
1770147000,1.36999,1.37033,1.36948,1.36957,1069
1770147900,1.36954,1.36999,1.36943,1.36958,1020
1770148800,1.36957,1.37019,1.36892,1.36904,1157
1770149700,1.36905,1.36945,1.36858,1.36883,1109
1770150600,1.36884,1.36891,1.36773,1.36806,1003
1770151500,1.36805,1.36835,1.36771,1.36777,1252
1770152400,1.36773,1.36841,1.36733,1.36830,1129
1770153300,1.36829,1.36854,1.36800,1.36845,1011
1770154200,1.36846,1.36897,1.36833,1.36868,891
1770155100,1.36869,1.36916,1.36848,1.36880,784
1770156000,1.36881,1.36893,1.36840,1.36892,771
1770156900,1.36891,1.36904,1.36861,1.36867,794
1770157800,1.36865,1.36956,1.36865,1.36921,738
1770158700,1.36922,1.36995,1.36917,1.36962,626
1770159600,1.36961,1.37011,1.36953,1.37007,308
1770160500,1.37008,1.37021,1.36996,1.37005,147
1770161400,1.37004,1.37014,1.36995,1.36995,106
1770162300,1.36995,1.37017,1.36990,1.36996,88
1770163200,1.36880,1.36974,1.36868,1.36891,56
1770164100,1.36891,1.36926,1.36890,1.36909,183
1770165000,1.36909,1.37010,1.36906,1.36936,201
1770165900,1.36935,1.36953,1.36880,1.36899,300
1770166800,1.36894,1.37009,1.36873,1.36989,252
1770167700,1.36988,1.36991,1.36923,1.36924,147
1770168600,1.36923,1.36955,1.36918,1.36954,234
1770169500,1.36953,1.36977,1.36950,1.36968,148
1770170400,1.36968,1.36971,1.36912,1.36949,565
1770171300,1.36949,1.36975,1.36937,1.36959,357
1770172200,1.36958,1.36959,1.36936,1.36957,701
1770173100,1.36958,1.36961,1.36916,1.36940,743
1770174000,1.36938,1.37011,1.36916,1.36997,1032
1770174900,1.36997,1.37100,1.36992,1.37070,1012
1770175800,1.37066,1.37075,1.37015,1.37059,784
1770176700,1.37059,1.37099,1.37038,1.37065,750
1770177600,1.37066,1.37126,1.37049,1.37068,787
1770178500,1.37069,1.37071,1.37033,1.37042,639
1770179400,1.37040,1.37051,1.37021,1.37043,601
1770180300,1.37042,1.37049,1.36978,1.37003,550
1770181200,1.37002,1.37042,1.37001,1.37008,542
1770182100,1.37009,1.37009,1.36968,1.36990,667
1770183000,1.36989,1.37001,1.36969,1.36985,520
1770183900,1.36986,1.37052,1.36983,1.37042,480
1770184800,1.37041,1.37095,1.37031,1.37091,482
1770185700,1.37091,1.37096,1.37071,1.37090,462
1770186600,1.37089,1.37122,1.37086,1.37092,338
1770187500,1.37093,1.37169,1.37084,1.37161,523
1770188400,1.37160,1.37170,1.37137,1.37146,447
1770189300,1.37147,1.37165,1.37121,1.37161,384
1770190200,1.37160,1.37191,1.37151,1.37189,417
1770191100,1.37189,1.37195,1.37139,1.37150,537
1770192000,1.37149,1.37216,1.37145,1.37215,647
1770192900,1.37214,1.37218,1.37164,1.37182,1312
1770193800,1.37181,1.37201,1.37152,1.37162,941
1770194700,1.37161,1.37195,1.37127,1.37130,860
1770195600,1.37131,1.37189,1.37089,1.37094,916
1770196500,1.37095,1.37151,1.37072,1.37090,801
1770197400,1.37089,1.37122,1.37060,1.37113,706
1770198300,1.37112,1.37177,1.37111,1.37158,714
1770199200,1.37156,1.37330,1.37120,1.37284,1326
1770200100,1.37286,1.37291,1.37227,1.37276,1019
1770201000,1.37275,1.37279,1.37182,1.37250,1026
1770201900,1.37251,1.37322,1.37199,1.37294,843
1770202800,1.37296,1.37332,1.37237,1.37297,1015
1770203700,1.37298,1.37298,1.37164,1.37170,875
1770204600,1.37168,1.37169,1.37033,1.37092,890
1770205500,1.37091,1.37095,1.37010,1.37088,725
1770206400,1.37085,1.37119,1.37064,1.37066,509
1770207300,1.37067,1.37079,1.36946,1.36999,683
1770208200,1.37000,1.37064,1.36950,1.37051,698
1770209100,1.37052,1.37160,1.37045,1.37159,656
1770210000,1.37160,1.37161,1.37052,1.37053,755
1770210900,1.37056,1.37092,1.37016,1.37055,758
1770211800,1.37056,1.37162,1.37053,1.37055,794
1770212700,1.37056,1.37106,1.37023,1.37089,946
1770213600,1.37088,1.37122,1.37061,1.37072,736
1770214500,1.37073,1.37189,1.37072,1.37181,878
1770215400,1.37180,1.37222,1.37180,1.37219,675
1770216300,1.37220,1.37244,1.37189,1.37198,819
1770217200,1.37199,1.37209,1.37148,1.37159,901
1770218100,1.37153,1.37290,1.37112,1.37118,1750
1770219000,1.37117,1.37165,1.37021,1.37130,1700
1770219900,1.37131,1.37235,1.37115,1.37131,1354
1770220800,1.37130,1.37176,1.36863,1.36932,2048
1770221700,1.36933,1.37005,1.36923,1.36964,1344
1770222600,1.36963,1.36998,1.36900,1.36939,2153
1770223500,1.36939,1.37002,1.36872,1.36875,1729
1770224400,1.36873,1.36953,1.36771,1.36926,2914
1770225300,1.36928,1.36939,1.36762,1.36797,1857
1770226200,1.36796,1.36807,1.36611,1.36740,2418
1770227100,1.36741,1.36758,1.36634,1.36641,1774
1770228000,1.36640,1.36643,1.36467,1.36489,1832
1770228900,1.36490,1.36562,1.36438,1.36554,1397
1770229800,1.36553,1.36574,1.36441,1.36464,1340
1770230700,1.36465,1.36595,1.36432,1.36575,1490
1770231600,1.36574,1.36670,1.36547,1.36670,1380
1770232500,1.36671,1.36725,1.36615,1.36662,1630
1770233400,1.36661,1.36662,1.36509,1.36511,1668
1770234300,1.36510,1.36554,1.36445,1.36463,1298
1770235200,1.36462,1.36480,1.36427,1.36438,1124
1770236100,1.36441,1.36519,1.36424,1.36492,852
1770237000,1.36490,1.36542,1.36469,1.36517,1116
1770237900,1.36516,1.36552,1.36499,1.36506,860
1770238800,1.36505,1.36520,1.36441,1.36481,1098
1770239700,1.36482,1.36511,1.36449,1.36478,853
1770240600,1.36477,1.36553,1.36477,1.36533,611
1770241500,1.36534,1.36629,1.36531,1.36629,1029
1770242400,1.36628,1.36636,1.36589,1.36608,795
1770243300,1.36610,1.36619,1.36541,1.36543,695
1770244200,1.36543,1.36564,1.36510,1.36510,577
1770245100,1.36511,1.36535,1.36480,1.36506,498
1770246000,1.36505,1.36542,1.36495,1.36542,243
1770246900,1.36542,1.36564,1.36540,1.36564,175
1770247800,1.36563,1.36564,1.36515,1.36541,254
1770248700,1.36541,1.36542,1.36491,1.36502,141
1770249600,1.36510,1.36512,1.36421,1.36486,138
1770250500,1.36486,1.36519,1.36446,1.36474,99
1770251400,1.36475,1.36527,1.36427,1.36511,302
1770252300,1.36511,1.36551,1.36433,1.36501,403
1770253200,1.36496,1.36500,1.36474,1.36482,420
1770254100,1.36483,1.36496,1.36454,1.36457,188
1770255000,1.36457,1.36492,1.36457,1.36487,140
1770255900,1.36487,1.36492,1.36429,1.36450,149
1770256800,1.36451,1.36471,1.36443,1.36465,278
1770257700,1.36464,1.36487,1.36458,1.36482,302
1770258600,1.36480,1.36491,1.36467,1.36488,382
1770259500,1.36491,1.36522,1.36487,1.36521,480
1770260400,1.36520,1.36539,1.36511,1.36520,687
1770261300,1.36522,1.36526,1.36444,1.36457,933
1770262200,1.36456,1.36511,1.36449,1.36477,676
1770263100,1.36475,1.36492,1.36460,1.36483,556
1770264000,1.36482,1.36485,1.36329,1.36346,948
1770264900,1.36347,1.36360,1.36287,1.36330,1347
1770265800,1.36330,1.36401,1.36326,1.36344,824
1770266700,1.36345,1.36345,1.36196,1.36211,1240
1770267600,1.36212,1.36270,1.36189,1.36246,1144
1770268500,1.36245,1.36301,1.36229,1.36261,732
1770269400,1.36260,1.36270,1.36212,1.36249,724
1770270300,1.36250,1.36253,1.36209,1.36251,643
1770271200,1.36250,1.36269,1.36226,1.36244,442
1770272100,1.36245,1.36279,1.36239,1.36279,383
1770273000,1.36278,1.36281,1.36259,1.36281,309
1770273900,1.36280,1.36288,1.36251,1.36254,325
1770274800,1.36253,1.36265,1.36228,1.36231,454
1770275700,1.36230,1.36231,1.36187,1.36215,497
1770276600,1.36214,1.36240,1.36193,1.36211,631
1770277500,1.36211,1.36227,1.36164,1.36201,508
1770278400,1.36200,1.36203,1.36110,1.36115,664
1770279300,1.36116,1.36141,1.36067,1.36107,770
1770280200,1.36108,1.36158,1.36080,1.36140,730
1770281100,1.36141,1.36185,1.36125,1.36180,778
1770282000,1.36177,1.36288,1.36167,1.36195,887
1770282900,1.36194,1.36227,1.36169,1.36214,966
1770283800,1.36213,1.36272,1.36164,1.36218,1255
1770284700,1.36219,1.36293,1.36189,1.36202,1083
1770285600,1.36201,1.36326,1.36192,1.36241,1388
1770286500,1.36242,1.36278,1.36214,1.36236,934
1770287400,1.36233,1.36237,1.36122,1.36140,1120
1770288300,1.36141,1.36141,1.35991,1.36033,1033
1770289200,1.36032,1.36040,1.35791,1.35792,1487
1770290100,1.35793,1.35867,1.35767,1.35788,1050
1770291000,1.35788,1.35840,1.35569,1.35582,1272
1770291900,1.35583,1.35682,1.35567,1.35658,1062
1770292800,1.35657,1.35789,1.35615,1.35786,1131
1770293700,1.35787,1.35840,1.35712,1.35836,783
1770294600,1.35838,1.35972,1.35830,1.35958,1115
1770295500,1.35960,1.35963,1.35837,1.35875,856
1770296400,1.35874,1.35905,1.35812,1.35901,829
1770297300,1.35902,1.36093,1.35901,1.36064,1283
1770298200,1.36063,1.36093,1.35951,1.35980,953
1770299100,1.35976,1.36152,1.35970,1.36115,1094
1770300000,1.36118,1.36118,1.35469,1.35640,3867
1770300900,1.35641,1.35684,1.35401,1.35665,2401
1770301800,1.35667,1.35767,1.35590,1.35687,2652
1770302700,1.35685,1.35847,1.35679,1.35817,2309
1770303600,1.35814,1.35880,1.35670,1.35712,2180
1770304500,1.35713,1.35911,1.35708,1.35859,1548
1770305400,1.35858,1.35951,1.35747,1.35748,2088
1770306300,1.35747,1.35902,1.35704,1.35855,2053
1770307200,1.35852,1.35892,1.35672,1.35765,3056
1770308100,1.35766,1.35812,1.35627,1.35665,1723
1770309000,1.35666,1.35783,1.35645,1.35675,3203
1770309900,1.35676,1.35728,1.35337,1.35363,2986
1770310800,1.35357,1.35552,1.35353,1.35533,3977
1770311700,1.35533,1.35568,1.35302,1.35351,2855
1770312600,1.35350,1.35377,1.35271,1.35300,2669
1770313500,1.35301,1.35322,1.35210,1.35282,2252
1770314400,1.35281,1.35301,1.35174,1.35247,2407
1770315300,1.35248,1.35401,1.35238,1.35390,1870
1770316200,1.35389,1.35498,1.35385,1.35498,1609
1770317100,1.35500,1.35561,1.35448,1.35498,1616
1770318000,1.35497,1.35499,1.35397,1.35433,1206
1770318900,1.35434,1.35566,1.35427,1.35553,1137
1770319800,1.35552,1.35572,1.35486,1.35545,1020
1770320700,1.35546,1.35574,1.35456,1.35512,1059
1770321600,1.35511,1.35571,1.35510,1.35519,887
1770322500,1.35520,1.35531,1.35448,1.35455,908
1770323400,1.35454,1.35528,1.35441,1.35460,634
1770324300,1.35461,1.35463,1.35380,1.35428,645
1770325200,1.35428,1.35493,1.35420,1.35477,723
1770326100,1.35478,1.35498,1.35449,1.35473,491
1770327000,1.35472,1.35481,1.35429,1.35439,723
1770327900,1.35440,1.35521,1.35437,1.35490,577
1770328800,1.35484,1.35518,1.35439,1.35490,582
1770329700,1.35491,1.35516,1.35479,1.35502,512
1770330600,1.35501,1.35502,1.35409,1.35413,501
1770331500,1.35414,1.35423,1.35378,1.35387,665
1770332400,1.35386,1.35400,1.35344,1.35353,279
1770333300,1.35354,1.35361,1.35329,1.35344,140
1770334200,1.35344,1.35352,1.35267,1.35287,245
1770335100,1.35288,1.35304,1.35251,1.35298,197
1770336000,1.35242,1.35324,1.35232,1.35254,87
1770336900,1.35253,1.35312,1.35223,1.35300,284
1770337800,1.35305,1.35318,1.35263,1.35318,99
1770338700,1.35326,1.35369,1.35303,1.35316,158
1770339600,1.35318,1.35333,1.35259,1.35259,182
1770340500,1.35258,1.35260,1.35206,1.35218,239
1770341400,1.35219,1.35258,1.35211,1.35248,230
1770342300,1.35249,1.35259,1.35208,1.35208,314
1770343200,1.35208,1.35246,1.35134,1.35135,571
1770344100,1.35135,1.35199,1.35085,1.35197,913
1770345000,1.35198,1.35252,1.35178,1.35243,814
1770345900,1.35244,1.35307,1.35238,1.35301,686
1770346800,1.35300,1.35328,1.35261,1.35313,1385
1770347700,1.35313,1.35318,1.35253,1.35300,963
1770348600,1.35301,1.35368,1.35281,1.35350,834
1770349500,1.35351,1.35427,1.35345,1.35401,794
1770350400,1.35402,1.35456,1.35400,1.35441,985
1770351300,1.35440,1.35488,1.35414,1.35479,578
1770352200,1.35480,1.35501,1.35459,1.35461,740
1770353100,1.35461,1.35484,1.35433,1.35460,521
1770354000,1.35457,1.35484,1.35452,1.35470,417
1770354900,1.35470,1.35489,1.35445,1.35471,338
1770355800,1.35470,1.35487,1.35438,1.35455,548
1770356700,1.35456,1.35480,1.35449,1.35465,374
1770357600,1.35466,1.35529,1.35454,1.35524,474
1770358500,1.35524,1.35533,1.35490,1.35516,362
1770359400,1.35515,1.35593,1.35505,1.35581,591
1770360300,1.35580,1.35598,1.35552,1.35595,428
1770361200,1.35593,1.35630,1.35584,1.35629,509
1770362100,1.35630,1.35653,1.35622,1.35643,494
1770363000,1.35642,1.35653,1.35621,1.35637,379
1770363900,1.35639,1.35698,1.35636,1.35695,407
1770364800,1.35694,1.35775,1.35682,1.35748,734
1770365700,1.35749,1.35774,1.35733,1.35762,543
1770366600,1.35761,1.35784,1.35704,1.35734,669
1770367500,1.35734,1.35737,1.35675,1.35715,622
1770368400,1.35716,1.35739,1.35634,1.35641,584
1770369300,1.35640,1.35764,1.35639,1.35733,659
1770370200,1.35732,1.35788,1.35659,1.35682,626
1770371100,1.35681,1.35687,1.35646,1.35664,516
1770372000,1.35665,1.35706,1.35607,1.35669,1132
1770372900,1.35670,1.35714,1.35626,1.35637,1015
1770373800,1.35636,1.35682,1.35622,1.35625,947
1770374700,1.35627,1.35722,1.35583,1.35680,927
1770375600,1.35678,1.35729,1.35658,1.35674,1044
1770376500,1.35672,1.35759,1.35661,1.35758,1011
1770377400,1.35758,1.35808,1.35757,1.35803,1212
1770378300,1.35802,1.35821,1.35767,1.35770,913
1770379200,1.35769,1.35839,1.35767,1.35810,724
1770380100,1.35811,1.35821,1.35727,1.35727,609
1770381000,1.35726,1.35781,1.35718,1.35769,448
1770381900,1.35770,1.35799,1.35728,1.35766,538
1770382800,1.35767,1.35826,1.35759,1.35824,703
1770383700,1.35821,1.35913,1.35770,1.35894,812
1770384600,1.35893,1.35918,1.35852,1.35872,438
1770385500,1.35873,1.35910,1.35827,1.35840,627
1770386400,1.35839,1.35926,1.35832,1.35887,821
1770387300,1.35888,1.35913,1.35875,1.35910,461
1770388200,1.35911,1.35945,1.35889,1.35894,609
1770389100,1.35895,1.35947,1.35877,1.35890,704
1770390000,1.35889,1.35921,1.35846,1.35916,751
1770390900,1.35919,1.35945,1.35858,1.35930,652
1770391800,1.35931,1.35963,1.35823,1.35845,1047
1770392700,1.35846,1.35888,1.35818,1.35887,953
1770393600,1.35886,1.35979,1.35875,1.35922,1308
1770394500,1.35923,1.35966,1.35901,1.35939,992
1770395400,1.35935,1.36073,1.35912,1.36053,1578
1770396300,1.36054,1.36096,1.36030,1.36086,1406
1770397200,1.36085,1.36141,1.36057,1.36060,1684
1770398100,1.36059,1.36075,1.35960,1.35960,1414
1770399000,1.35961,1.36057,1.35938,1.36030,997
1770399900,1.36031,1.36154,1.36012,1.36145,1171
1770400800,1.36144,1.36154,1.36040,1.36090,1185
1770401700,1.36091,1.36099,1.36019,1.36093,913
1770402600,1.36096,1.36143,1.36073,1.36133,937
1770403500,1.36133,1.36163,1.36029,1.36041,717
1770404400,1.36040,1.36102,1.36017,1.36059,683
1770405300,1.36060,1.36104,1.36043,1.36061,644
1770406200,1.36062,1.36191,1.36055,1.36171,824
1770407100,1.36172,1.36233,1.36148,1.36183,603
1770408000,1.36182,1.36224,1.36137,1.36191,624
1770408900,1.36193,1.36212,1.36131,1.36151,617
1770409800,1.36150,1.36218,1.36140,1.36218,425
1770410700,1.36219,1.36231,1.36135,1.36142,500
1770411600,1.36141,1.36181,1.36137,1.36159,420
1770412500,1.36160,1.36165,1.36127,1.36128,323
1770413400,1.36127,1.36169,1.36123,1.36161,401
1770414300,1.36155,1.36207,1.36137,1.36161,451
1770415200,1.36160,1.36172,1.36128,1.36154,413
1770416100,1.36155,1.36176,1.36147,1.36152,297
1770417000,1.36151,1.36162,1.36132,1.36153,363
1770417900,1.36154,1.36198,1.36145,1.36188,384
1770418800,1.36176,1.36221,1.36176,1.36195,360
1770419700,1.36195,1.36211,1.36162,1.36171,406
1770420600,1.36170,1.36183,1.36150,1.36157,228
1770421500,1.36158,1.36158,1.36086,1.36098,789
1770595200,1.35908,1.35975,1.35908,1.35975,15
1770596100,1.35975,1.36017,1.35971,1.35984,47
1770597000,1.35983,1.35993,1.35980,1.35989,58
1770597900,1.35988,1.36017,1.35985,1.35992,122
1770598800,1.35993,1.36092,1.35903,1.35907,327
1770599700,1.35908,1.35940,1.35878,1.35909,338
1770600600,1.35908,1.36065,1.35896,1.36065,1037
1770601500,1.36066,1.36113,1.36042,1.36095,679
1770602400,1.36096,1.36203,1.36058,1.36164,1169
1770603300,1.36163,1.36164,1.36071,1.36133,903
1770604200,1.36133,1.36146,1.36064,1.36096,653
1770605100,1.36097,1.36127,1.36060,1.36114,787
1770606000,1.36114,1.36128,1.36030,1.36052,1082
1770606900,1.36053,1.36087,1.36017,1.36045,662
1770607800,1.36045,1.36126,1.35998,1.36050,1018
1770608700,1.36050,1.36051,1.35985,1.36014,540
1770609600,1.36013,1.36020,1.35908,1.35958,732
1770610500,1.35958,1.36035,1.35935,1.36031,360
1770611400,1.36030,1.36092,1.36022,1.36079,434
1770612300,1.36080,1.36091,1.36029,1.36043,377
1770613200,1.36043,1.36066,1.36037,1.36050,289
1770614100,1.36051,1.36078,1.36040,1.36065,281
1770615000,1.36064,1.36064,1.36028,1.36049,224
1770615900,1.36050,1.36053,1.35988,1.35991,268
1770616800,1.35990,1.36056,1.35990,1.36039,174
1770617700,1.36039,1.36053,1.36018,1.36022,202
1770618600,1.36021,1.36024,1.35998,1.36000,257
1770619500,1.36001,1.36045,1.36000,1.36044,139
1770620400,1.36045,1.36110,1.36032,1.36090,243
1770621300,1.36094,1.36137,1.36094,1.36136,131
1770622200,1.36136,1.36170,1.36136,1.36153,170
1770623100,1.36154,1.36155,1.36126,1.36141,193
1770624000,1.36140,1.36288,1.36133,1.36177,1282
1770624900,1.36176,1.36177,1.36052,1.36100,514
1770625800,1.36098,1.36216,1.36090,1.36207,819
1770626700,1.36207,1.36239,1.36158,1.36159,791
1770627600,1.36156,1.36159,1.36028,1.36029,1118
1770628500,1.36030,1.36039,1.35884,1.35899,1031
1770629400,1.35899,1.36063,1.35896,1.36028,1777
1770630300,1.36027,1.36058,1.35940,1.36043,660
1770631200,1.36046,1.36108,1.35956,1.36019,1434
1770632100,1.36020,1.36075,1.35919,1.35925,1172
1770633000,1.35924,1.35958,1.35865,1.35948,1388
1770633900,1.35949,1.36043,1.35944,1.36016,1067
1770634800,1.36015,1.36125,1.36007,1.36063,867
1770635700,1.36063,1.36089,1.36039,1.36054,633
1770636600,1.36053,1.36086,1.35985,1.36019,810
1770637500,1.36018,1.36018,1.35961,1.36008,802
1770638400,1.36007,1.36113,1.35986,1.36077,800
1770639300,1.36078,1.36109,1.36047,1.36051,988
1770640200,1.36047,1.36049,1.35938,1.36037,1183
1770641100,1.36037,1.36143,1.36031,1.36092,944
1770642000,1.36091,1.36224,1.35931,1.36217,1707
1770642900,1.36218,1.36230,1.36101,1.36151,841
1770643800,1.36150,1.36344,1.36143,1.36337,1232
1770644700,1.36339,1.36451,1.36310,1.36374,1607
1770645600,1.36373,1.36441,1.36370,1.36419,969
1770646500,1.36420,1.36504,1.36420,1.36474,825
1770647400,1.36475,1.36493,1.36438,1.36491,559
1770648300,1.36492,1.36620,1.36492,1.36604,1057
1770649200,1.36603,1.36699,1.36564,1.36570,1675
1770650100,1.36567,1.36630,1.36499,1.36557,1627
1770651000,1.36553,1.36641,1.36454,1.36454,1360
1770651900,1.36453,1.36541,1.36429,1.36510,1166
1770652800,1.36509,1.36526,1.36215,1.36290,2371
1770653700,1.36291,1.36526,1.36270,1.36494,2299
1770654600,1.36493,1.36507,1.36254,1.36399,2350
1770655500,1.36400,1.36451,1.36306,1.36442,1361
1770656400,1.36440,1.36641,1.36438,1.36605,2077
1770657300,1.36606,1.36692,1.36580,1.36635,1452
1770658200,1.36636,1.36873,1.36628,1.36750,1779
1770659100,1.36750,1.36856,1.36697,1.36777,1523
1770660000,1.36780,1.36911,1.36761,1.36873,1300
1770660900,1.36872,1.36885,1.36688,1.36694,1395
1770661800,1.36695,1.36728,1.36643,1.36683,1175
1770662700,1.36685,1.36701,1.36625,1.36659,951
1770663600,1.36660,1.36691,1.36638,1.36677,813
1770664500,1.36678,1.36711,1.36638,1.36678,518
1770665400,1.36678,1.36713,1.36652,1.36709,553
1770666300,1.36708,1.36759,1.36707,1.36718,509
1770667200,1.36717,1.36758,1.36689,1.36740,774
1770668100,1.36741,1.36775,1.36644,1.36772,1138
1770669000,1.36771,1.36817,1.36745,1.36806,985
1770669900,1.36806,1.36913,1.36794,1.36898,681
1770670800,1.36898,1.36911,1.36844,1.36895,584
1770671700,1.36895,1.36922,1.36871,1.36922,507
1770672600,1.36921,1.37002,1.36906,1.36982,611
1770673500,1.36982,1.36991,1.36940,1.36971,529
1770674400,1.36970,1.36981,1.36941,1.36950,290
1770675300,1.36953,1.36960,1.36920,1.36941,337
1770676200,1.36943,1.36989,1.36937,1.36988,584
1770677100,1.36989,1.36989,1.36947,1.36949,549
1770678000,1.36950,1.36967,1.36914,1.36927,323
1770678900,1.36928,1.36942,1.36910,1.36917,308
1770679800,1.36917,1.36992,1.36915,1.36985,189
1770680700,1.36987,1.36994,1.36982,1.36991,48
1770681600,1.36990,1.36990,1.36785,1.36891,40
1770682500,1.36891,1.36925,1.36789,1.36789,387
1770683400,1.36789,1.36871,1.36785,1.36869,110
1770684300,1.36872,1.36902,1.36781,1.36865,164
1770685200,1.36854,1.36961,1.36825,1.36917,188
1770686100,1.36917,1.36917,1.36862,1.36868,143
1770687000,1.36868,1.36868,1.36839,1.36857,127
1770687900,1.36857,1.36857,1.36817,1.36826,101
1770688800,1.36825,1.36840,1.36778,1.36789,357
1770689700,1.36791,1.36810,1.36778,1.36790,276
1770690600,1.36790,1.36790,1.36726,1.36738,412
1770691500,1.36739,1.36809,1.36722,1.36807,725
1770692400,1.36806,1.36829,1.36781,1.36812,891
1770693300,1.36810,1.36838,1.36747,1.36761,725
1770694200,1.36760,1.36871,1.36744,1.36840,936
1770695100,1.36840,1.36898,1.36821,1.36845,867
1770696000,1.36844,1.36882,1.36844,1.36864,579
1770696900,1.36864,1.36877,1.36842,1.36870,509
1770697800,1.36869,1.36893,1.36842,1.36884,820
1770698700,1.36884,1.36933,1.36877,1.36932,739
1770699600,1.36931,1.36962,1.36917,1.36938,727
1770700500,1.36939,1.36939,1.36866,1.36871,579
1770701400,1.36870,1.36922,1.36870,1.36905,431
1770702300,1.36904,1.36919,1.36841,1.36854,410
1770703200,1.36853,1.36867,1.36824,1.36828,475
1770704100,1.36827,1.36839,1.36816,1.36818,251
1770705000,1.36818,1.36840,1.36800,1.36830,316
1770705900,1.36828,1.36851,1.36810,1.36817,365
1770706800,1.36818,1.36831,1.36802,1.36828,419
1770707700,1.36829,1.36839,1.36796,1.36809,309
1770708600,1.36808,1.36825,1.36761,1.36770,298
1770709500,1.36771,1.36790,1.36746,1.36785,258
1770710400,1.36784,1.36818,1.36740,1.36741,445
1770711300,1.36740,1.36750,1.36682,1.36736,511
1770712200,1.36735,1.36759,1.36697,1.36714,550
1770713100,1.36715,1.36720,1.36680,1.36720,693
1770714000,1.36719,1.36790,1.36704,1.36752,825
1770714900,1.36752,1.36796,1.36709,1.36719,591
1770715800,1.36719,1.36742,1.36671,1.36703,492
1770716700,1.36703,1.36730,1.36683,1.36722,622
1770717600,1.36723,1.36742,1.36637,1.36680,849
1770718500,1.36681,1.36735,1.36639,1.36717,814
1770719400,1.36716,1.36796,1.36684,1.36778,579
1770720300,1.36779,1.36789,1.36686,1.36707,713
1770721200,1.36706,1.36843,1.36695,1.36780,746
1770722100,1.36781,1.36783,1.36709,1.36740,889
1770723000,1.36739,1.36747,1.36660,1.36662,574
1770723900,1.36663,1.36697,1.36655,1.36683,459
1770724800,1.36682,1.36736,1.36680,1.36710,557
1770725700,1.36711,1.36734,1.36581,1.36604,645
1770726600,1.36605,1.36692,1.36575,1.36673,462
1770727500,1.36674,1.36690,1.36622,1.36650,537
1770728400,1.36649,1.36654,1.36618,1.36625,416
1770729300,1.36627,1.36640,1.36586,1.36599,476
1770730200,1.36600,1.36628,1.36600,1.36618,336
1770731100,1.36617,1.36644,1.36606,1.36632,336
1770732000,1.36633,1.36749,1.36623,1.36744,594
1770732900,1.36745,1.36889,1.36739,1.36800,1055
1770733800,1.36799,1.36846,1.36743,1.36788,745
1770734700,1.36787,1.36931,1.36715,1.36859,2116
1770735600,1.36858,1.36897,1.36702,1.36757,1454
1770736500,1.36756,1.36795,1.36661,1.36688,752
1770737400,1.36685,1.36915,1.36683,1.36819,2028
1770738300,1.36820,1.36831,1.36757,1.36815,972
1770739200,1.36813,1.36861,1.36765,1.36847,1188
1770740100,1.36848,1.36938,1.36819,1.36916,1042
1770741000,1.36917,1.36966,1.36758,1.36767,1857
1770741900,1.36768,1.36809,1.36705,1.36772,1503
1770742800,1.36769,1.36774,1.36604,1.36613,1663
1770743700,1.36614,1.36638,1.36533,1.36608,1284
1770744600,1.36608,1.36629,1.36542,1.36624,1412
1770745500,1.36625,1.36808,1.36551,1.36739,2521
1770746400,1.36739,1.36742,1.36587,1.36662,1674
1770747300,1.36663,1.36693,1.36595,1.36689,843
1770748200,1.36687,1.36714,1.36632,1.36713,1039
1770749100,1.36714,1.36726,1.36618,1.36638,1032
1770750000,1.36639,1.36662,1.36583,1.36629,978
1770750900,1.36630,1.36649,1.36586,1.36634,709
1770751800,1.36633,1.36646,1.36551,1.36565,664
1770752700,1.36561,1.36566,1.36436,1.36536,930
1770753600,1.36537,1.36550,1.36484,1.36487,578
1770754500,1.36488,1.36519,1.36436,1.36447,677
1770755400,1.36447,1.36456,1.36425,1.36442,622
1770756300,1.36445,1.36463,1.36424,1.36441,694
1770757200,1.36442,1.36459,1.36401,1.36447,634
1770758100,1.36446,1.36503,1.36427,1.36492,652
1770759000,1.36493,1.36530,1.36486,1.36526,475
1770759900,1.36527,1.36569,1.36496,1.36568,519
1770760800,1.36567,1.36574,1.36516,1.36535,438
1770761700,1.36535,1.36569,1.36529,1.36539,410
1770762600,1.36538,1.36551,1.36514,1.36527,295
1770763500,1.36528,1.36530,1.36429,1.36432,595
1770764400,1.36433,1.36448,1.36392,1.36402,264
1770765300,1.36403,1.36417,1.36400,1.36415,94
1770766200,1.36414,1.36414,1.36388,1.36399,95
1770767100,1.36398,1.36409,1.36392,1.36399,96
1770768000,1.36408,1.36428,1.36398,1.36416,34
1770768900,1.36417,1.36417,1.36367,1.36382,90
1770769800,1.36381,1.36446,1.36378,1.36393,160
1770770700,1.36393,1.36393,1.36364,1.36389,97
1770771600,1.36390,1.36390,1.36315,1.36315,194
1770772500,1.36315,1.36348,1.36315,1.36336,87
1770773400,1.36336,1.36347,1.36325,1.36326,50
1770774300,1.36326,1.36338,1.36316,1.36326,78
1770775200,1.36327,1.36348,1.36317,1.36328,145
1770776100,1.36329,1.36386,1.36326,1.36370,216
1770777000,1.36369,1.36398,1.36357,1.36397,422
1770777900,1.36398,1.36430,1.36371,1.36388,2508
1770778800,1.36388,1.36471,1.36383,1.36463,2980
1770779700,1.36463,1.36491,1.36432,1.36464,436
1770780600,1.36463,1.36465,1.36391,1.36420,731
1770781500,1.36421,1.36447,1.36400,1.36441,544
1770782400,1.36440,1.36499,1.36440,1.36461,476
1770783300,1.36460,1.36555,1.36449,1.36545,717
1770784200,1.36544,1.36613,1.36543,1.36570,857
1770785100,1.36571,1.36585,1.36557,1.36579,400
1770786000,1.36580,1.36600,1.36570,1.36575,394
1770786900,1.36575,1.36614,1.36552,1.36611,405
1770787800,1.36612,1.36636,1.36591,1.36633,386
1770788700,1.36634,1.36680,1.36627,1.36654,434
1770789600,1.36653,1.36672,1.36649,1.36660,253
1770790500,1.36661,1.36701,1.36658,1.36668,281
1770791400,1.36669,1.36669,1.36588,1.36597,372
1770792300,1.36598,1.36633,1.36595,1.36595,301
1770793200,1.36593,1.36651,1.36581,1.36646,419
1770794100,1.36647,1.36691,1.36639,1.36691,371
1770795000,1.36690,1.36700,1.36651,1.36694,453
1770795900,1.36695,1.36702,1.36669,1.36699,380
1770796800,1.36698,1.36779,1.36688,1.36733,640
1770797700,1.36731,1.36760,1.36700,1.36718,527
1770798600,1.36717,1.36723,1.36674,1.36692,572
1770799500,1.36691,1.36715,1.36670,1.36703,479
1770800400,1.36702,1.36704,1.36644,1.36652,743
1770801300,1.36653,1.36738,1.36652,1.36707,444
1770802200,1.36709,1.36722,1.36668,1.36719,393
1770803100,1.36721,1.36745,1.36662,1.36742,698
1770804000,1.36741,1.36793,1.36717,1.36746,967
1770804900,1.36747,1.36830,1.36691,1.36791,859
1770805800,1.36790,1.36900,1.36780,1.36894,801
1770806700,1.36895,1.36933,1.36848,1.36924,604
1770807600,1.36925,1.36936,1.36839,1.36861,644
1770808500,1.36862,1.36930,1.36841,1.36929,484
1770809400,1.36930,1.36990,1.36929,1.36980,771
1770810300,1.36981,1.36982,1.36922,1.36957,491
1770811200,1.36956,1.36962,1.36902,1.36902,552
1770812100,1.36895,1.36938,1.36868,1.36913,542
1770813000,1.36912,1.37103,1.36865,1.37050,842
1770813900,1.37051,1.37124,1.37020,1.37064,902
1770814800,1.37064,1.37067,1.36989,1.36989,595
1770815700,1.36990,1.37032,1.36990,1.37020,421
1770816600,1.37021,1.37030,1.36915,1.36930,741
1770817500,1.36931,1.36965,1.36907,1.36914,887
1770818400,1.36915,1.36923,1.36850,1.36882,756
1770819300,1.36883,1.36884,1.36790,1.36790,882
1770820200,1.36790,1.36838,1.36757,1.36837,881
1770821100,1.36838,1.36848,1.36797,1.36801,891
1770822000,1.36800,1.36835,1.36777,1.36803,879
1770822900,1.36804,1.36905,1.36768,1.36819,1139
1770823800,1.36821,1.36823,1.36095,1.36464,6493
1770824700,1.36463,1.36597,1.36362,1.36418,4243
1770825600,1.36417,1.36700,1.36377,1.36618,3541
1770826500,1.36620,1.36700,1.36427,1.36522,2350
1770827400,1.36523,1.36584,1.36438,1.36541,2664
1770828300,1.36540,1.36601,1.36446,1.36557,2540
1770829200,1.36556,1.36666,1.36492,1.36516,2699
1770830100,1.36516,1.36651,1.36461,1.36472,2757
1770831000,1.36472,1.36472,1.36313,1.36338,2462
1770831900,1.36339,1.36515,1.36266,1.36334,2557
1770832800,1.36335,1.36414,1.36285,1.36400,1793
1770833700,1.36399,1.36468,1.36369,1.36441,1486
1770834600,1.36440,1.36568,1.36429,1.36509,1327
1770835500,1.36510,1.36528,1.36436,1.36521,1263
1770836400,1.36520,1.36620,1.36447,1.36592,1486
1770837300,1.36593,1.36675,1.36557,1.36645,1399
1770838200,1.36644,1.36653,1.36578,1.36616,1117
1770839100,1.36618,1.36646,1.36579,1.36579,960
1770840000,1.36578,1.36590,1.36448,1.36460,1083
1770840900,1.36459,1.36528,1.36458,1.36498,868
1770841800,1.36499,1.36544,1.36438,1.36469,859
1770842700,1.36468,1.36507,1.36395,1.36395,753
1770843600,1.36392,1.36414,1.36358,1.36367,836
1770844500,1.36368,1.36384,1.36345,1.36355,474
1770845400,1.36354,1.36390,1.36345,1.36369,552
1770846300,1.36370,1.36371,1.36326,1.36327,508
1770847200,1.36326,1.36347,1.36289,1.36324,476
1770848100,1.36325,1.36331,1.36295,1.36309,277
1770849000,1.36308,1.36318,1.36258,1.36258,368
1770849900,1.36259,1.36288,1.36210,1.36216,440
1770850800,1.36215,1.36247,1.36189,1.36197,261
1770851700,1.36198,1.36261,1.36190,1.36247,124
1770852600,1.36247,1.36276,1.36220,1.36228,164
1770853500,1.36228,1.36279,1.36228,1.36271,275
1770854400,1.36182,1.36253,1.36182,1.36246,34
1770855300,1.36248,1.36265,1.36191,1.36195,71
1770856200,1.36193,1.36289,1.36191,1.36245,153
1770857100,1.36249,1.36265,1.36217,1.36253,145
1770858000,1.36253,1.36274,1.36204,1.36222,165
1770858900,1.36223,1.36270,1.36222,1.36263,118
1770859800,1.36263,1.36266,1.36215,1.36215,115
1770860700,1.36216,1.36231,1.36198,1.36228,151
1770861600,1.36227,1.36254,1.36154,1.36187,422
1770862500,1.36188,1.36265,1.36180,1.36259,516
1770863400,1.36258,1.36281,1.36240,1.36275,629
1770864300,1.36276,1.36317,1.36263,1.36316,807
1770865200,1.36314,1.36342,1.36266,1.36340,889
1770866100,1.36334,1.36355,1.36293,1.36315,660
1770867000,1.36314,1.36380,1.36302,1.36354,894
1770867900,1.36355,1.36402,1.36314,1.36402,822
1770868800,1.36400,1.36424,1.36386,1.36396,665
1770869700,1.36395,1.36409,1.36334,1.36339,508
1770870600,1.36340,1.36373,1.36333,1.36349,497
1770871500,1.36348,1.36357,1.36308,1.36353,591
1770872400,1.36352,1.36362,1.36314,1.36322,766
1770873300,1.36323,1.36350,1.36320,1.36348,553
1770874200,1.36349,1.36371,1.36332,1.36348,704
1770875100,1.36349,1.36352,1.36265,1.36319,563
1770876000,1.36317,1.36358,1.36289,1.36289,586
1770876900,1.36288,1.36288,1.36230,1.36257,453
1770877800,1.36255,1.36281,1.36226,1.36242,596
1770878700,1.36241,1.36250,1.36201,1.36250,476
1770879600,1.36249,1.36261,1.36208,1.36245,485
1770880500,1.36243,1.36245,1.36179,1.36184,512
1770881400,1.36183,1.36211,1.36176,1.36200,463
1770882300,1.36201,1.36231,1.36178,1.36221,370
1770883200,1.36220,1.36256,1.36169,1.36238,400
1770884100,1.36238,1.36247,1.36126,1.36144,1157
1770885000,1.36145,1.36205,1.36045,1.36188,1250
1770885900,1.36189,1.36191,1.36136,1.36168,845
1770886800,1.36165,1.36209,1.36117,1.36171,761
1770887700,1.36170,1.36345,1.36163,1.36336,674
1770888600,1.36335,1.36344,1.36275,1.36300,478
1770889500,1.36301,1.36346,1.36252,1.36326,562
1770890400,1.36327,1.36396,1.36327,1.36388,654
1770891300,1.36388,1.36466,1.36341,1.36372,959
1770892200,1.36371,1.36393,1.36275,1.36278,684
1770893100,1.36279,1.36390,1.36269,1.36370,1034
1770894000,1.36371,1.36490,1.36369,1.36484,952
1770894900,1.36480,1.36539,1.36451,1.36494,749
1770895800,1.36493,1.36513,1.36474,1.36487,622
1770896700,1.36486,1.36504,1.36449,1.36492,590
1770897600,1.36491,1.36500,1.36388,1.36412,815
1770898500,1.36417,1.36443,1.36380,1.36418,520
1770899400,1.36417,1.36439,1.36404,1.36411,369
1770900300,1.36412,1.36416,1.36367,1.36386,349
1770901200,1.36385,1.36422,1.36351,1.36410,391
1770902100,1.36411,1.36484,1.36406,1.36421,415
1770903000,1.36420,1.36451,1.36356,1.36369,396
1770903900,1.36370,1.36512,1.36369,1.36493,641
1770904800,1.36494,1.36499,1.36457,1.36471,540
1770905700,1.36472,1.36479,1.36416,1.36447,621
1770906600,1.36448,1.36470,1.36319,1.36320,802
1770907500,1.36321,1.36346,1.36219,1.36293,955
1770908400,1.36292,1.36367,1.36286,1.36332,890
1770909300,1.36336,1.36396,1.36290,1.36376,816
1770910200,1.36374,1.36518,1.36333,1.36459,910
1770911100,1.36461,1.36511,1.36458,1.36500,830
1770912000,1.36499,1.36569,1.36420,1.36471,1429
1770912900,1.36470,1.36590,1.36469,1.36570,1410
1770913800,1.36569,1.36690,1.36569,1.36619,1698
1770914700,1.36620,1.36682,1.36599,1.36643,1269
1770915600,1.36642,1.36713,1.36619,1.36680,1529
1770916500,1.36679,1.36715,1.36633,1.36661,824
1770917400,1.36660,1.36697,1.36521,1.36521,1348
1770918300,1.36522,1.36590,1.36497,1.36539,1509
1770919200,1.36538,1.36579,1.36288,1.36312,1948
1770920100,1.36311,1.36342,1.36185,1.36228,3320
1770921000,1.36227,1.36358,1.36206,1.36306,3136
1770921900,1.36305,1.36327,1.36162,1.36320,2310
1770922800,1.36319,1.36330,1.36202,1.36233,2024
1770923700,1.36232,1.36324,1.36196,1.36230,2035
1770924600,1.36229,1.36294,1.36178,1.36240,1633
1770925500,1.36241,1.36255,1.36185,1.36193,1282
1770926400,1.36194,1.36243,1.36088,1.36094,1500
1770927300,1.36097,1.36116,1.36048,1.36085,1209
1770928200,1.36087,1.36160,1.36073,1.36143,908
1770929100,1.36145,1.36189,1.36130,1.36164,1053
1770930000,1.36165,1.36209,1.36149,1.36189,1016
1770930900,1.36190,1.36244,1.36190,1.36209,770
1770931800,1.36208,1.36250,1.36203,1.36219,562
1770932700,1.36220,1.36265,1.36201,1.36241,547
1770933600,1.36239,1.36246,1.36213,1.36237,511
1770934500,1.36238,1.36239,1.36187,1.36187,487
1770935400,1.36186,1.36219,1.36148,1.36210,479
1770936300,1.36211,1.36226,1.36179,1.36217,564
1770937200,1.36215,1.36236,1.36203,1.36212,197
1770938100,1.36211,1.36211,1.36176,1.36189,170
1770939000,1.36188,1.36204,1.36172,1.36190,117
1770939900,1.36191,1.36241,1.36191,1.36225,226
1770940800,1.36099,1.36115,1.36084,1.36109,22
1770941700,1.36109,1.36244,1.36104,1.36125,98
1770942600,1.36125,1.36181,1.36125,1.36172,95
1770943500,1.36176,1.36202,1.36137,1.36145,117
1770944400,1.36144,1.36215,1.36142,1.36210,180
1770945300,1.36210,1.36220,1.36179,1.36180,142
1770946200,1.36179,1.36206,1.36174,1.36188,189
1770947100,1.36188,1.36192,1.36166,1.36185,135
1770948000,1.36184,1.36214,1.36171,1.36203,478
1770948900,1.36204,1.36209,1.36169,1.36171,420
1770949800,1.36169,1.36210,1.36159,1.36180,325
1770950700,1.36180,1.36218,1.36149,1.36216,686
1770951600,1.36215,1.36225,1.36158,1.36190,1017
1770952500,1.36191,1.36211,1.36121,1.36145,638
1770953400,1.36145,1.36195,1.36133,1.36168,564
1770954300,1.36167,1.36199,1.36134,1.36168,541
1770955200,1.36169,1.36185,1.36127,1.36142,689
1770956100,1.36142,1.36212,1.36142,1.36196,487
1770957000,1.36196,1.36220,1.36177,1.36209,310
1770957900,1.36208,1.36240,1.36198,1.36202,341
1770958800,1.36202,1.36226,1.36164,1.36169,321
1770959700,1.36170,1.36190,1.36149,1.36151,317
1770960600,1.36150,1.36198,1.36150,1.36180,365
1770961500,1.36181,1.36183,1.36143,1.36152,301
1770962400,1.36151,1.36168,1.36141,1.36153,396
1770963300,1.36154,1.36172,1.36141,1.36151,348
1770964200,1.36149,1.36157,1.36122,1.36132,400
1770965100,1.36131,1.36141,1.36086,1.36121,311
1770966000,1.36120,1.36147,1.36089,1.36099,546
1770966900,1.36100,1.36129,1.36089,1.36105,480
1770967800,1.36105,1.36110,1.36052,1.36052,578
1770968700,1.36053,1.36065,1.35990,1.36038,556
1770969600,1.36037,1.36068,1.36002,1.36049,567
1770970500,1.36050,1.36060,1.35965,1.35982,554
1770971400,1.35983,1.35992,1.35947,1.35951,734
1770972300,1.35952,1.36033,1.35952,1.36019,499
1770973200,1.36018,1.36019,1.35905,1.35959,753
1770974100,1.35958,1.36020,1.35958,1.36017,643
1770975000,1.36016,1.36166,1.35926,1.36129,892
1770975900,1.36126,1.36163,1.36088,1.36143,817
1770976800,1.36142,1.36196,1.36138,1.36154,995
1770977700,1.36155,1.36173,1.36115,1.36161,548
1770978600,1.36160,1.36209,1.36128,1.36195,699
1770979500,1.36196,1.36286,1.36184,1.36232,948
1770980400,1.36231,1.36281,1.36216,1.36261,805
1770981300,1.36258,1.36277,1.36218,1.36234,441
1770982200,1.36234,1.36280,1.36209,1.36270,573
1770983100,1.36271,1.36297,1.36225,1.36226,461
1770984000,1.36224,1.36248,1.36184,1.36211,543
1770984900,1.36211,1.36274,1.36208,1.36236,442
1770985800,1.36235,1.36241,1.36200,1.36201,446
1770986700,1.36200,1.36204,1.36148,1.36184,672
1770987600,1.36186,1.36193,1.36092,1.36131,815
1770988500,1.36132,1.36138,1.36077,1.36089,648
1770989400,1.36089,1.36113,1.36059,1.36078,585
1770990300,1.36079,1.36094,1.36009,1.36030,682
1770991200,1.36029,1.36049,1.35986,1.36010,783
1770992100,1.36009,1.36080,1.36009,1.36049,452
1770993000,1.36048,1.36092,1.36041,1.36044,545
1770993900,1.36045,1.36093,1.36015,1.36074,758
1770994800,1.36077,1.36128,1.36055,1.36069,732
1770995700,1.36070,1.36150,1.36051,1.36089,816
1770996600,1.36088,1.36451,1.36075,1.36176,3734
1770997500,1.36177,1.36387,1.36131,1.36334,2196
1770998400,1.36334,1.36381,1.36287,1.36324,1372
1770999300,1.36325,1.36361,1.36283,1.36339,1242
1771000200,1.36340,1.36392,1.36155,1.36270,2411
1771001100,1.36271,1.36351,1.36195,1.36261,2405
1771002000,1.36262,1.36474,1.36241,1.36441,2389
1771002900,1.36441,1.36442,1.36265,1.36341,1918
1771003800,1.36340,1.36357,1.36242,1.36258,1361
1771004700,1.36261,1.36266,1.36104,1.36129,1847
1771005600,1.36128,1.36180,1.36070,1.36178,1369
1771006500,1.36179,1.36335,1.36153,1.36292,1116
1771007400,1.36291,1.36393,1.36279,1.36390,1188
1771008300,1.36391,1.36438,1.36336,1.36420,1149
1771009200,1.36419,1.36540,1.36383,1.36534,934
1771010100,1.36535,1.36551,1.36414,1.36449,994
1771011000,1.36448,1.36522,1.36412,1.36497,717
1771011900,1.36498,1.36593,1.36477,1.36484,991
1771012800,1.36486,1.36514,1.36474,1.36499,842
1771013700,1.36500,1.36520,1.36464,1.36494,657
1771014600,1.36497,1.36532,1.36479,1.36530,500
1771015500,1.36531,1.36542,1.36462,1.36521,739
1771016400,1.36520,1.36553,1.36491,1.36508,615
1771017300,1.36507,1.36543,1.36490,1.36501,392
1771018200,1.36502,1.36511,1.36445,1.36461,543
1771019100,1.36460,1.36478,1.36424,1.36432,634
1771020000,1.36431,1.36462,1.36412,1.36438,697
1771020900,1.36439,1.36457,1.36421,1.36424,474
1771021800,1.36423,1.36463,1.36421,1.36458,537
1771022700,1.36457,1.36564,1.36442,1.36563,800
1771023600,1.36565,1.36580,1.36545,1.36563,292
1771024500,1.36564,1.36566,1.36509,1.36532,262
1771025400,1.36533,1.36537,1.36482,1.36502,314
1771026300,1.36501,1.36548,1.36495,1.36522,2081
1771200000,1.36401,1.36431,1.36370,1.36431,23
1771200900,1.36433,1.36437,1.36376,1.36395,83
1771201800,1.36395,1.36448,1.36395,1.36447,389
1771202700,1.36448,1.36454,1.36386,1.36428,452
1771203600,1.36427,1.36481,1.36379,1.36476,272
1771204500,1.36476,1.36484,1.36450,1.36470,171
1771205400,1.36469,1.36481,1.36446,1.36464,586
1771206300,1.36464,1.36473,1.36428,1.36470,409
1771207200,1.36471,1.36480,1.36447,1.36458,683
1771208100,1.36457,1.36477,1.36440,1.36440,497
1771209000,1.36441,1.36457,1.36425,1.36455,582
1771209900,1.36454,1.36464,1.36405,1.36409,1450
1771210800,1.36408,1.36426,1.36371,1.36412,2007
1771211700,1.36412,1.36428,1.36380,1.36426,456
1771212600,1.36425,1.36438,1.36407,1.36425,497
1771213500,1.36424,1.36441,1.36398,1.36435,360
1771214400,1.36433,1.36456,1.36389,1.36405,653
1771215300,1.36406,1.36438,1.36389,1.36424,530
1771216200,1.36425,1.36445,1.36408,1.36419,400
1771217100,1.36420,1.36444,1.36408,1.36421,419
1771218000,1.36421,1.36423,1.36372,1.36412,317
1771218900,1.36413,1.36451,1.36413,1.36428,319
1771219800,1.36427,1.36427,1.36398,1.36417,293
1771220700,1.36418,1.36421,1.36389,1.36417,320
1771221600,1.36417,1.36435,1.36407,1.36417,270
1771222500,1.36418,1.36429,1.36381,1.36413,232
1771223400,1.36415,1.36419,1.36355,1.36360,211
1771224300,1.36361,1.36398,1.36361,1.36396,304
1771225200,1.36395,1.36402,1.36372,1.36374,199
1771226100,1.36373,1.36389,1.36362,1.36388,163
1771227000,1.36387,1.36387,1.36355,1.36366,119
1771227900,1.36367,1.36409,1.36358,1.36391,276
1771228800,1.36388,1.36430,1.36381,1.36427,238
1771229700,1.36428,1.36437,1.36410,1.36427,245
1771230600,1.36426,1.36480,1.36419,1.36480,230
1771231500,1.36481,1.36486,1.36422,1.36430,256
1771232400,1.36429,1.36431,1.36393,1.36417,346
1771233300,1.36416,1.36441,1.36396,1.36436,294
1771234200,1.36437,1.36511,1.36357,1.36484,417
1771235100,1.36485,1.36490,1.36392,1.36441,460
1771236000,1.36440,1.36602,1.36418,1.36470,1069
1771236900,1.36468,1.36531,1.36400,1.36462,840
1771237800,1.36462,1.36538,1.36430,1.36533,713
1771238700,1.36534,1.36563,1.36517,1.36518,577
1771239600,1.36519,1.36620,1.36512,1.36579,702
1771240500,1.36580,1.36594,1.36555,1.36566,400
1771241400,1.36565,1.36571,1.36489,1.36506,576
1771242300,1.36505,1.36514,1.36409,1.36448,694
1771243200,1.36446,1.36478,1.36407,1.36476,500
1771244100,1.36478,1.36499,1.36447,1.36467,398
1771245000,1.36468,1.36497,1.36457,1.36486,443
1771245900,1.36487,1.36518,1.36470,1.36507,393
1771246800,1.36506,1.36506,1.36449,1.36475,380
1771247700,1.36477,1.36482,1.36441,1.36472,337
1771248600,1.36471,1.36493,1.36448,1.36470,281
1771249500,1.36469,1.36486,1.36427,1.36444,402
1771250400,1.36443,1.36512,1.36439,1.36497,424
1771251300,1.36496,1.36496,1.36448,1.36483,279
1771252200,1.36482,1.36482,1.36437,1.36437,328
1771253100,1.36438,1.36445,1.36397,1.36424,389
1771254000,1.36426,1.36477,1.36328,1.36331,586
1771254900,1.36332,1.36338,1.36303,1.36306,614
1771255800,1.36307,1.36313,1.36286,1.36304,474
1771256700,1.36306,1.36391,1.36305,1.36332,512
1771257600,1.36331,1.36403,1.36328,1.36379,404
1771258500,1.36378,1.36387,1.36339,1.36377,421
1771259400,1.36378,1.36400,1.36305,1.36309,509
1771260300,1.36310,1.36360,1.36303,1.36359,386
1771261200,1.36360,1.36381,1.36326,1.36340,561
1771262100,1.36344,1.36371,1.36338,1.36356,314
1771263000,1.36355,1.36363,1.36310,1.36319,350
1771263900,1.36320,1.36333,1.36278,1.36326,433
1771264800,1.36328,1.36351,1.36291,1.36322,522
1771265700,1.36323,1.36324,1.36255,1.36307,298
1771266600,1.36306,1.36322,1.36295,1.36317,192
1771267500,1.36318,1.36320,1.36266,1.36287,350
1771268400,1.36286,1.36299,1.36271,1.36287,243
1771269300,1.36288,1.36303,1.36271,1.36281,156
1771270200,1.36283,1.36293,1.36261,1.36277,144
1771271100,1.36276,1.36290,1.36266,1.36271,175
1771272000,1.36273,1.36294,1.36265,1.36289,93
1771272900,1.36289,1.36303,1.36286,1.36299,80
1771273800,1.36298,1.36312,1.36296,1.36304,61
1771274700,1.36303,1.36307,1.36287,1.36290,97
1771275600,1.36289,1.36312,1.36289,1.36307,153
1771276500,1.36308,1.36313,1.36304,1.36313,77
1771277400,1.36314,1.36333,1.36310,1.36310,61
1771278300,1.36313,1.36323,1.36310,1.36323,69
1771279200,1.36322,1.36323,1.36297,1.36311,74
1771280100,1.36310,1.36317,1.36309,1.36315,44
1771281000,1.36316,1.36321,1.36300,1.36310,92
1771281900,1.36311,1.36313,1.36303,1.36303,72
1771282800,1.36303,1.36304,1.36291,1.36294,75
1771283700,1.36295,1.36302,1.36292,1.36301,62
1771284600,1.36300,1.36300,1.36255,1.36257,111
1771285500,1.36258,1.36278,1.36258,1.36272,64
1771286400,1.36231,1.36255,1.36226,1.36255,24
1771287300,1.36254,1.36260,1.36246,1.36258,99
1771288200,1.36256,1.36275,1.36248,1.36274,64
1771289100,1.36274,1.36290,1.36267,1.36284,82
1771290000,1.36284,1.36286,1.36225,1.36244,188
1771290900,1.36243,1.36250,1.36225,1.36246,73
1771291800,1.36246,1.36265,1.36244,1.36265,64
1771292700,1.36265,1.36276,1.36247,1.36269,139
1771293600,1.36270,1.36292,1.36241,1.36267,398
1771294500,1.36268,1.36284,1.36236,1.36239,418
1771295400,1.36239,1.36257,1.36187,1.36193,525
1771296300,1.36194,1.36219,1.36188,1.36197,558
1771297200,1.36198,1.36214,1.36148,1.36175,803
1771298100,1.36176,1.36199,1.36165,1.36188,556
1771299000,1.36187,1.36201,1.36171,1.36191,443
1771299900,1.36192,1.36209,1.36137,1.36165,541
1771300800,1.36166,1.36203,1.36129,1.36169,676
1771301700,1.36168,1.36190,1.36157,1.36175,301
1771302600,1.36172,1.36177,1.36134,1.36135,315
1771303500,1.36135,1.36149,1.36119,1.36139,252
1771304400,1.36138,1.36139,1.36080,1.36106,524
1771305300,1.36107,1.36122,1.36091,1.36101,297
1771306200,1.36100,1.36102,1.36058,1.36077,392
1771307100,1.36079,1.36130,1.36071,1.36128,345
1771308000,1.36127,1.36132,1.36069,1.36078,399
1771308900,1.36077,1.36106,1.36069,1.36106,231
1771309800,1.36105,1.36118,1.36089,1.36112,286
1771310700,1.36113,1.36132,1.36110,1.36116,270
1771311600,1.36116,1.36120,1.36078,1.36078,285
1771312500,1.36073,1.36082,1.36034,1.36081,491
1771313400,1.36080,1.36093,1.36056,1.36061,535
1771314300,1.36062,1.36080,1.36050,1.36073,377
1771315200,1.36074,1.36122,1.36074,1.36121,385
1771316100,1.36122,1.36149,1.36099,1.36130,288
1771317000,1.36127,1.36149,1.36116,1.36139,325
1771317900,1.36138,1.36140,1.36109,1.36111,289
1771318800,1.36108,1.36117,1.35784,1.35789,1490
1771319700,1.35790,1.35793,1.35693,1.35713,749
1771320600,1.35712,1.35722,1.35526,1.35614,1125
1771321500,1.35613,1.35628,1.35524,1.35626,1084
1771322400,1.35627,1.35757,1.35611,1.35651,1184
1771323300,1.35650,1.35794,1.35648,1.35778,853
1771324200,1.35777,1.35875,1.35777,1.35871,902
1771325100,1.35870,1.35906,1.35852,1.35857,826
1771326000,1.35858,1.35935,1.35840,1.35887,776
1771326900,1.35888,1.35955,1.35887,1.35909,675
1771327800,1.35910,1.35976,1.35905,1.35916,636
1771328700,1.35917,1.35961,1.35908,1.35912,526
1771329600,1.35911,1.35986,1.35893,1.35910,747
1771330500,1.35911,1.35992,1.35905,1.35951,612
1771331400,1.35950,1.36061,1.35937,1.35998,631
1771332300,1.35997,1.35999,1.35927,1.35951,520
1771333200,1.35952,1.35981,1.35880,1.35881,836
1771334100,1.35884,1.35891,1.35838,1.35878,538
1771335000,1.35877,1.35878,1.35759,1.35770,595
1771335900,1.35771,1.35771,1.35597,1.35650,920
1771336800,1.35649,1.35715,1.35607,1.35680,943
1771337700,1.35681,1.35696,1.35550,1.35612,598
1771338600,1.35611,1.35611,1.35510,1.35523,497
1771339500,1.35526,1.35530,1.35467,1.35486,915
1771340400,1.35485,1.35502,1.35414,1.35437,1013
1771341300,1.35438,1.35441,1.35323,1.35408,999
1771342200,1.35402,1.35452,1.35265,1.35271,1098
1771343100,1.35272,1.35389,1.35245,1.35247,1795
1771344000,1.35246,1.35281,1.35184,1.35208,1457
1771344900,1.35209,1.35282,1.35186,1.35219,1030
1771345800,1.35218,1.35324,1.35200,1.35286,2032
1771346700,1.35287,1.35310,1.35178,1.35206,1990
1771347600,1.35205,1.35253,1.35116,1.35155,2170
1771348500,1.35156,1.35215,1.35061,1.35061,1437
1771349400,1.35060,1.35086,1.34963,1.35058,1417
1771350300,1.35058,1.35089,1.34957,1.35030,1837
1771351200,1.35029,1.35196,1.35026,1.35184,1389
1771352100,1.35183,1.35316,1.35167,1.35280,1035
1771353000,1.35279,1.35373,1.35274,1.35351,1223
1771353900,1.35352,1.35416,1.35345,1.35380,921
1771354800,1.35381,1.35421,1.35347,1.35410,938
1771355700,1.35411,1.35470,1.35392,1.35451,856
1771356600,1.35450,1.35483,1.35419,1.35430,1018
1771357500,1.35424,1.35501,1.35411,1.35467,934
1771358400,1.35466,1.35483,1.35412,1.35441,941
1771359300,1.35442,1.35573,1.35436,1.35562,719
1771360200,1.35561,1.35609,1.35543,1.35600,716
1771361100,1.35601,1.35612,1.35587,1.35591,553
1771362000,1.35590,1.35612,1.35588,1.35600,578
1771362900,1.35601,1.35602,1.35559,1.35562,431
1771363800,1.35561,1.35608,1.35560,1.35608,466
1771364700,1.35607,1.35629,1.35596,1.35613,513
1771365600,1.35611,1.35640,1.35599,1.35606,433
1771366500,1.35607,1.35608,1.35576,1.35587,316
1771367400,1.35589,1.35610,1.35587,1.35596,406
1771368300,1.35597,1.35623,1.35593,1.35618,391
1771369200,1.35618,1.35630,1.35599,1.35628,107
1771370100,1.35626,1.35634,1.35607,1.35624,80
1771371000,1.35623,1.35686,1.35618,1.35680,110
1771371900,1.35680,1.35680,1.35647,1.35666,83
1771372800,1.35556,1.35560,1.35504,1.35524,24
1771373700,1.35524,1.35538,1.35507,1.35538,80
1771374600,1.35538,1.35582,1.35523,1.35536,313
1771375500,1.35536,1.35607,1.35525,1.35556,515
1771376400,1.35555,1.35718,1.35520,1.35681,248
1771377300,1.35679,1.35688,1.35652,1.35665,163
1771378200,1.35665,1.35666,1.35647,1.35651,123
1771379100,1.35651,1.35664,1.35624,1.35628,170
1771380000,1.35628,1.35662,1.35627,1.35654,292
1771380900,1.35654,1.35658,1.35623,1.35637,345
1771381800,1.35636,1.35647,1.35608,1.35617,404
1771382700,1.35616,1.35643,1.35610,1.35621,516
1771383600,1.35622,1.35622,1.35568,1.35574,603
1771384500,1.35573,1.35579,1.35547,1.35560,390
1771385400,1.35561,1.35580,1.35539,1.35572,236
1771386300,1.35571,1.35591,1.35556,1.35585,290
1771387200,1.35586,1.35587,1.35528,1.35534,510
1771388100,1.35536,1.35572,1.35517,1.35563,333
1771389000,1.35561,1.35576,1.35547,1.35569,219
1771389900,1.35568,1.35577,1.35542,1.35547,233
1771390800,1.35547,1.35577,1.35546,1.35558,175
1771391700,1.35559,1.35577,1.35540,1.35577,262
1771392600,1.35578,1.35579,1.35545,1.35546,213
1771393500,1.35547,1.35554,1.35527,1.35532,274
1771394400,1.35533,1.35534,1.35499,1.35528,282
1771395300,1.35529,1.35558,1.35528,1.35538,219
1771396200,1.35538,1.35559,1.35532,1.35547,229
1771397100,1.35548,1.35552,1.35535,1.35539,194
1771398000,1.35540,1.35569,1.35537,1.35567,220
1771398900,1.35567,1.35570,1.35557,1.35565,154
1771399800,1.35564,1.35582,1.35556,1.35567,201
1771400700,1.35568,1.35594,1.35567,1.35589,139
1771401600,1.35588,1.35597,1.35537,1.35555,237
1771402500,1.35556,1.35579,1.35547,1.35573,197
1771403400,1.35574,1.35580,1.35550,1.35573,291
1771404300,1.35572,1.35665,1.35567,1.35610,391
1771405200,1.35609,1.35762,1.35516,1.35572,898
1771406100,1.35574,1.35606,1.35556,1.35564,520
1771407000,1.35563,1.35628,1.35557,1.35614,674
1771407900,1.35611,1.35643,1.35538,1.35615,796
1771408800,1.35614,1.35684,1.35594,1.35623,1174
1771409700,1.35620,1.35672,1.35570,1.35621,703
1771410600,1.35622,1.35654,1.35583,1.35594,516
1771411500,1.35596,1.35679,1.35596,1.35657,597
1771412400,1.35656,1.35760,1.35652,1.35729,748
1771413300,1.35730,1.35730,1.35696,1.35706,470
1771414200,1.35704,1.35705,1.35658,1.35669,463
1771415100,1.35666,1.35792,1.35661,1.35748,452
1771416000,1.35747,1.35818,1.35740,1.35763,463
1771416900,1.35762,1.35821,1.35752,1.35806,315
1771417800,1.35805,1.35810,1.35673,1.35701,397
1771418700,1.35702,1.35753,1.35657,1.35662,478
1771419600,1.35661,1.35681,1.35658,1.35678,303
1771420500,1.35678,1.35722,1.35659,1.35700,360
1771421400,1.35701,1.35722,1.35698,1.35708,225
1771422300,1.35709,1.35749,1.35685,1.35735,295
1771423200,1.35736,1.35785,1.35717,1.35762,576
1771424100,1.35762,1.35799,1.35749,1.35792,505
1771425000,1.35791,1.35798,1.35740,1.35772,515
1771425900,1.35773,1.35779,1.35698,1.35733,478
1771426800,1.35734,1.35813,1.35731,1.35765,570
1771427700,1.35766,1.35781,1.35651,1.35658,512
1771428600,1.35659,1.35691,1.35619,1.35625,704
1771429500,1.35627,1.35649,1.35520,1.35522,751
1771430400,1.35521,1.35585,1.35437,1.35492,925
1771431300,1.35493,1.35500,1.35330,1.35366,1335
1771432200,1.35365,1.35430,1.35335,1.35389,1619
1771433100,1.35389,1.35432,1.35351,1.35369,1074
1771434000,1.35368,1.35520,1.35354,1.35378,1511
1771434900,1.35378,1.35421,1.35355,1.35417,775
1771435800,1.35418,1.35528,1.35415,1.35496,830
1771436700,1.35497,1.35537,1.35391,1.35458,948
1771437600,1.35457,1.35572,1.35437,1.35509,871
1771438500,1.35510,1.35512,1.35451,1.35468,696
1771439400,1.35467,1.35501,1.35432,1.35438,825
1771440300,1.35439,1.35447,1.35336,1.35338,776
1771441200,1.35338,1.35365,1.35306,1.35340,550
1771442100,1.35341,1.35341,1.35288,1.35317,630
1771443000,1.35316,1.35328,1.35160,1.35198,625
1771443900,1.35199,1.35219,1.35127,1.35219,668
1771444800,1.35218,1.35254,1.35188,1.35208,557
1771445700,1.35207,1.35207,1.35112,1.35144,815
1771446600,1.35143,1.35148,1.35075,1.35075,880
1771447500,1.35076,1.35140,1.35061,1.35135,677
1771448400,1.35133,1.35148,1.35023,1.35031,1410
1771449300,1.35030,1.35070,1.34998,1.35006,584
1771450200,1.35009,1.35041,1.34972,1.34988,724
1771451100,1.34989,1.35023,1.34973,1.35001,585
1771452000,1.35000,1.35048,1.34980,1.34996,436
1771452900,1.34997,1.35020,1.34959,1.34959,397
1771453800,1.34958,1.35001,1.34950,1.34976,521
1771454700,1.34977,1.35012,1.34967,1.34997,436
1771455600,1.34996,1.35019,1.34986,1.34986,146
1771456500,1.34987,1.35006,1.34984,1.35001,96
1771457400,1.35000,1.35000,1.34977,1.34991,61
1771458300,1.34990,1.34990,1.34940,1.34956,90
1771459200,1.34919,1.34961,1.34912,1.34955,35
1771460100,1.34955,1.34977,1.34953,1.34968,48
1771461000,1.34965,1.34976,1.34940,1.34964,376
1771461900,1.34966,1.34979,1.34963,1.34979,164
1771462800,1.34979,1.34979,1.34955,1.34962,141
1771463700,1.34962,1.34969,1.34937,1.34966,144
1771464600,1.34965,1.34974,1.34953,1.34957,53
1771465500,1.34957,1.34961,1.34945,1.34950,63
1771466400,1.34949,1.34950,1.34931,1.34934,157
1771467300,1.34934,1.34957,1.34924,1.34955,100
1771468200,1.34954,1.34976,1.34898,1.34901,368
1771469100,1.34902,1.34929,1.34885,1.34898,426
1771470000,1.34897,1.34985,1.34897,1.34980,683
1771470900,1.34983,1.34991,1.34936,1.34938,438
1771471800,1.34937,1.34946,1.34918,1.34929,327
1771472700,1.34930,1.34970,1.34928,1.34963,302
1771473600,1.34964,1.34967,1.34932,1.34948,337
1771474500,1.34949,1.34962,1.34918,1.34931,295
1771475400,1.34929,1.34970,1.34928,1.34960,249
1771476300,1.34960,1.34966,1.34922,1.34947,248
1771477200,1.34946,1.34977,1.34944,1.34958,236
1771478100,1.34957,1.34964,1.34927,1.34939,272
1771479000,1.34938,1.34938,1.34902,1.34909,374
1771479900,1.34910,1.34918,1.34882,1.34909,268
1771480800,1.34909,1.34926,1.34877,1.34890,234
1771481700,1.34891,1.34896,1.34849,1.34851,230
1771482600,1.34851,1.34875,1.34832,1.34832,225
1771483500,1.34833,1.34854,1.34818,1.34838,193
1771484400,1.34837,1.34837,1.34809,1.34814,208
1771485300,1.34815,1.34858,1.34808,1.34848,220
1771486200,1.34849,1.34872,1.34849,1.34869,212
1771487100,1.34870,1.34876,1.34853,1.34873,273
1771488000,1.34872,1.34889,1.34850,1.34886,292
1771488900,1.34885,1.34968,1.34885,1.34964,382
1771489800,1.34964,1.34997,1.34954,1.34977,384
1771490700,1.34976,1.35024,1.34965,1.34998,393
1771491600,1.34997,1.34998,1.34958,1.34989,316
1771492500,1.34989,1.34992,1.34947,1.34989,367
1771493400,1.34988,1.35060,1.34988,1.35056,495
1771494300,1.35057,1.35121,1.35049,1.35103,380
1771495200,1.35102,1.35144,1.35091,1.35120,402
1771496100,1.35121,1.35160,1.35069,1.35088,558
1771497000,1.35089,1.35136,1.35089,1.35136,458
1771497900,1.35136,1.35141,1.35019,1.35058,567
1771498800,1.35059,1.35169,1.35057,1.35138,559
1771499700,1.35136,1.35137,1.35026,1.35027,520
1771500600,1.35026,1.35058,1.34946,1.34980,540
1771501500,1.34981,1.35063,1.34964,1.35045,637
1771502400,1.35046,1.35073,1.34972,1.34986,1015
1771503300,1.34987,1.34993,1.34889,1.34900,621
1771504200,1.34899,1.34939,1.34857,1.34900,556
1771505100,1.34901,1.34908,1.34849,1.34887,456
1771506000,1.34886,1.34920,1.34857,1.34888,521
1771506900,1.34889,1.34898,1.34738,1.34738,685
1771507800,1.34738,1.34751,1.34665,1.34706,753
1771508700,1.34707,1.34745,1.34656,1.34660,672
1771509600,1.34660,1.34681,1.34603,1.34608,646
1771510500,1.34607,1.34670,1.34573,1.34639,608
1771511400,1.34640,1.34741,1.34640,1.34678,725
1771512300,1.34677,1.34688,1.34586,1.34632,549
1771513200,1.34632,1.34638,1.34492,1.34609,992
1771514100,1.34610,1.34641,1.34548,1.34619,753
1771515000,1.34610,1.34677,1.34520,1.34558,1293
1771515900,1.34558,1.34693,1.34528,1.34671,1152
1771516800,1.34670,1.34677,1.34400,1.34407,1337
1771517700,1.34407,1.34440,1.34341,1.34419,1108
1771518600,1.34418,1.34490,1.34360,1.34474,2148
1771519500,1.34477,1.34497,1.34397,1.34452,1464
1771520400,1.34453,1.34718,1.34412,1.34577,2879
1771521300,1.34578,1.34679,1.34567,1.34598,1985
1771522200,1.34597,1.34686,1.34590,1.34604,1487
1771523100,1.34608,1.34739,1.34522,1.34541,1691
1771524000,1.34541,1.34579,1.34407,1.34495,1424
1771524900,1.34496,1.34533,1.34456,1.34481,1031
1771525800,1.34480,1.34568,1.34479,1.34520,911
1771526700,1.34521,1.34523,1.34393,1.34451,1074
1771527600,1.34450,1.34495,1.34386,1.34439,1064
1771528500,1.34441,1.34530,1.34418,1.34497,784
1771529400,1.34499,1.34542,1.34438,1.34517,699
1771530300,1.34518,1.34561,1.34501,1.34524,598
1771531200,1.34525,1.34597,1.34507,1.34595,693
1771532100,1.34596,1.34612,1.34546,1.34588,631
1771533000,1.34587,1.34644,1.34582,1.34633,485
1771533900,1.34632,1.34661,1.34583,1.34598,557
1771534800,1.34599,1.34659,1.34598,1.34621,535
1771535700,1.34622,1.34641,1.34579,1.34598,477
1771536600,1.34597,1.34612,1.34472,1.34518,539
1771537500,1.34518,1.34547,1.34495,1.34517,494
1771538400,1.34518,1.34575,1.34517,1.34549,365
1771539300,1.34551,1.34561,1.34537,1.34558,229
1771540200,1.34557,1.34576,1.34546,1.34560,274
1771541100,1.34561,1.34605,1.34553,1.34591,302
1771542000,1.34590,1.34621,1.34581,1.34618,130
1771542900,1.34617,1.34662,1.34611,1.34641,206
1771543800,1.34641,1.34729,1.34641,1.34720,212
1771544700,1.34721,1.34729,1.34681,1.34681,188
1771545600,1.34605,1.34605,1.34587,1.34594,16
1771546500,1.34594,1.34602,1.34591,1.34592,34
1771547400,1.34593,1.34654,1.34593,1.34654,62
1771548300,1.34655,1.34665,1.34609,1.34613,353
1771549200,1.34614,1.34704,1.34613,1.34682,265
1771550100,1.34682,1.34690,1.34663,1.34663,58
1771551000,1.34664,1.34665,1.34629,1.34632,134
1771551900,1.34632,1.34634,1.34597,1.34599,157
1771552800,1.34598,1.34627,1.34556,1.34592,287
1771553700,1.34590,1.34606,1.34573,1.34588,260
1771554600,1.34588,1.34600,1.34572,1.34590,338
1771555500,1.34591,1.34639,1.34586,1.34617,647
1771556400,1.34615,1.34630,1.34572,1.34578,670
1771557300,1.34579,1.34603,1.34515,1.34530,804
1771558200,1.34530,1.34535,1.34449,1.34469,589
1771559100,1.34466,1.34481,1.34416,1.34468,847
1771560000,1.34469,1.34478,1.34386,1.34414,925
1771560900,1.34415,1.34416,1.34367,1.34390,598
1771561800,1.34389,1.34403,1.34367,1.34375,575
1771562700,1.34374,1.34429,1.34348,1.34408,465
1771563600,1.34407,1.34463,1.34406,1.34435,519
1771564500,1.34434,1.34448,1.34387,1.34390,343
1771565400,1.34389,1.34440,1.34389,1.34409,406
1771566300,1.34410,1.34451,1.34408,1.34423,334
1771567200,1.34423,1.34470,1.34421,1.34468,336
1771568100,1.34469,1.34474,1.34447,1.34458,314
1771569000,1.34459,1.34459,1.34385,1.34408,267
1771569900,1.34409,1.34409,1.34388,1.34393,249
1771570800,1.34395,1.34418,1.34373,1.34388,324
1771571700,1.34389,1.34443,1.34382,1.34417,209
1771572600,1.34418,1.34437,1.34396,1.34409,274
1771573500,1.34407,1.34487,1.34388,1.34453,506
1771574400,1.34454,1.34468,1.34415,1.34432,484
1771575300,1.34433,1.34488,1.34433,1.34466,316
1771576200,1.34467,1.34482,1.34436,1.34448,323
1771577100,1.34449,1.34487,1.34417,1.34459,402
1771578000,1.34458,1.34624,1.34449,1.34611,1003
1771578900,1.34612,1.34618,1.34568,1.34584,300
1771579800,1.34583,1.34671,1.34551,1.34610,647
1771580700,1.34609,1.34609,1.34449,1.34458,1040
1771581600,1.34457,1.34487,1.34362,1.34415,1193
1771582500,1.34410,1.34520,1.34401,1.34502,987
1771583400,1.34501,1.34554,1.34476,1.34495,1036
1771584300,1.34496,1.34550,1.34479,1.34525,675
1771585200,1.34524,1.34609,1.34508,1.34598,631
1771586100,1.34599,1.34648,1.34576,1.34617,610
1771587000,1.34619,1.34791,1.34619,1.34760,1218
1771587900,1.34761,1.34772,1.34668,1.34670,748
1771588800,1.34669,1.34714,1.34631,1.34647,628
1771589700,1.34649,1.34679,1.34617,1.34656,592
1771590600,1.34655,1.34777,1.34646,1.34767,674
1771591500,1.34768,1.34826,1.34733,1.34755,849
1771592400,1.34753,1.34754,1.34661,1.34681,726
1771593300,1.34680,1.34758,1.34670,1.34738,511
1771594200,1.34737,1.34758,1.34678,1.34753,475
1771595100,1.34755,1.34776,1.34702,1.34702,510
1771596000,1.34702,1.34781,1.34686,1.34767,588
1771596900,1.34768,1.34784,1.34709,1.34747,588
1771597800,1.34746,1.34801,1.34687,1.34793,770
1771598700,1.34792,1.34833,1.34733,1.34733,793
1771599600,1.34732,1.34844,1.34732,1.34808,874
1771600500,1.34809,1.34918,1.34775,1.34892,896
1771601400,1.34884,1.34967,1.34685,1.34759,2196
1771602300,1.34760,1.34868,1.34665,1.34864,1293
1771603200,1.34864,1.34886,1.34751,1.34763,1409
1771604100,1.34764,1.34799,1.34722,1.34739,1029
1771605000,1.34737,1.34777,1.34677,1.34731,1674
1771605900,1.34731,1.34818,1.34711,1.34762,1775
1771606800,1.34754,1.35045,1.34605,1.35014,6831
1771607700,1.35015,1.35138,1.34944,1.35121,5101
1771608600,1.35118,1.35149,1.34972,1.35067,4399
1771609500,1.35068,1.35070,1.34912,1.35007,2737
1771610400,1.35008,1.35146,1.34956,1.35066,2400
1771611300,1.35065,1.35101,1.34878,1.34924,2216
1771612200,1.34923,1.34937,1.34863,1.34890,1498
1771613100,1.34891,1.35007,1.34880,1.34984,1219
1771614000,1.34985,1.35005,1.34825,1.34838,1417
1771614900,1.34837,1.34838,1.34749,1.34792,1313
1771615800,1.34793,1.34893,1.34787,1.34870,1170
1771616700,1.34868,1.34959,1.34835,1.34894,1426
1771617600,1.34895,1.34948,1.34853,1.34911,1256
1771618500,1.34912,1.34971,1.34863,1.34936,1528
1771619400,1.34933,1.35053,1.34849,1.34996,2609
1771620300,1.34995,1.35064,1.34934,1.34948,2064
1771621200,1.34947,1.34991,1.34895,1.34917,1312
1771622100,1.34918,1.34930,1.34845,1.34876,766
1771623000,1.34877,1.34890,1.34846,1.34866,579
1771623900,1.34863,1.34912,1.34838,1.34857,743
1771624800,1.34856,1.34867,1.34817,1.34861,567
1771625700,1.34858,1.34878,1.34835,1.34847,321
1771626600,1.34846,1.34898,1.34817,1.34884,320
1771627500,1.34883,1.34913,1.34866,1.34896,461
1771628400,1.34888,1.34970,1.34886,1.34963,703
1771629300,1.34964,1.34965,1.34913,1.34933,339
1771630200,1.34933,1.34939,1.34855,1.34855,484
1771631100,1.34857,1.34890,1.34852,1.34855,345
1771804800,1.34864,1.34864,1.34754,1.34808,57
1771805700,1.34806,1.34944,1.34795,1.34944,115
1771806600,1.34941,1.34975,1.34858,1.34862,78
1771807500,1.34864,1.34951,1.34854,1.34904,211
1771808400,1.34903,1.35063,1.34841,1.35063,836
1771809300,1.35066,1.35141,1.35015,1.35084,571
1771810200,1.35085,1.35231,1.35078,1.35214,525
1771811100,1.35213,1.35332,1.35202,1.35321,497
1771812000,1.35322,1.35322,1.35242,1.35260,869
1771812900,1.35260,1.35260,1.35197,1.35245,589
1771813800,1.35244,1.35310,1.35244,1.35286,895
1771814700,1.35283,1.35286,1.35217,1.35273,898
1771815600,1.35275,1.35277,1.35192,1.35215,1314
1771816500,1.35216,1.35226,1.35155,1.35165,1187
1771817400,1.35164,1.35230,1.35158,1.35221,907
1771818300,1.35222,1.35240,1.35167,1.35192,706
1771819200,1.35191,1.35260,1.35165,1.35235,900
1771820100,1.35236,1.35250,1.35196,1.35240,581
1771821000,1.35242,1.35284,1.35223,1.35257,505
1771821900,1.35258,1.35287,1.35200,1.35233,581
1771822800,1.35231,1.35240,1.35139,1.35147,515
1771823700,1.35145,1.35158,1.35106,1.35122,437
1771824600,1.35119,1.35159,1.35103,1.35138,375
1771825500,1.35139,1.35184,1.35124,1.35176,226
1771826400,1.35180,1.35183,1.35125,1.35158,464
1771827300,1.35158,1.35190,1.35138,1.35159,333
1771828200,1.35161,1.35198,1.35158,1.35195,353
1771829100,1.35196,1.35210,1.35182,1.35200,217
1771830000,1.35199,1.35199,1.35142,1.35147,385
1771830900,1.35152,1.35160,1.35124,1.35155,287
1771831800,1.35154,1.35188,1.35154,1.35159,277
1771832700,1.35162,1.35211,1.35162,1.35202,248
1771833600,1.35200,1.35305,1.35173,1.35299,513
1771834500,1.35300,1.35350,1.35297,1.35332,501
1771835400,1.35333,1.35333,1.35278,1.35298,384
1771836300,1.35299,1.35349,1.35293,1.35295,391
1771837200,1.35296,1.35326,1.35257,1.35266,868
1771838100,1.35267,1.35279,1.35236,1.35258,445
1771839000,1.35257,1.35307,1.35217,1.35272,564
1771839900,1.35271,1.35328,1.35216,1.35259,674
1771840800,1.35260,1.35287,1.35133,1.35174,1256
1771841700,1.35175,1.35215,1.35134,1.35156,982
1771842600,1.35155,1.35206,1.35110,1.35147,828
1771843500,1.35148,1.35191,1.35101,1.35157,633
1771844400,1.35156,1.35187,1.35136,1.35142,582
1771845300,1.35141,1.35141,1.35057,1.35126,617
1771846200,1.35122,1.35152,1.35099,1.35149,521
1771847100,1.35150,1.35165,1.35078,1.35083,680
1771848000,1.35082,1.35126,1.35051,1.35057,607
1771848900,1.35059,1.35077,1.35025,1.35066,596
1771849800,1.35065,1.35098,1.35058,1.35079,436
1771850700,1.35078,1.35118,1.35057,1.35080,433
1771851600,1.35079,1.35100,1.35034,1.35080,502
1771852500,1.35081,1.35095,1.34912,1.34915,533
1771853400,1.34916,1.34981,1.34864,1.34964,754
1771854300,1.34965,1.34970,1.34883,1.34910,631
1771855200,1.34909,1.34909,1.34826,1.34883,823
1771856100,1.34884,1.34886,1.34758,1.34789,710
1771857000,1.34791,1.34838,1.34773,1.34838,719
1771857900,1.34836,1.34879,1.34799,1.34867,683
1771858800,1.34866,1.34933,1.34829,1.34928,1109
1771859700,1.34926,1.34989,1.34923,1.34988,742
1771860600,1.34987,1.35089,1.34983,1.35062,867
1771861500,1.35061,1.35067,1.34991,1.35062,882
1771862400,1.35061,1.35100,1.35031,1.35079,926
1771863300,1.35078,1.35119,1.35021,1.35039,652
1771864200,1.35040,1.35173,1.35034,1.35137,1724
1771865100,1.35138,1.35237,1.35093,1.35203,1695
1771866000,1.35202,1.35249,1.35139,1.35184,1376
1771866900,1.35183,1.35205,1.35125,1.35172,1290
1771867800,1.35172,1.35213,1.35067,1.35087,1328
1771868700,1.35088,1.35096,1.34919,1.34948,1510
1771869600,1.34947,1.34982,1.34875,1.34951,1521
1771870500,1.34944,1.35061,1.34932,1.35026,1347
1771871400,1.35026,1.35150,1.35004,1.35106,1082
1771872300,1.35107,1.35127,1.35056,1.35069,871
1771873200,1.35068,1.35084,1.34947,1.34949,1245
1771874100,1.34950,1.34986,1.34879,1.34897,779
1771875000,1.34897,1.34908,1.34845,1.34886,883
1771875900,1.34887,1.34976,1.34868,1.34956,923
1771876800,1.34957,1.34996,1.34936,1.34956,583
1771877700,1.34953,1.34995,1.34946,1.34971,611
1771878600,1.34972,1.35015,1.34948,1.34963,591
1771879500,1.34965,1.35002,1.34954,1.34976,466
1771880400,1.34975,1.34987,1.34948,1.34974,346
1771881300,1.34975,1.34986,1.34928,1.34948,360
1771882200,1.34947,1.34948,1.34854,1.34866,428
1771883100,1.34865,1.34924,1.34856,1.34892,709
1771884000,1.34889,1.34918,1.34885,1.34899,454
1771884900,1.34900,1.34944,1.34885,1.34939,334
1771885800,1.34937,1.34941,1.34899,1.34901,280
1771886700,1.34902,1.34931,1.34879,1.34918,420
1771887600,1.34917,1.34955,1.34909,1.34928,209
1771888500,1.34929,1.34940,1.34895,1.34928,149
1771889400,1.34927,1.35001,1.34927,1.34973,148
1771890300,1.34974,1.34979,1.34932,1.34934,156
1771891200,1.34827,1.34888,1.34825,1.34869,90
1771892100,1.34869,1.34892,1.34868,1.34886,1117
1771893000,1.34886,1.34926,1.34883,1.34925,2426
1771893900,1.34926,1.34926,1.34846,1.34874,320
1771894800,1.34875,1.34949,1.34873,1.34949,257
1771895700,1.34950,1.34954,1.34916,1.34925,77
1771896600,1.34925,1.34979,1.34925,1.34979,118
1771897500,1.34980,1.34990,1.34952,1.34954,128
1771898400,1.34954,1.34977,1.34936,1.34969,238
1771899300,1.34971,1.34987,1.34930,1.34940,187
1771900200,1.34938,1.34987,1.34927,1.34976,490
1771901100,1.34975,1.34981,1.34927,1.34945,501
1771902000,1.34939,1.34939,1.34857,1.34871,1125
1771902900,1.34872,1.34885,1.34779,1.34799,1141
1771903800,1.34798,1.34899,1.34780,1.34884,851
1771904700,1.34884,1.34918,1.34876,1.34906,934
1771905600,1.34905,1.34941,1.34899,1.34919,789
1771906500,1.34918,1.34954,1.34875,1.34948,449
1771907400,1.34947,1.34981,1.34937,1.34958,359
1771908300,1.34959,1.34987,1.34953,1.34985,348
1771909200,1.34984,1.35013,1.34975,1.34975,439
1771910100,1.34973,1.34976,1.34928,1.34928,351
1771911000,1.34927,1.34938,1.34907,1.34917,330
1771911900,1.34918,1.34926,1.34880,1.34883,264
1771912800,1.34882,1.34899,1.34857,1.34858,380
1771913700,1.34859,1.34871,1.34836,1.34839,357
1771914600,1.34840,1.34846,1.34790,1.34796,506
1771915500,1.34797,1.34832,1.34797,1.34827,229
1771916400,1.34824,1.34848,1.34807,1.34833,394
1771917300,1.34833,1.34834,1.34800,1.34806,218
1771918200,1.34805,1.34830,1.34801,1.34828,327
1771919100,1.34826,1.34889,1.34819,1.34887,441
1771920000,1.34888,1.34920,1.34878,1.34888,409
1771920900,1.34889,1.34900,1.34869,1.34879,428
1771921800,1.34878,1.34911,1.34864,1.34889,351
1771922700,1.34890,1.34897,1.34848,1.34876,442
1771923600,1.34875,1.34875,1.34741,1.34778,1499
1771924500,1.34779,1.34802,1.34734,1.34787,1082
1771925400,1.34788,1.34838,1.34770,1.34808,834
1771926300,1.34806,1.34815,1.34733,1.34782,693
1771927200,1.34783,1.34790,1.34702,1.34763,845
1771928100,1.34762,1.34889,1.34727,1.34877,959
1771929000,1.34876,1.34901,1.34832,1.34880,963
1771929900,1.34879,1.34904,1.34845,1.34848,663
1771930800,1.34846,1.34947,1.34846,1.34918,693
1771931700,1.34919,1.34979,1.34891,1.34966,603
1771932600,1.34968,1.35028,1.34967,1.35000,449
1771933500,1.35001,1.35024,1.34968,1.34999,326
1771934400,1.34998,1.35028,1.34959,1.34979,483
1771935300,1.34973,1.35008,1.34943,1.35001,370
1771936200,1.35000,1.35061,1.34981,1.34987,483
1771937100,1.34986,1.34987,1.34919,1.34936,381
1771938000,1.34935,1.34940,1.34852,1.34880,569
1771938900,1.34880,1.34939,1.34880,1.34912,447
1771939800,1.34911,1.34925,1.34846,1.34878,378
1771940700,1.34874,1.34883,1.34856,1.34863,433
1771941600,1.34862,1.34901,1.34822,1.34858,617
1771942500,1.34859,1.34860,1.34818,1.34833,498
1771943400,1.34834,1.34860,1.34811,1.34812,533
1771944300,1.34811,1.34904,1.34782,1.34888,871
1771945200,1.34886,1.34920,1.34851,1.34883,984
1771946100,1.34884,1.34891,1.34846,1.34865,748
1771947000,1.34863,1.34908,1.34815,1.34836,797
1771947900,1.34837,1.34873,1.34765,1.34861,819
1771948800,1.34859,1.34938,1.34799,1.34819,1010
1771949700,1.34820,1.34917,1.34803,1.34897,1085
1771950600,1.34896,1.34918,1.34827,1.34837,1703
1771951500,1.34842,1.34995,1.34822,1.34989,1479
1771952400,1.34989,1.35036,1.34913,1.35030,1586
1771953300,1.35031,1.35099,1.34978,1.35085,1440
1771954200,1.35085,1.35199,1.35074,1.35159,1467
1771955100,1.35160,1.35246,1.35134,1.35145,1319
1771956000,1.35145,1.35277,1.35134,1.35263,1004
1771956900,1.35262,1.35363,1.35252,1.35352,826
1771957800,1.35351,1.35359,1.35260,1.35315,912
1771958700,1.35313,1.35347,1.35284,1.35297,675
1771959600,1.35298,1.35303,1.35253,1.35253,624
1771960500,1.35254,1.35266,1.35155,1.35160,594
1771961400,1.35161,1.35187,1.35144,1.35167,447
1771962300,1.35168,1.35186,1.35145,1.35183,427
1771963200,1.35182,1.35198,1.35116,1.35133,525
1771964100,1.35134,1.35200,1.35129,1.35176,477
1771965000,1.35177,1.35193,1.35093,1.35095,385
1771965900,1.35096,1.35108,1.35063,1.35072,397
1771966800,1.35072,1.35085,1.35057,1.35076,522
1771967700,1.35076,1.35094,1.35027,1.35093,491
1771968600,1.35093,1.35125,1.35084,1.35085,430
1771969500,1.35086,1.35094,1.35007,1.35017,435
1771970400,1.35018,1.35028,1.34972,1.34992,320
1771971300,1.34992,1.35027,1.34964,1.35001,451
1771972200,1.34999,1.35088,1.34999,1.35069,386
1771973100,1.35069,1.35080,1.34974,1.34976,348
1771974000,1.34975,1.34996,1.34931,1.34940,305
1771974900,1.34941,1.34967,1.34937,1.34965,134
1771975800,1.34964,1.34969,1.34950,1.34969,100
1771976700,1.34968,1.34968,1.34926,1.34927,57
1771977600,1.34863,1.34945,1.34856,1.34941,58
1771978500,1.34941,1.34954,1.34940,1.34948,49
1771979400,1.34950,1.34954,1.34904,1.34913,79
1771980300,1.34913,1.34944,1.34902,1.34904,85
1771981200,1.34907,1.34951,1.34902,1.34949,269
1771982100,1.34949,1.34975,1.34945,1.34975,61
1771983000,1.34975,1.34977,1.34959,1.34959,38
1771983900,1.34959,1.34971,1.34954,1.34954,68
1771984800,1.34954,1.34965,1.34914,1.34940,176
1771985700,1.34939,1.34975,1.34937,1.34965,210
1771986600,1.34964,1.35040,1.34964,1.35020,788
1771987500,1.35019,1.35047,1.34979,1.35037,540
1771988400,1.35038,1.35047,1.35008,1.35025,646
1771989300,1.35026,1.35060,1.35005,1.35029,572
1771990200,1.35027,1.35067,1.35010,1.35037,475
1771991100,1.35038,1.35039,1.35007,1.35028,393
1771992000,1.35027,1.35117,1.35025,1.35117,472
1771992900,1.35118,1.35121,1.35086,1.35120,431
1771993800,1.35119,1.35194,1.35099,1.35176,863
1771994700,1.35178,1.35214,1.35147,1.35190,739
1771995600,1.35189,1.35215,1.35093,1.35102,1013
1771996500,1.35103,1.35126,1.35081,1.35110,977
1771997400,1.35109,1.35169,1.35100,1.35136,940
1771998300,1.35135,1.35165,1.35119,1.35128,674
1771999200,1.35126,1.35158,1.35116,1.35123,384
1772000100,1.35124,1.35175,1.35109,1.35171,376
1772001000,1.35170,1.35189,1.35156,1.35175,274
1772001900,1.35176,1.35189,1.35134,1.35166,286
1772002800,1.35166,1.35218,1.35157,1.35198,473
1772003700,1.35201,1.35209,1.35165,1.35191,272
1772004600,1.35190,1.35250,1.35180,1.35246,483
1772005500,1.35247,1.35249,1.35201,1.35217,380
1772006400,1.35217,1.35249,1.35180,1.35235,579
1772007300,1.35236,1.35268,1.35225,1.35254,484
1772008200,1.35255,1.35266,1.35227,1.35231,427
1772009100,1.35232,1.35265,1.35223,1.35255,376
1772010000,1.35257,1.35287,1.35235,1.35235,670
1772010900,1.35234,1.35237,1.35173,1.35210,506
1772011800,1.35211,1.35211,1.35154,1.35188,632
1772012700,1.35188,1.35300,1.35177,1.35265,661
1772013600,1.35266,1.35340,1.35157,1.35190,803
1772014500,1.35188,1.35242,1.35097,1.35109,690
1772015400,1.35112,1.35239,1.35112,1.35217,562
1772016300,1.35219,1.35237,1.35158,1.35167,530
1772017200,1.35166,1.35195,1.35125,1.35149,664
1772018100,1.35151,1.35218,1.35115,1.35135,744
1772019000,1.35137,1.35205,1.35108,1.35150,837
1772019900,1.35151,1.35196,1.35115,1.35177,742
1772020800,1.35178,1.35214,1.35168,1.35193,543
1772021700,1.35194,1.35194,1.35106,1.35106,451
1772022600,1.35105,1.35154,1.35064,1.35128,891
1772023500,1.35129,1.35137,1.35105,1.35112,365
1772024400,1.35111,1.35124,1.35044,1.35051,417
1772025300,1.35052,1.35052,1.34914,1.34926,773
1772026200,1.34923,1.34982,1.34910,1.34956,469
1772027100,1.34957,1.35056,1.34955,1.35052,441
1772028000,1.35051,1.35118,1.35035,1.35117,658
1772028900,1.35117,1.35137,1.35067,1.35115,572
1772029800,1.35114,1.35125,1.35075,1.35121,622
1772030700,1.35122,1.35239,1.35115,1.35226,707
1772031600,1.35226,1.35303,1.35204,1.35296,758
1772032500,1.35297,1.35355,1.35246,1.35246,847
1772033400,1.35245,1.35246,1.35178,1.35191,907
1772034300,1.35194,1.35222,1.35075,1.35080,909
1772035200,1.35081,1.35167,1.35065,1.35145,932
1772036100,1.35145,1.35211,1.35096,1.35175,732
1772037000,1.35175,1.35201,1.35117,1.35149,1355
1772037900,1.35151,1.35238,1.35151,1.35212,1007
1772038800,1.35215,1.35332,1.35177,1.35307,1074
1772039700,1.35306,1.35347,1.35253,1.35275,1340
1772040600,1.35274,1.35307,1.35234,1.35267,1271
1772041500,1.35267,1.35371,1.35203,1.35337,1663
1772042400,1.35338,1.35443,1.35321,1.35394,1244
1772043300,1.35395,1.35407,1.35319,1.35374,902
1772044200,1.35374,1.35461,1.35372,1.35404,882
1772045100,1.35405,1.35516,1.35397,1.35504,944
1772046000,1.35503,1.35607,1.35484,1.35593,910
1772046900,1.35594,1.35641,1.35584,1.35621,499
1772047800,1.35620,1.35660,1.35593,1.35625,473
1772048700,1.35625,1.35634,1.35543,1.35557,675
1772049600,1.35559,1.35602,1.35551,1.35580,502
1772050500,1.35579,1.35594,1.35523,1.35533,408
1772051400,1.35532,1.35554,1.35505,1.35508,306
1772052300,1.35509,1.35533,1.35506,1.35525,190
1772053200,1.35526,1.35558,1.35484,1.35544,344
1772054100,1.35539,1.35539,1.35479,1.35493,225
1772055000,1.35494,1.35526,1.35491,1.35520,273
1772055900,1.35520,1.35536,1.35502,1.35504,314
1772056800,1.35503,1.35525,1.35496,1.35497,264
1772057700,1.35496,1.35538,1.35496,1.35522,255
1772058600,1.35521,1.35559,1.35515,1.35537,257
1772059500,1.35537,1.35554,1.35517,1.35537,307
1772060400,1.35536,1.35565,1.35526,1.35552,164
1772061300,1.35551,1.35551,1.35518,1.35544,79
1772062200,1.35545,1.35586,1.35545,1.35586,151
1772063100,1.35586,1.35605,1.35569,1.35578,215
1772064000,1.35507,1.35511,1.35503,1.35509,8
1772064900,1.35510,1.35528,1.35456,1.35489,317
1772065800,1.35483,1.35519,1.35437,1.35474,215
1772066700,1.35473,1.35592,1.35473,1.35514,887
1772067600,1.35518,1.35588,1.35466,1.35571,1299
1772068500,1.35571,1.35591,1.35552,1.35583,135
1772069400,1.35582,1.35588,1.35558,1.35567,146
1772070300,1.35566,1.35588,1.35563,1.35575,174
1772071200,1.35575,1.35580,1.35534,1.35536,249
1772072100,1.35534,1.35582,1.35534,1.35558,236
1772073000,1.35558,1.35622,1.35536,1.35612,461
1772073900,1.35613,1.35639,1.35585,1.35637,516
1772074800,1.35636,1.35670,1.35625,1.35663,562
1772075700,1.35664,1.35725,1.35662,1.35669,588
1772076600,1.35668,1.35716,1.35646,1.35715,765
1772077500,1.35716,1.35738,1.35706,1.35734,626
1772078400,1.35734,1.35751,1.35694,1.35707,481
1772079300,1.35708,1.35719,1.35627,1.35627,477
1772080200,1.35624,1.35628,1.35555,1.35575,517
1772081100,1.35576,1.35647,1.35571,1.35640,402
1772082000,1.35638,1.35657,1.35627,1.35647,376
1772082900,1.35649,1.35659,1.35616,1.35623,455
1772083800,1.35622,1.35640,1.35586,1.35587,316
1772084700,1.35588,1.35588,1.35557,1.35560,326
1772085600,1.35559,1.35567,1.35515,1.35525,331
1772086500,1.35524,1.35531,1.35504,1.35508,324
1772087400,1.35507,1.35561,1.35496,1.35557,360
1772088300,1.35558,1.35587,1.35544,1.35583,298
1772089200,1.35581,1.35591,1.35549,1.35554,408
1772090100,1.35555,1.35598,1.35555,1.35578,359
1772091000,1.35579,1.35587,1.35540,1.35586,375
1772091900,1.35588,1.35625,1.35575,1.35607,690
1772092800,1.35605,1.35619,1.35564,1.35606,466
1772093700,1.35605,1.35623,1.35524,1.35526,420
1772094600,1.35527,1.35610,1.35527,1.35605,480
1772095500,1.35606,1.35616,1.35548,1.35556,503
1772096400,1.35557,1.35568,1.35474,1.35495,690
1772097300,1.35494,1.35551,1.35469,1.35485,834
1772098200,1.35480,1.35508,1.35463,1.35498,519
1772099100,1.35498,1.35499,1.35443,1.35467,887
1772100000,1.35466,1.35476,1.35310,1.35323,1241
1772100900,1.35323,1.35350,1.35233,1.35273,924
1772101800,1.35274,1.35310,1.35202,1.35239,777
1772102700,1.35238,1.35268,1.35218,1.35236,586
1772103600,1.35235,1.35276,1.35205,1.35241,651
1772104500,1.35243,1.35273,1.35187,1.35255,842
1772105400,1.35254,1.35335,1.35236,1.35286,596
1772106300,1.35287,1.35315,1.35271,1.35276,444
1772107200,1.35275,1.35280,1.35237,1.35265,390
1772108100,1.35266,1.35308,1.35247,1.35294,372
1772109000,1.35292,1.35347,1.35258,1.35317,510
1772109900,1.35318,1.35357,1.35314,1.35353,390
1772110800,1.35354,1.35427,1.35350,1.35406,623
1772111700,1.35406,1.35449,1.35398,1.35404,338
1772112600,1.35403,1.35404,1.35367,1.35373,345
1772113500,1.35372,1.35404,1.35287,1.35290,502
1772114400,1.35291,1.35364,1.35280,1.35364,487
1772115300,1.35366,1.35409,1.35365,1.35394,537
1772116200,1.35395,1.35421,1.35364,1.35406,326
1772117100,1.35405,1.35502,1.35372,1.35485,675
1772118000,1.35484,1.35547,1.35445,1.35517,926
1772118900,1.35519,1.35567,1.35509,1.35517,716
1772119800,1.35519,1.35519,1.35375,1.35394,1008
1772120700,1.35395,1.35443,1.35353,1.35367,856
1772121600,1.35365,1.35438,1.35333,1.35425,995
1772122500,1.35426,1.35456,1.35386,1.35438,644
1772123400,1.35440,1.35508,1.35415,1.35476,1616
1772124300,1.35477,1.35540,1.35445,1.35456,1736
1772125200,1.35455,1.35476,1.35383,1.35397,1774
1772126100,1.35395,1.35395,1.34999,1.35074,2362
1772127000,1.35073,1.35218,1.34975,1.35209,2086
1772127900,1.35210,1.35247,1.35107,1.35144,2149
1772128800,1.35143,1.35154,1.35014,1.35035,1494
1772129700,1.35036,1.35137,1.35024,1.35114,1178
1772130600,1.35111,1.35126,1.35003,1.35007,950
1772131500,1.35006,1.35026,1.34963,1.35026,988
1772132400,1.35025,1.35037,1.34934,1.34936,748
1772133300,1.34936,1.34948,1.34710,1.34714,982
1772134200,1.34713,1.34724,1.34660,1.34673,1257
1772135100,1.34674,1.34674,1.34490,1.34508,1216
1772136000,1.34508,1.34557,1.34452,1.34535,1285
1772136900,1.34536,1.34575,1.34495,1.34552,745
1772137800,1.34553,1.34695,1.34487,1.34631,1516
1772138700,1.34629,1.34657,1.34575,1.34651,824
1772139600,1.34655,1.34739,1.34628,1.34726,832
1772140500,1.34727,1.34788,1.34714,1.34788,461
1772141400,1.34787,1.34834,1.34764,1.34829,448
1772142300,1.34834,1.34897,1.34834,1.34873,507
1772143200,1.34872,1.34897,1.34862,1.34865,366
1772144100,1.34866,1.34888,1.34857,1.34884,272
1772145000,1.34883,1.34929,1.34883,1.34918,294
1772145900,1.34919,1.34927,1.34894,1.34915,380
1772146800,1.34916,1.34929,1.34898,1.34907,188
1772147700,1.34906,1.34910,1.34862,1.34873,109
1772148600,1.34873,1.34876,1.34825,1.34825,87
1772149500,1.34824,1.34851,1.34803,1.34849,94
1772150400,1.34782,1.34782,1.34767,1.34780,9
1772151300,1.34781,1.34787,1.34781,1.34786,16
1772152200,1.34786,1.34791,1.34768,1.34768,22
1772153100,1.34768,1.34789,1.34768,1.34781,66
1772154000,1.34780,1.34842,1.34780,1.34833,110
1772154900,1.34833,1.34854,1.34833,1.34851,84
1772155800,1.34851,1.34893,1.34851,1.34884,135
1772156700,1.34882,1.34911,1.34875,1.34911,128
1772157600,1.34911,1.34920,1.34878,1.34905,295
1772158500,1.34906,1.34938,1.34898,1.34923,256
1772159400,1.34924,1.34930,1.34843,1.34856,719
1772160300,1.34855,1.34903,1.34824,1.34858,798
1772161200,1.34857,1.34934,1.34853,1.34905,1041
1772162100,1.34906,1.34920,1.34836,1.34846,982
1772163000,1.34845,1.34885,1.34836,1.34851,922
1772163900,1.34853,1.34860,1.34766,1.34769,831
1772164800,1.34768,1.34833,1.34768,1.34827,638
1772165700,1.34828,1.34858,1.34807,1.34832,526
1772166600,1.34832,1.34859,1.34818,1.34833,474
1772167500,1.34829,1.34881,1.34822,1.34875,433
1772168400,1.34874,1.34911,1.34874,1.34894,390
1772169300,1.34893,1.34959,1.34892,1.34953,477
1772170200,1.34953,1.34956,1.34915,1.34921,338
1772171100,1.34922,1.34951,1.34916,1.34917,379
1772172000,1.34916,1.34939,1.34913,1.34933,334
1772172900,1.34934,1.34965,1.34901,1.34964,386
1772173800,1.34965,1.35012,1.34944,1.34982,357
1772174700,1.34983,1.34986,1.34948,1.34962,283
1772175600,1.34961,1.34967,1.34881,1.34915,466
1772176500,1.34916,1.34934,1.34894,1.34933,353
1772177400,1.34930,1.34940,1.34877,1.34889,491
1772178300,1.34890,1.34937,1.34890,1.34897,547
1772179200,1.34897,1.34915,1.34851,1.34854,478
1772180100,1.34859,1.34864,1.34692,1.34715,700
1772181000,1.34714,1.34752,1.34672,1.34736,686
1772181900,1.34737,1.34769,1.34674,1.34698,682
1772182800,1.34697,1.34700,1.34618,1.34626,759
1772183700,1.34629,1.34791,1.34616,1.34786,540
1772184600,1.34785,1.34824,1.34714,1.34814,795
1772185500,1.34818,1.34959,1.34818,1.34879,1059
1772186400,1.34881,1.35080,1.34878,1.34955,1376
1772187300,1.34956,1.34993,1.34921,1.34926,889
1772188200,1.34924,1.34946,1.34875,1.34934,722
1772189100,1.34935,1.35011,1.34926,1.34963,656
1772190000,1.34961,1.34979,1.34913,1.34917,828
1772190900,1.34916,1.34974,1.34887,1.34920,656
1772191800,1.34919,1.34941,1.34833,1.34857,495
1772192700,1.34858,1.34897,1.34824,1.34846,827
1772193600,1.34847,1.34866,1.34750,1.34785,789
1772194500,1.34783,1.34833,1.34758,1.34807,723
1772195400,1.34806,1.34829,1.34763,1.34793,540
1772196300,1.34791,1.34794,1.34731,1.34753,483
1772197200,1.34754,1.34770,1.34677,1.34745,546
1772198100,1.34744,1.34796,1.34708,1.34794,574
1772199000,1.34795,1.34814,1.34764,1.34769,516
1772199900,1.34769,1.34774,1.34652,1.34662,854
1772200800,1.34663,1.34783,1.34662,1.34740,837
1772201700,1.34741,1.34783,1.34714,1.34755,606
1772202600,1.34754,1.34792,1.34700,1.34703,529
1772203500,1.34701,1.34717,1.34663,1.34708,603
1772204400,1.34707,1.34737,1.34619,1.34705,988
1772205300,1.34706,1.34726,1.34555,1.34585,1064
1772206200,1.34589,1.34602,1.34406,1.34495,2450
1772207100,1.34497,1.34544,1.34396,1.34446,1443
1772208000,1.34447,1.34586,1.34420,1.34555,1398
1772208900,1.34554,1.34666,1.34545,1.34628,1264
1772209800,1.34629,1.34766,1.34601,1.34705,1695
1772210700,1.34705,1.34705,1.34481,1.34499,1536
1772211600,1.34498,1.34614,1.34462,1.34535,2228
1772212500,1.34538,1.34593,1.34486,1.34582,1663
1772213400,1.34581,1.34725,1.34566,1.34687,1311
1772214300,1.34688,1.34702,1.34432,1.34437,2114
1772215200,1.34438,1.34562,1.34411,1.34554,1614
1772216100,1.34551,1.34631,1.34544,1.34587,1016
1772217000,1.34586,1.34686,1.34536,1.34537,1636
1772217900,1.34538,1.34576,1.34514,1.34546,917
1772218800,1.34547,1.34596,1.34494,1.34527,999
1772219700,1.34528,1.34595,1.34517,1.34587,923
1772220600,1.34590,1.34689,1.34573,1.34644,1176
1772221500,1.34645,1.34645,1.34579,1.34600,695
1772222400,1.34599,1.34662,1.34598,1.34626,569
1772223300,1.34624,1.34686,1.34620,1.34678,657
1772224200,1.34681,1.34717,1.34664,1.34703,612
1772225100,1.34701,1.34737,1.34669,1.34727,501
1772226000,1.34726,1.34749,1.34711,1.34716,441
1772226900,1.34711,1.34809,1.34709,1.34807,490
1772227800,1.34806,1.34828,1.34780,1.34800,490
1772228700,1.34801,1.34825,1.34783,1.34809,410
1772229600,1.34813,1.34862,1.34809,1.34845,338
1772230500,1.34846,1.34899,1.34843,1.34881,459
1772231400,1.34879,1.34906,1.34864,1.34887,504
1772232300,1.34889,1.34889,1.34761,1.34774,724
1772233200,1.34759,1.34768,1.34733,1.34746,744
1772234100,1.34746,1.34786,1.34737,1.34756,358
1772235000,1.34755,1.34793,1.34725,1.34727,355
1772235900,1.34726,1.34847,1.34709,1.34776,552
